momento;dd_Valor;ff_Valor
01-01-2011 12:00;30.0;4.0
01-01-2011 15:00;30.0;4.0
01-01-2011 18:00;240.0;3.0
01-01-2011 21:00;210.0;4.0
02-01-2011 12:00;0.0;0.0
02-01-2011 15:00;360.0;4.0
02-01-2011 18:00;60.0;6.0
02-01-2011 21:00;240.0;7.0
03-01-2011 12:00;60.0;3.0
03-01-2011 15:00;330.0;12.0
03-01-2011 18:00;360.0;6.0
03-01-2011 21:00;260.0;7.0
04-01-2011 12:00;90.0;3.0
04-01-2011 15:00;330.0;4.0
04-01-2011 18:00;280.0;4.0
04-01-2011 21:00;240.0;6.0
05-01-2011 12:00;210.0;11.0
05-01-2011 15:00;180.0;8.0
05-01-2011 18:00;210.0;12.0
05-01-2011 21:00;180.0;12.0
06-01-2011 12:00;240.0;5.0
06-01-2011 15:00;360.0;4.0
06-01-2011 18:00;360.0;5.0
06-01-2011 21:00;180.0;2.0
07-01-2011 12:00;360.0;5.0
07-01-2011 15:00;300.0;3.0
07-01-2011 18:00;30.0;4.0
07-01-2011 21:00;150.0;4.0
08-01-2011 12:00;180.0;4.0
08-01-2011 15:00;180.0;5.0
08-01-2011 18:00;210.0;7.0
08-01-2011 21:00;180.0;10.0
09-01-2011 12:00;180.0;4.0
09-01-2011 15:00;330.0;4.0
09-01-2011 18:00;270.0;3.0
09-01-2011 21:00;360.0;10.0
10-01-2011 12:00;180.0;4.0
10-01-2011 15:00;360.0;4.0
10-01-2011 18:00;240.0;6.0
10-01-2011 21:00;270.0;6.0
11-01-2011 12:00;210.0;3.0
11-01-2011 15:00;180.0;4.0
11-01-2011 18:00;210.0;4.0
11-01-2011 21:00;240.0;3.0
12-01-2011 12:00;180.0;6.0
12-01-2011 15:00;210.0;7.0
12-01-2011 18:00;180.0;6.0
12-01-2011 21:00;180.0;6.0
13-01-2011 12:00;210.0;5.0
13-01-2011 15:00;240.0;3.0
13-01-2011 18:00;240.0;6.0
14-01-2011 12:00;210.0;5.0
14-01-2011 15:00;180.0;3.0
14-01-2011 18:00;300.0;8.0
17-01-2011 12:00;210.0;4.0
17-01-2011 15:00;210.0;12.0
17-01-2011 18:00;210.0;12.0
18-01-2011 12:00;180.0;3.0
18-01-2011 15:00;240.0;5.0
18-01-2011 18:00;280.0;6.0
19-01-2011 12:00;150.0;1.0
19-01-2011 15:00;180.0;8.0
19-01-2011 18:00;180.0;10.0
20-01-2011 12:00;180.0;8.0
20-01-2011 15:00;180.0;10.0
20-01-2011 18:00;180.0;12.0
21-01-2011 12:00;210.0;9.0
21-01-2011 15:00;210.0;12.0
21-01-2011 18:00;180.0;10.0
24-01-2011 12:00;270.0;2.0
24-01-2011 15:00;30.0;7.0
24-01-2011 18:00;300.0;3.0
25-01-2011 12:00;210.0;5.0
25-01-2011 15:00;240.0;4.0
25-01-2011 18:00;270.0;4.0
26-01-2011 12:00;210.0;3.0
26-01-2011 15:00;210.0;4.0
26-01-2011 18:00;150.0;4.0
27-01-2011 12:00;180.0;5.0
27-01-2011 15:00;210.0;12.0
27-01-2011 18:00;210.0;10.0
28-01-2011 12:00;180.0;10.0
28-01-2011 15:00;180.0;10.0
28-01-2011 18:00;200.0;9.0
31-01-2011 12:00;210.0;15.0
31-01-2011 15:00;180.0;8.0
31-01-2011 18:00;210.0;10.0
01-02-2011 12:00;210.0;6.0
01-02-2011 15:00;210.0;5.0
01-02-2011 18:00;220.0;4.0
02-02-2011 12:00;60.0;2.0
02-02-2011 15:00;240.0;5.0
02-02-2011 18:00;220.0;5.0
03-02-2011 12:00;180.0;10.0
03-02-2011 15:00;210.0;14.0
03-02-2011 18:00;210.0;10.0
03-02-2011 21:00;180.0;13.0
04-02-2011 12:00;180.0;10.0
04-02-2011 15:00;180.0;10.0
04-02-2011 18:00;180.0;12.0
04-02-2011 21:00;210.0;16.0
05-02-2011 12:00;210.0;8.0
05-02-2011 15:00;200.0;12.0
05-02-2011 18:00;210.0;5.0
05-02-2011 21:00;210.0;7.0
06-02-2011 12:00;0.0;0.0
06-02-2011 15:00;360.0;2.0
06-02-2011 18:00;240.0;5.0
06-02-2011 21:00;320.0;5.0
07-02-2011 12:00;0.0;0.0
07-02-2011 15:00;180.0;2.0
07-02-2011 18:00;210.0;4.0
07-02-2011 21:00;210.0;5.0
08-02-2011 12:00;80.0;2.0
08-02-2011 15:00;320.0;2.0
08-02-2011 18:00;310.0;4.0
08-02-2011 21:00;250.0;7.0
09-02-2011 12:00;330.0;3.0
09-02-2011 15:00;30.0;5.0
09-02-2011 18:00;360.0;2.0
09-02-2011 21:00;130.0;2.0
10-02-2011 12:00;360.0;3.0
10-02-2011 15:00;30.0;8.0
10-02-2011 18:00;360.0;5.0
10-02-2011 21:00;30.0;10.0
11-02-2011 12:00;0.0;0.0
11-02-2011 15:00;30.0;5.0
11-02-2011 18:00;360.0;4.0
11-02-2011 21:00;330.0;3.0
12-02-2011 12:00;20.0;12.0
12-02-2011 15:00;360.0;7.0
12-02-2011 18:00;360.0;12.0
12-02-2011 21:00;360.0;8.0
13-02-2011 12:00;210.0;3.0
13-02-2011 15:00;210.0;10.0
13-02-2011 18:00;180.0;15.0
13-02-2011 21:00;180.0;14.0
14-02-2011 12:00;180.0;5.0
14-02-2011 15:00;210.0;4.0
14-02-2011 18:00;210.0;6.0
14-02-2011 21:00;180.0;5.0
15-02-2011 12:00;0.0;0.0
15-02-2011 15:00;360.0;5.0
15-02-2011 18:00;360.0;4.0
15-02-2011 21:00;210.0;4.0
16-02-2011 12:00;330.0;2.0
16-02-2011 15:00;260.0;3.0
16-02-2011 18:00;30.0;4.0
16-02-2011 21:00;30.0;10.0
17-02-2011 12:00;210.0;2.0
17-02-2011 15:00;210.0;7.0
17-02-2011 18:00;180.0;7.0
17-02-2011 21:00;180.0;8.0
18-02-2011 12:00;180.0;4.0
18-02-2011 15:00;210.0;5.0
18-02-2011 18:00;210.0;6.0
18-02-2011 21:00;240.0;3.0
19-02-2011 12:00;30.0;8.0
19-02-2011 15:00;360.0;8.0
19-02-2011 18:00;360.0;8.0
19-02-2011 21:00;90.0;3.0
20-02-2011 12:00;30.0;2.0
20-02-2011 15:00;360.0;10.0
20-02-2011 18:00;360.0;2.0
20-02-2011 21:00;360.0;10.0
21-02-2011 12:00;0.0;0.0
21-02-2011 15:00;300.0;5.0
21-02-2011 18:00;180.0;5.0
21-02-2011 21:00;240.0;3.0
22-02-2011 12:00;360.0;2.0
22-02-2011 15:00;270.0;4.0
22-02-2011 18:00;180.0;8.0
22-02-2011 21:00;180.0;3.0
23-02-2011 12:00;180.0;9.0
23-02-2011 15:00;180.0;4.0
23-02-2011 18:00;180.0;9.0
23-02-2011 21:00;180.0;8.0
24-02-2011 12:00;180.0;12.0
24-02-2011 15:00;20.0;4.0
24-02-2011 18:00;320.0;4.0
24-02-2011 21:00;30.0;4.0
25-02-2011 12:00;0.0;0.0
25-02-2011 15:00;300.0;3.0
25-02-2011 18:00;300.0;3.0
25-02-2011 21:00;300.0;4.0
26-02-2011 12:00;30.0;2.0
26-02-2011 15:00;0.0;0.0
26-02-2011 18:00;270.0;5.0
26-02-2011 21:00;330.0;5.0
27-02-2011 12:00;210.0;4.0
27-02-2011 15:00;180.0;2.0
27-02-2011 18:00;210.0;4.0
27-02-2011 21:00;240.0;4.0
28-02-2011 12:00;0.0;0.0
28-02-2011 15:00;330.0;2.0
28-02-2011 18:00;300.0;5.0
28-02-2011 21:00;240.0;8.0
10-05-2011 12:00;360.0;3.0
01-06-2011 13:00;30.0;6.0
01-06-2011 14:00;360.0;4.0
01-06-2011 14:05;360.0;2.0
01-06-2011 15:00;30.0;6.0
01-06-2011 15:25;360.0;10.0
01-06-2011 16:00;30.0;10.0
01-06-2011 17:00;360.0;6.0
01-06-2011 18:00;360.0;1.0
01-06-2011 19:00;360.0;5.0
01-06-2011 20:00;30.0;3.0
01-06-2011 21:00;30.0;5.0
01-06-2011 22:00;60.0;5.0
02-06-2011 13:00;0.0;0.0
02-06-2011 14:00;60.0;2.0
02-06-2011 15:00;60.0;4.0
02-06-2011 16:00;360.0;5.0
02-06-2011 17:00;36.0;5.0
02-06-2011 18:00;60.0;4.0
02-06-2011 19:00;360.0;4.0
02-06-2011 20:00;360.0;4.0
02-06-2011 21:00;30.0;2.0
02-06-2011 22:00;360.0;4.0
03-06-2011 13:00;60.0;3.0
03-06-2011 14:00;0.0;0.0
03-06-2011 15:00;0.0;0.0
03-06-2011 16:00;180.0;2.0
03-06-2011 17:00;;
03-06-2011 18:00;210.0;4.0
03-06-2011 19:00;210.0;2.0
03-06-2011 20:00;210.0;3.0
03-06-2011 21:00;210.0;2.0
03-06-2011 22:00;0.0;0.0
04-06-2011 13:00;30.0;4.0
04-06-2011 14:00;30.0;3.0
04-06-2011 15:00;360.0;10.0
04-06-2011 16:00;360.0;10.0
04-06-2011 17:00;360.0;8.0
04-06-2011 18:00;30.0;10.0
04-06-2011 19:00;360.0;6.0
04-06-2011 20:00;360.0;3.0
04-06-2011 21:00;30.0;2.0
04-06-2011 22:00;40.0;1.0
05-06-2011 12:00;;
05-06-2011 13:00;60.0;2.0
05-06-2011 14:00;30.0;2.0
05-06-2011 15:00;30.0;7.0
05-06-2011 16:00;360.0;5.0
05-06-2011 17:00;360.0;3.0
05-06-2011 18:00;360.0;6.0
05-06-2011 19:00;360.0;3.0
05-06-2011 20:00;360.0;2.0
05-06-2011 21:00;360.0;6.0
05-06-2011 22:00;360.0;10.0
06-06-2011 12:00;;
06-06-2011 13:00;;
06-06-2011 14:00;360.0;5.0
06-06-2011 15:00;36.0;8.0
06-06-2011 16:00;360.0;3.0
06-06-2011 17:00;360.0;15.0
06-06-2011 18:00;360.0;12.0
06-06-2011 19:00;360.0;8.0
06-06-2011 20:00;360.0;12.0
06-06-2011 21:00;360.0;12.0
06-06-2011 22:00;360.0;6.0
07-06-2011 13:00;360.0;11.0
07-06-2011 14:00;360.0;14.0
07-06-2011 15:00;360.0;14.0
07-06-2011 16:00;360.0;16.0
07-06-2011 17:00;360.0;8.0
07-06-2011 18:00;360.0;14.0
07-06-2011 19:00;330.0;6.0
07-06-2011 20:00;330.0;9.0
07-06-2011 21:00;360.0;4.0
07-06-2011 22:00;360.0;4.0
08-06-2011 13:00;330.0;2.0
08-06-2011 14:00;360.0;5.0
08-06-2011 15:00;330.0;4.0
08-06-2011 16:00;360.0;8.0
08-06-2011 17:00;300.0;8.0
08-06-2011 18:00;270.0;3.0
08-06-2011 19:00;280.0;3.0
08-06-2011 20:00;330.0;5.0
08-06-2011 21:00;270.0;2.0
08-06-2011 22:00;0.0;0.0
09-06-2011 13:00;330.0;1.0
09-06-2011 14:00;330.0;3.0
09-06-2011 15:00;360.0;4.0
09-06-2011 16:00;30.0;3.0
09-06-2011 17:00;90.0;3.0
09-06-2011 18:00;60.0;3.0
09-06-2011 19:00;30.0;3.0
09-06-2011 20:00;30.0;2.0
09-06-2011 21:00;0.0;0.0
09-06-2011 22:00;0.0;0.0
10-06-2011 13:00;30.0;2.0
10-06-2011 14:00;30.0;3.0
10-06-2011 15:00;360.0;4.0
10-06-2011 16:00;360.0;4.0
10-06-2011 17:00;0.0;0.0
10-06-2011 18:00;360.0;4.0
10-06-2011 19:00;330.0;2.0
10-06-2011 20:00;330.0;2.0
10-06-2011 21:00;360.0;5.0
10-06-2011 22:00;360.0;3.0
11-06-2011 13:00;0.0;0.0
11-06-2011 14:00;210.0;2.0
11-06-2011 15:00;60.0;3.0
11-06-2011 16:00;360.0;2.0
11-06-2011 17:00;0.0;0.0
11-06-2011 18:00;360.0;4.0
11-06-2011 19:00;0.0;0.0
11-06-2011 20:00;360.0;2.0
11-06-2011 21:00;330.0;3.0
11-06-2011 22:00;0.0;0.0
12-06-2011 13:00;180.0;1.0
12-06-2011 14:00;180.0;2.0
12-06-2011 15:00;180.0;5.0
12-06-2011 16:00;180.0;10.0
12-06-2011 17:00;180.0;10.0
12-06-2011 18:00;210.0;8.0
12-06-2011 19:00;180.0;12.0
12-06-2011 20:00;210.0;8.0
12-06-2011 21:00;210.0;8.0
12-06-2011 22:00;210.0;5.0
13-06-2011 13:00;0.0;0.0
13-06-2011 14:00;180.0;3.0
13-06-2011 15:00;220.0;3.0
13-06-2011 16:00;210.0;6.0
13-06-2011 17:00;210.0;6.0
13-06-2011 18:00;210.0;4.0
13-06-2011 19:00;240.0;3.0
13-06-2011 20:00;210.0;4.0
13-06-2011 21:00;210.0;3.0
13-06-2011 22:00;240.0;3.0
14-06-2011 13:00;0.0;0.0
14-06-2011 14:00;30.0;2.0
14-06-2011 15:00;30.0;2.0
14-06-2011 16:00;300.0;3.0
14-06-2011 17:00;300.0;3.0
14-06-2011 18:00;0.0;0.0
14-06-2011 19:00;0.0;0.0
14-06-2011 20:00;40.0;2.0
14-06-2011 21:00;0.0;0.0
14-06-2011 22:00;0.0;0.0
15-06-2011 13:00;0.0;0.0
15-06-2011 14:00;360.0;3.0
15-06-2011 15:00;360.0;6.0
15-06-2011 16:00;360.0;8.0
15-06-2011 17:00;360.0;8.0
15-06-2011 18:00;360.0;8.0
15-06-2011 19:00;360.0;4.0
15-06-2011 20:00;90.0;2.0
15-06-2011 21:00;90.0;4.0
15-06-2011 22:00;90.0;4.0
16-06-2011 13:00;360.0;5.0
16-06-2011 14:00;360.0;6.0
16-06-2011 15:00;360.0;7.0
16-06-2011 16:00;360.0;11.0
16-06-2011 17:00;;
16-06-2011 18:00;360.0;8.0
16-06-2011 19:00;36.0;9.0
16-06-2011 20:00;360.0;9.0
16-06-2011 21:00;360.0;8.0
16-06-2011 22:00;360.0;6.0
17-06-2011 13:00;360.0;5.0
17-06-2011 14:00;360.0;9.0
17-06-2011 15:00;360.0;11.0
17-06-2011 16:00;360.0;10.0
17-06-2011 17:00;360.0;8.0
17-06-2011 18:00;360.0;10.0
17-06-2011 19:00;360.0;10.0
17-06-2011 20:00;360.0;10.0
17-06-2011 21:00;360.0;10.0
17-06-2011 22:00;360.0;10.0
18-06-2011 15:00;;
20-06-2011 13:00;30.0;11.0
20-06-2011 14:00;30.0;13.0
20-06-2011 15:00;30.0;12.0
20-06-2011 16:00;360.0;12.0
20-06-2011 17:00;360.0;12.0
20-06-2011 18:00;360.0;10.0
20-06-2011 19:00;360.0;6.0
20-06-2011 20:00;0.0;0.0
20-06-2011 21:00;90.0;2.0
20-06-2011 22:00;90.0;6.0
21-06-2011 13:00;60.0;5.0
21-06-2011 14:00;360.0;10.0
21-06-2011 15:00;30.0;6.0
21-06-2011 16:00;360.0;8.0
21-06-2011 17:00;360.0;5.0
21-06-2011 18:00;360.0;6.0
21-06-2011 19:00;360.0;4.0
21-06-2011 20:00;360.0;4.0
21-06-2011 21:00;0.0;0.0
21-06-2011 22:00;0.0;0.0
22-06-2011 13:00;60.0;2.0
22-06-2011 14:00;180.0;3.0
22-06-2011 15:00;0.0;0.0
22-06-2011 16:00;210.0;5.0
22-06-2011 17:00;210.0;4.0
22-06-2011 18:00;180.0;4.0
22-06-2011 19:00;90.0;2.0
22-06-2011 20:00;360.0;3.0
22-06-2011 21:00;30.0;2.0
22-06-2011 22:00;0.0;0.0
23-06-2011 13:00;0.0;0.0
23-06-2011 14:00;0.0;0.0
23-06-2011 15:00;210.0;6.0
23-06-2011 16:00;180.0;5.0
23-06-2011 17:00;210.0;4.0
23-06-2011 18:00;180.0;6.0
23-06-2011 19:00;210.0;4.0
23-06-2011 20:00;180.0;6.0
23-06-2011 21:00;210.0;5.0
23-06-2011 22:00;0.0;0.0
24-06-2011 13:00;210.0;8.0
24-06-2011 14:00;210.0;14.0
24-06-2011 15:00;190.0;13.0
24-06-2011 16:00;180.0;8.0
24-06-2011 17:00;190.0;9.0
24-06-2011 18:00;190.0;9.0
24-06-2011 19:00;180.0;7.0
24-06-2011 20:00;210.0;7.0
24-06-2011 21:00;190.0;7.0
24-06-2011 22:00;180.0;12.0
25-06-2011 13:00;180.0;6.0
25-06-2011 14:00;180.0;7.0
25-06-2011 15:00;200.0;8.0
25-06-2011 16:00;180.0;6.0
25-06-2011 17:00;180.0;8.0
25-06-2011 18:00;180.0;8.0
25-06-2011 19:00;210.0;7.0
25-06-2011 20:00;180.0;12.0
25-06-2011 21:00;210.0;7.0
25-06-2011 22:00;210.0;8.0
26-06-2011 13:00;210.0;3.0
26-06-2011 14:00;210.0;6.0
26-06-2011 15:00;210.0;10.0
26-06-2011 16:00;210.0;10.0
26-06-2011 17:00;180.0;9.0
26-06-2011 18:00;180.0;8.0
26-06-2011 19:00;210.0;8.0
26-06-2011 20:00;180.0;8.0
26-06-2011 21:00;180.0;4.0
26-06-2011 22:00;180.0;8.0
27-06-2011 13:00;0.0;0.0
27-06-2011 14:00;360.0;4.0
27-06-2011 15:00;180.0;4.0
27-06-2011 16:00;180.0;10.0
27-06-2011 17:00;180.0;8.0
27-06-2011 18:00;190.0;11.0
27-06-2011 19:00;190.0;8.0
27-06-2011 20:00;180.0;14.0
27-06-2011 21:00;180.0;14.0
27-06-2011 22:00;180.0;4.0
28-06-2011 13:00;360.0;2.0
28-06-2011 14:00;0.0;0.0
28-06-2011 15:00;30.0;8.0
28-06-2011 16:00;360.0;7.0
28-06-2011 17:00;10.0;8.0
28-06-2011 18:00;360.0;8.0
28-06-2011 19:00;360.0;8.0
28-06-2011 20:00;30.0;4.0
28-06-2011 21:00;20.0;7.0
28-06-2011 22:00;10.0;6.0
29-06-2011 13:00;340.0;6.0
29-06-2011 14:00;320.0;5.0
29-06-2011 15:00;280.0;6.0
29-06-2011 16:00;260.0;6.0
29-06-2011 17:00;270.0;7.0
29-06-2011 18:00;210.0;8.0
29-06-2011 19:00;220.0;10.0
29-06-2011 20:00;240.0;4.0
29-06-2011 21:00;240.0;6.0
29-06-2011 22:00;210.0;6.0
30-06-2011 13:00;0.0;0.0
30-06-2011 14:00;0.0;0.0
30-06-2011 15:00;0.0;0.0
30-06-2011 16:00;240.0;3.0
30-06-2011 17:00;210.0;4.0
30-06-2011 18:00;240.0;6.0
30-06-2011 19:00;190.0;7.0
30-06-2011 20:00;210.0;6.0
30-06-2011 21:00;180.0;5.0
30-06-2011 22:00;210.0;6.0
01-07-2011 12:00;;
01-07-2011 13:00;210.0;7.0
01-07-2011 14:00;210.0;9.0
01-07-2011 15:00;200.0;9.0
01-07-2011 16:00;210.0;12.0
01-07-2011 17:00;210.0;12.0
01-07-2011 18:00;190.0;11.0
01-07-2011 19:00;180.0;14.0
01-07-2011 20:00;180.0;15.0
01-07-2011 21:00;180.0;8.0
01-07-2011 22:00;210.0;9.0
02-07-2011 0:00;;
02-07-2011 12:00;;
02-07-2011 13:00;0.0;0.0
02-07-2011 14:00;90.0;2.0
02-07-2011 15:00;180.0;2.0
02-07-2011 16:00;0.0;0.0
02-07-2011 17:00;180.0;2.0
02-07-2011 17:27;180.0;2.0
02-07-2011 18:00;180.0;4.0
02-07-2011 19:00;210.0;3.0
02-07-2011 20:00;210.0;2.0
02-07-2011 21:00;210.0;2.0
02-07-2011 22:00;0.0;0.0
03-07-2011 0:00;;
03-07-2011 6:00;;
03-07-2011 12:00;;
03-07-2011 13:00;210.0;4.0
03-07-2011 14:00;180.0;7.0
03-07-2011 15:00;210.0;4.0
03-07-2011 16:00;210.0;5.0
03-07-2011 17:00;210.0;5.0
03-07-2011 18:00;210.0;4.0
03-07-2011 19:00;210.0;6.0
03-07-2011 20:00;210.0;8.0
03-07-2011 21:00;210.0;4.0
03-07-2011 22:00;0.0;0.0
04-07-2011 0:00;;
04-07-2011 6:00;;
04-07-2011 12:00;;
04-07-2011 13:00;;
04-07-2011 14:00;70.0;1.0
04-07-2011 15:00;360.0;1.0
04-07-2011 16:00;360.0;3.0
04-07-2011 17:00;360.0;2.0
04-07-2011 18:00;290.0;1.0
04-07-2011 19:00;30.0;2.0
04-07-2011 20:00;0.0;0.0
04-07-2011 21:00;0.0;0.0
04-07-2011 22:00;180.0;2.0
05-07-2011 0:00;;
05-07-2011 6:00;;
05-07-2011 12:00;;
05-07-2011 13:00;100.0;2.0
05-07-2011 14:00;0.0;0.0
05-07-2011 15:00;180.0;2.0
05-07-2011 16:00;0.0;0.0
05-07-2011 17:00;210.0;4.0
05-07-2011 18:00;210.0;4.0
05-07-2011 19:00;0.0;0.0
05-07-2011 20:00;0.0;0.0
05-07-2011 21:00;210.0;4.0
05-07-2011 22:00;210.0;2.0
06-07-2011 0:00;;
06-07-2011 12:00;;
06-07-2011 13:00;30.0;3.0
06-07-2011 14:00;50.0;3.0
06-07-2011 15:00;120.0;2.0
06-07-2011 16:00;120.0;2.0
06-07-2011 17:00;210.0;3.0
06-07-2011 18:00;180.0;3.0
06-07-2011 19:00;210.0;4.0
06-07-2011 20:00;180.0;3.0
06-07-2011 21:00;120.0;2.0
06-07-2011 22:00;30.0;3.0
07-07-2011 0:00;;
07-07-2011 12:00;;
07-07-2011 13:00;60.0;1.0
07-07-2011 14:00;330.0;2.0
07-07-2011 15:00;360.0;3.0
07-07-2011 16:00;20.0;4.0
07-07-2011 17:00;20.0;2.0
07-07-2011 18:00;30.0;3.0
07-07-2011 19:00;30.0;4.0
07-07-2011 20:00;30.0;3.0
07-07-2011 21:00;30.0;3.0
07-07-2011 22:00;120.0;3.0
08-07-2011 0:00;;
08-07-2011 12:00;;
08-07-2011 13:00;360.0;5.0
08-07-2011 14:00;36.0;7.0
08-07-2011 15:00;360.0;10.0
08-07-2011 16:00;360.0;6.0
08-07-2011 17:00;360.0;4.0
08-07-2011 18:00;360.0;6.0
08-07-2011 19:00;360.0;9.0
08-07-2011 20:00;360.0;8.0
08-07-2011 21:00;30.0;2.0
08-07-2011 22:00;120.0;5.0
09-07-2011 0:00;;
09-07-2011 12:00;;
09-07-2011 13:00;360.0;12.0
09-07-2011 14:00;360.0;10.0
09-07-2011 15:00;360.0;10.0
09-07-2011 16:00;360.0;9.0
09-07-2011 17:00;360.0;11.0
09-07-2011 18:00;360.0;12.0
09-07-2011 19:00;360.0;5.0
09-07-2011 20:00;360.0;10.0
09-07-2011 21:00;360.0;8.0
09-07-2011 22:00;360.0;6.0
10-07-2011 0:00;;
10-07-2011 12:00;;
10-07-2011 13:00;0.0;0.0
10-07-2011 14:00;30.0;4.0
10-07-2011 15:00;240.0;1.0
10-07-2011 16:00;0.0;0.0
10-07-2011 17:00;250.0;4.0
10-07-2011 18:00;240.0;3.0
10-07-2011 19:00;210.0;4.0
10-07-2011 20:00;30.0;2.0
10-07-2011 21:00;0.0;0.0
10-07-2011 22:00;0.0;0.0
11-07-2011 0:00;;
11-07-2011 12:00;;
11-07-2011 13:00;30.0;12.0
11-07-2011 14:00;30.0;17.0
11-07-2011 15:00;360.0;15.0
11-07-2011 16:00;10.0;22.0
11-07-2011 17:00;360.0;18.0
11-07-2011 18:00;360.0;15.0
11-07-2011 19:00;360.0;5.0
11-07-2011 20:00;360.0;12.0
11-07-2011 21:00;310.0;4.0
11-07-2011 22:00;330.0;8.0
12-07-2011 0:00;;
12-07-2011 12:00;;
12-07-2011 13:00;360.0;7.0
12-07-2011 14:00;360.0;5.0
12-07-2011 15:00;360.0;6.0
12-07-2011 16:00;330.0;6.0
12-07-2011 17:00;330.0;5.0
12-07-2011 18:00;360.0;2.0
12-07-2011 19:00;360.0;5.0
12-07-2011 20:00;360.0;5.0
12-07-2011 21:00;330.0;3.0
12-07-2011 22:00;330.0;2.0
13-07-2011 0:00;;
13-07-2011 12:00;;
13-07-2011 13:00;30.0;4.0
13-07-2011 14:00;0.0;0.0
13-07-2011 15:00;360.0;3.0
13-07-2011 16:00;360.0;4.0
13-07-2011 17:00;360.0;8.0
13-07-2011 18:00;360.0;9.0
13-07-2011 19:00;360.0;11.0
13-07-2011 20:00;360.0;7.0
13-07-2011 21:00;360.0;6.0
13-07-2011 22:00;360.0;8.0
14-07-2011 0:00;;
14-07-2011 12:00;;
14-07-2011 13:00;60.0;2.0
14-07-2011 14:00;60.0;6.0
14-07-2011 15:00;30.0;8.0
14-07-2011 16:00;30.0;9.0
14-07-2011 17:00;30.0;13.0
14-07-2011 18:00;30.0;13.0
14-07-2011 19:00;360.0;20.0
14-07-2011 20:00;300.0;9.0
14-07-2011 21:00;330.0;5.0
14-07-2011 22:00;360.0;8.0
15-07-2011 0:00;;
15-07-2011 12:00;;
15-07-2011 13:00;360.0;5.0
15-07-2011 14:00;330.0;3.0
15-07-2011 15:00;330.0;5.0
15-07-2011 16:00;360.0;2.0
15-07-2011 17:00;30.0;3.0
15-07-2011 18:00;350.0;7.0
15-07-2011 19:00;360.0;7.0
15-07-2011 20:00;360.0;4.0
15-07-2011 21:00;300.0;4.0
15-07-2011 22:00;280.0;2.0
16-07-2011 0:00;;
16-07-2011 12:00;;
16-07-2011 13:00;360.0;8.0
16-07-2011 14:00;330.0;8.0
16-07-2011 15:00;360.0;8.0
16-07-2011 16:00;360.0;9.0
16-07-2011 17:00;330.0;4.0
16-07-2011 18:00;360.0;8.0
16-07-2011 19:00;360.0;10.0
16-07-2011 20:00;210.0;6.0
16-07-2011 21:00;330.0;6.0
16-07-2011 22:00;360.0;4.0
17-07-2011 0:00;;
17-07-2011 12:00;;
17-07-2011 13:00;330.0;2.0
17-07-2011 14:00;360.0;4.0
17-07-2011 15:00;270.0;2.0
17-07-2011 16:00;360.0;2.0
17-07-2011 17:00;360.0;6.0
17-07-2011 18:00;360.0;6.0
17-07-2011 19:00;360.0;6.0
17-07-2011 20:00;90.0;4.0
17-07-2011 21:00;180.0;4.0
17-07-2011 22:00;30.0;4.0
18-07-2011 0:00;;
18-07-2011 12:00;;
18-07-2011 13:00;0.0;0.0
18-07-2011 13:25;150.0;1.0
18-07-2011 14:00;180.0;5.0
18-07-2011 15:00;210.0;1.0
18-07-2011 15:30;150.0;6.0
18-07-2011 16:00;210.0;5.0
18-07-2011 17:00;210.0;6.0
18-07-2011 18:00;210.0;4.0
18-07-2011 19:00;210.0;3.0
18-07-2011 20:00;240.0;5.0
18-07-2011 21:00;180.0;5.0
18-07-2011 22:00;210.0;3.0
19-07-2011 0:00;;
19-07-2011 12:00;;
19-07-2011 13:00;0.0;0.0
19-07-2011 14:00;0.0;0.0
19-07-2011 15:00;180.0;4.0
19-07-2011 16:00;210.0;3.0
19-07-2011 17:00;150.0;3.0
19-07-2011 18:00;120.0;3.0
19-07-2011 19:00;210.0;4.0
19-07-2011 20:00;360.0;1.0
19-07-2011 21:00;50.0;3.0
19-07-2011 22:00;30.0;3.0
20-07-2011 0:00;;
20-07-2011 12:00;;
20-07-2011 13:00;30.0;4.0
20-07-2011 14:00;30.0;3.0
20-07-2011 15:00;360.0;5.0
20-07-2011 16:00;360.0;4.0
20-07-2011 17:00;360.0;6.0
20-07-2011 18:00;360.0;2.0
20-07-2011 19:00;360.0;7.0
20-07-2011 20:00;360.0;8.0
20-07-2011 21:00;360.0;4.0
20-07-2011 22:00;360.0;4.0
21-07-2011 0:00;;
21-07-2011 12:00;;
21-07-2011 13:00;60.0;2.0
21-07-2011 14:00;30.0;2.0
21-07-2011 15:00;0.0;0.0
21-07-2011 16:00;30.0;2.0
21-07-2011 17:00;210.0;3.0
21-07-2011 18:00;219.0;4.0
21-07-2011 19:00;270.0;5.0
21-07-2011 20:00;210.0;6.0
21-07-2011 21:00;180.0;6.0
21-07-2011 22:00;180.0;4.0
22-07-2011 0:00;;
22-07-2011 12:00;;
22-07-2011 13:00;210.0;4.0
22-07-2011 14:00;180.0;7.0
22-07-2011 15:00;210.0;5.0
22-07-2011 16:00;190.0;5.0
22-07-2011 17:00;210.0;4.0
22-07-2011 18:00;210.0;7.0
22-07-2011 19:00;210.0;5.0
22-07-2011 20:00;210.0;5.0
22-07-2011 21:00;210.0;4.0
22-07-2011 22:00;210.0;2.0
23-07-2011 0:00;;
23-07-2011 12:00;;
23-07-2011 13:00;0.0;0.0
23-07-2011 14:00;0.0;0.0
23-07-2011 15:00;210.0;1.0
23-07-2011 16:00;0.0;0.0
23-07-2011 17:00;210.0;3.0
23-07-2011 18:00;180.0;4.0
23-07-2011 19:00;210.0;4.0
23-07-2011 20:00;210.0;2.0
23-07-2011 21:00;210.0;2.0
23-07-2011 22:00;210.0;1.0
24-07-2011 0:00;;
24-07-2011 12:00;;
24-07-2011 13:00;30.0;7.0
24-07-2011 14:00;360.0;4.0
24-07-2011 15:00;360.0;9.0
24-07-2011 16:00;360.0;6.0
24-07-2011 17:00;30.0;8.0
24-07-2011 18:00;30.0;11.0
24-07-2011 19:00;360.0;14.0
24-07-2011 20:00;30.0;15.0
24-07-2011 21:00;30.0;12.0
24-07-2011 22:00;360.0;15.0
25-07-2011 0:00;;
25-07-2011 12:00;;
25-07-2011 13:00;360.0;8.0
25-07-2011 14:00;360.0;9.0
25-07-2011 15:00;360.0;12.0
25-07-2011 16:00;360.0;9.0
25-07-2011 17:00;360.0;13.0
25-07-2011 18:00;360.0;12.0
25-07-2011 19:00;360.0;10.0
25-07-2011 20:00;360.0;8.0
25-07-2011 21:00;360.0;9.0
25-07-2011 22:00;360.0;10.0
26-07-2011 0:00;;
26-07-2011 12:00;;
26-07-2011 13:00;180.0;2.0
26-07-2011 14:00;210.0;6.0
26-07-2011 15:00;180.0;4.0
26-07-2011 16:00;210.0;5.0
26-07-2011 17:00;210.0;5.0
26-07-2011 18:00;210.0;4.0
26-07-2011 19:00;210.0;3.0
26-07-2011 20:00;210.0;2.0
26-07-2011 21:00;250.0;1.0
26-07-2011 22:00;210.0;2.0
27-07-2011 0:00;;
27-07-2011 12:00;;
27-07-2011 13:00;10.0;8.0
27-07-2011 14:00;30.0;7.0
27-07-2011 15:00;30.0;7.0
27-07-2011 16:00;10.0;10.0
27-07-2011 17:00;30.0;8.0
27-07-2011 18:00;10.0;9.0
27-07-2011 19:00;360.0;5.0
27-07-2011 20:00;360.0;4.0
27-07-2011 21:00;360.0;4.0
27-07-2011 22:00;360.0;6.0
28-07-2011 0:00;;
28-07-2011 12:00;;
28-07-2011 13:00;360.0;7.0
28-07-2011 14:00;360.0;6.0
28-07-2011 15:00;330.0;9.0
28-07-2011 16:00;300.0;6.0
28-07-2011 17:00;360.0;8.0
28-07-2011 18:00;360.0;4.0
28-07-2011 19:00;360.0;2.0
28-07-2011 20:00;360.0;2.0
28-07-2011 21:00;240.0;4.0
28-07-2011 22:00;280.0;3.0
29-07-2011 0:00;;
29-07-2011 12:00;;
29-07-2011 13:00;180.0;2.0
29-07-2011 14:00;210.0;2.0
29-07-2011 15:00;210.0;2.0
29-07-2011 16:00;180.0;4.0
29-07-2011 17:00;180.0;4.0
29-07-2011 18:00;210.0;4.0
29-07-2011 19:00;240.0;5.0
29-07-2011 20:00;0.0;0.0
29-07-2011 21:00;210.0;2.0
29-07-2011 22:00;30.0;4.0
30-07-2011 0:00;;
30-07-2011 12:00;;
30-07-2011 13:00;60.0;4.0
30-07-2011 14:00;240.0;3.0
30-07-2011 15:00;240.0;2.0
30-07-2011 16:00;280.0;3.0
30-07-2011 17:00;270.0;3.0
30-07-2011 18:00;340.0;2.0
30-07-2011 19:00;180.0;3.0
30-07-2011 20:00;210.0;2.0
30-07-2011 21:00;0.0;0.0
30-07-2011 22:00;0.0;0.0
31-07-2011 0:00;;
31-07-2011 12:00;;
31-07-2011 13:00;0.0;0.0
31-07-2011 14:00;180.0;2.0
31-07-2011 15:00;210.0;3.0
31-07-2011 16:00;210.0;5.0
31-07-2011 17:00;240.0;6.0
31-07-2011 18:00;210.0;6.0
31-07-2011 19:00;180.0;2.0
31-07-2011 20:00;210.0;6.0
31-07-2011 21:00;210.0;3.0
31-07-2011 22:00;0.0;0.0
01-08-2011 0:00;;
01-08-2011 12:00;;
01-08-2011 13:00;360.0;6.0
01-08-2011 14:00;360.0;8.0
01-08-2011 15:00;360.0;5.0
01-08-2011 16:00;360.0;5.0
01-08-2011 17:00;360.0;8.0
01-08-2011 18:00;360.0;8.0
01-08-2011 19:00;360.0;8.0
01-08-2011 20:00;360.0;6.0
01-08-2011 21:00;360.0;8.0
01-08-2011 22:00;360.0;2.0
02-08-2011 0:00;;
02-08-2011 12:00;;
02-08-2011 13:00;60.0;5.0
02-08-2011 14:00;360.0;8.0
02-08-2011 15:00;30.0;9.0
02-08-2011 16:00;360.0;6.0
02-08-2011 17:00;330.0;4.0
02-08-2011 18:00;360.0;4.0
02-08-2011 19:00;360.0;2.0
02-08-2011 20:00;0.0;0.0
02-08-2011 21:00;0.0;0.0
02-08-2011 22:00;0.0;0.0
03-08-2011 0:00;;
03-08-2011 12:00;;
03-08-2011 13:00;240.0;4.0
03-08-2011 14:00;240.0;2.0
03-08-2011 15:00;240.0;6.0
03-08-2011 16:00;240.0;5.0
03-08-2011 17:00;210.0;5.0
03-08-2011 18:00;210.0;4.0
03-08-2011 19:00;210.0;6.0
03-08-2011 20:00;210.0;7.0
03-08-2011 21:00;210.0;2.0
03-08-2011 22:00;240.0;2.0
04-08-2011 0:00;;
04-08-2011 12:00;;
04-08-2011 13:00;360.0;6.0
04-08-2011 14:00;30.0;8.0
04-08-2011 15:00;30.0;10.0
04-08-2011 16:00;360.0;10.0
04-08-2011 17:00;250.0;3.0
04-08-2011 18:00;360.0;11.0
04-08-2011 19:00;360.0;12.0
04-08-2011 20:00;360.0;12.0
04-08-2011 21:00;360.0;12.0
04-08-2011 22:00;360.0;12.0
05-08-2011 0:00;;
05-08-2011 12:00;;
05-08-2011 13:00;360.0;9.0
05-08-2011 14:00;360.0;5.0
05-08-2011 15:00;360.0;8.0
05-08-2011 16:00;360.0;6.0
05-08-2011 17:00;360.0;12.0
05-08-2011 18:00;360.0;11.0
05-08-2011 19:00;360.0;12.0
05-08-2011 20:00;360.0;9.0
05-08-2011 21:00;30.0;10.0
05-08-2011 22:00;360.0;8.0
06-08-2011 0:00;;
06-08-2011 12:00;;
06-08-2011 13:00;360.0;12.0
06-08-2011 14:00;360.0;4.0
06-08-2011 15:00;360.0;12.0
06-08-2011 16:00;360.0;8.0
06-08-2011 17:00;360.0;8.0
06-08-2011 18:00;360.0;6.0
06-08-2011 19:00;360.0;8.0
06-08-2011 20:00;360.0;6.0
06-08-2011 21:00;360.0;6.0
06-08-2011 22:00;360.0;4.0
07-08-2011 0:00;;
07-08-2011 12:00;;
07-08-2011 13:00;0.0;0.0
07-08-2011 14:00;0.0;0.0
07-08-2011 15:00;30.0;3.0
07-08-2011 16:00;80.0;2.0
07-08-2011 17:00;30.0;1.0
07-08-2011 18:00;0.0;0.0
07-08-2011 19:00;210.0;2.0
07-08-2011 20:00;90.0;3.0
07-08-2011 21:00;50.0;2.0
07-08-2011 22:00;180.0;1.0
08-08-2011 0:00;;
08-08-2011 12:00;;
08-08-2011 13:00;30.0;5.0
08-08-2011 14:00;30.0;5.0
08-08-2011 15:00;360.0;6.0
08-08-2011 16:00;360.0;12.0
08-08-2011 17:00;360.0;13.0
08-08-2011 18:00;360.0;14.0
08-08-2011 19:00;360.0;17.0
08-08-2011 20:00;360.0;15.0
08-08-2011 21:00;360.0;13.0
08-08-2011 22:00;330.0;7.0
09-08-2011 0:00;;
09-08-2011 12:00;;
09-08-2011 13:00;360.0;14.0
09-08-2011 14:00;360.0;10.0
09-08-2011 15:00;360.0;12.0
09-08-2011 16:00;360.0;10.0
09-08-2011 17:00;360.0;12.0
09-08-2011 18:00;360.0;14.0
09-08-2011 19:00;330.0;8.0
09-08-2011 20:00;360.0;10.0
09-08-2011 21:00;330.0;8.0
09-08-2011 22:00;360.0;8.0
10-08-2011 0:00;;
10-08-2011 12:00;;
10-08-2011 13:00;360.0;5.0
10-08-2011 14:00;360.0;8.0
10-08-2011 15:00;360.0;5.0
10-08-2011 16:00;360.0;6.0
10-08-2011 17:00;360.0;10.0
10-08-2011 18:00;330.0;11.0
10-08-2011 19:00;360.0;8.0
10-08-2011 20:00;330.0;6.0
10-08-2011 21:00;300.0;5.0
10-08-2011 22:00;330.0;4.0
11-08-2011 0:00;;
11-08-2011 12:00;;
11-08-2011 13:00;30.0;8.0
11-08-2011 14:00;10.0;12.0
11-08-2011 15:00;10.0;15.0
11-08-2011 16:00;360.0;10.0
11-08-2011 17:00;360.0;10.0
11-08-2011 18:00;360.0;10.0
11-08-2011 19:00;30.0;10.0
11-08-2011 20:00;360.0;10.0
11-08-2011 21:00;360.0;6.0
11-08-2011 22:00;350.0;4.0
12-08-2011 0:00;;
12-08-2011 12:00;;
12-08-2011 13:00;30.0;3.0
12-08-2011 14:00;30.0;1.0
12-08-2011 15:00;350.0;4.0
12-08-2011 16:00;350.0;4.0
12-08-2011 17:00;330.0;5.0
12-08-2011 18:00;360.0;6.0
12-08-2011 19:00;330.0;6.0
12-08-2011 20:00;240.0;4.0
12-08-2011 21:00;350.0;1.0
12-08-2011 22:00;270.0;8.0
13-08-2011 0:00;;
13-08-2011 12:00;;
13-08-2011 13:00;0.0;0.0
13-08-2011 14:00;210.0;4.0
13-08-2011 15:00;270.0;4.0
13-08-2011 16:00;210.0;4.0
13-08-2011 17:00;210.0;9.0
13-08-2011 18:00;210.0;8.0
13-08-2011 19:00;180.0;10.0
13-08-2011 20:00;180.0;12.0
13-08-2011 21:00;180.0;10.0
13-08-2011 22:00;180.0;8.0
14-08-2011 0:00;;
14-08-2011 12:00;;
14-08-2011 13:00;180.0;4.0
14-08-2011 14:00;180.0;4.0
14-08-2011 15:00;180.0;2.0
14-08-2011 16:00;180.0;5.0
14-08-2011 17:00;270.0;4.0
14-08-2011 18:00;180.0;5.0
14-08-2011 19:00;210.0;5.0
14-08-2011 20:00;210.0;4.0
14-08-2011 21:00;210.0;2.0
14-08-2011 22:00;180.0;4.0
15-08-2011 0:00;;
15-08-2011 12:00;;
15-08-2011 13:00;30.0;10.0
15-08-2011 14:00;360.0;8.0
15-08-2011 15:00;350.0;11.0
15-08-2011 16:00;360.0;12.0
15-08-2011 17:00;340.0;9.0
15-08-2011 18:00;350.0;8.0
15-08-2011 19:00;360.0;12.0
15-08-2011 20:00;350.0;7.0
15-08-2011 21:00;350.0;5.0
15-08-2011 22:00;330.0;7.0
16-08-2011 0:00;;
16-08-2011 12:00;;
16-08-2011 13:00;360.0;15.0
16-08-2011 14:00;360.0;14.0
16-08-2011 15:00;360.0;10.0
16-08-2011 16:00;350.0;14.0
16-08-2011 17:00;350.0;15.0
16-08-2011 18:00;290.0;13.0
16-08-2011 19:00;310.0;7.0
16-08-2011 20:00;300.0;6.0
16-08-2011 21:00;340.0;9.0
16-08-2011 22:00;350.0;8.0
17-08-2011 0:00;;
17-08-2011 12:00;;
17-08-2011 13:00;360.0;10.0
17-08-2011 14:00;360.0;11.0
17-08-2011 15:00;360.0;6.0
17-08-2011 16:00;330.0;6.0
17-08-2011 17:00;330.0;7.0
17-08-2011 18:00;360.0;5.0
17-08-2011 19:00;360.0;8.0
17-08-2011 20:00;330.0;2.0
17-08-2011 21:00;330.0;4.0
17-08-2011 22:00;330.0;4.0
18-08-2011 0:00;;
18-08-2011 12:00;;
18-08-2011 13:00;180.0;2.0
18-08-2011 14:00;270.0;4.0
18-08-2011 15:00;180.0;5.0
18-08-2011 16:00;180.0;10.0
18-08-2011 17:00;210.0;4.0
18-08-2011 18:00;180.0;9.0
18-08-2011 19:00;210.0;9.0
18-08-2011 20:00;180.0;6.0
18-08-2011 21:00;180.0;8.0
18-08-2011 22:00;180.0;6.0
19-08-2011 0:00;;
19-08-2011 12:00;;
19-08-2011 13:00;210.0;5.0
19-08-2011 14:00;210.0;2.0
19-08-2011 15:00;180.0;2.0
19-08-2011 16:00;210.0;3.0
19-08-2011 17:00;210.0;6.0
19-08-2011 18:00;180.0;8.0
19-08-2011 19:00;210.0;5.0
19-08-2011 20:00;180.0;8.0
19-08-2011 21:00;180.0;8.0
19-08-2011 22:00;210.0;5.0
20-08-2011 0:00;;
20-08-2011 12:00;;
20-08-2011 13:00;210.0;3.0
20-08-2011 14:00;210.0;3.0
20-08-2011 15:00;210.0;4.0
20-08-2011 16:00;210.0;5.0
20-08-2011 17:00;210.0;8.0
20-08-2011 18:00;210.0;8.0
20-08-2011 19:00;210.0;4.0
20-08-2011 20:00;210.0;3.0
20-08-2011 21:00;210.0;2.0
20-08-2011 22:00;30.0;3.0
21-08-2011 0:00;;
21-08-2011 12:00;0.0;0.0
21-08-2011 13:00;0.0;0.0
21-08-2011 14:00;0.0;0.0
21-08-2011 15:00;0.0;0.0
21-08-2011 16:00;189.0;6.0
21-08-2011 17:00;210.0;4.0
21-08-2011 18:00;180.0;4.0
21-08-2011 19:00;180.0;4.0
21-08-2011 20:00;210.0;4.0
21-08-2011 21:00;180.0;4.0
21-08-2011 22:00;0.0;0.0
22-08-2011 0:00;;
22-08-2011 12:00;0.0;0.0
22-08-2011 13:00;30.0;3.0
22-08-2011 14:00;360.0;2.0
22-08-2011 15:00;330.0;4.0
22-08-2011 16:00;360.0;4.0
22-08-2011 17:00;360.0;4.0
22-08-2011 18:00;330.0;4.0
22-08-2011 19:00;360.0;5.0
22-08-2011 20:00;360.0;5.0
22-08-2011 21:00;360.0;2.0
22-08-2011 22:00;0.0;0.0
23-08-2011 0:00;;
23-08-2011 12:00;0.0;0.0
23-08-2011 13:00;150.0;1.0
23-08-2011 14:00;60.0;3.0
23-08-2011 15:00;30.0;2.0
23-08-2011 16:00;210.0;2.0
23-08-2011 17:00;210.0;6.0
23-08-2011 18:00;210.0;3.0
23-08-2011 19:00;210.0;6.0
23-08-2011 20:00;180.0;8.0
23-08-2011 21:00;160.0;3.0
23-08-2011 22:00;240.0;1.0
24-08-2011 0:00;;
24-08-2011 12:00;210.0;6.0
24-08-2011 13:00;180.0;5.0
24-08-2011 14:00;190.0;9.0
24-08-2011 15:00;150.0;9.0
24-08-2011 16:00;210.0;3.0
24-08-2011 17:00;150.0;4.0
24-08-2011 18:00;240.0;2.0
24-08-2011 19:00;150.0;1.0
24-08-2011 20:00;360.0;2.0
24-08-2011 21:00;360.0;7.0
24-08-2011 22:00;360.0;8.0
25-08-2011 0:00;;
25-08-2011 12:00;360.0;4.0
25-08-2011 13:00;360.0;2.0
25-08-2011 14:00;0.0;0.0
25-08-2011 15:00;360.0;4.0
25-08-2011 16:00;360.0;5.0
25-08-2011 17:00;330.0;4.0
25-08-2011 18:00;360.0;6.0
25-08-2011 19:00;180.0;4.0
25-08-2011 20:00;360.0;5.0
25-08-2011 21:00;360.0;2.0
25-08-2011 22:00;360.0;3.0
26-08-2011 0:00;;
26-08-2011 12:00;270.0;4.0
26-08-2011 13:00;30.0;3.0
26-08-2011 14:00;360.0;4.0
26-08-2011 15:00;360.0;8.0
26-08-2011 16:00;330.0;10.0
26-08-2011 17:00;30.0;10.0
26-08-2011 18:00;360.0;13.0
26-08-2011 19:00;360.0;12.0
26-08-2011 20:00;360.0;19.0
26-08-2011 21:00;360.0;6.0
26-08-2011 22:00;360.0;14.0
27-08-2011 0:00;;
27-08-2011 12:00;350.0;6.0
27-08-2011 13:00;360.0;5.0
27-08-2011 14:00;360.0;8.0
27-08-2011 15:00;350.0;8.0
27-08-2011 16:00;350.0;10.0
27-08-2011 17:00;360.0;10.0
27-08-2011 18:00;360.0;10.0
27-08-2011 19:00;350.0;8.0
27-08-2011 20:00;360.0;10.0
27-08-2011 21:00;330.0;5.0
27-08-2011 22:00;350.0;5.0
28-08-2011 0:00;;
28-08-2011 12:00;30.0;12.0
28-08-2011 13:00;360.0;13.0
28-08-2011 14:00;360.0;14.0
28-08-2011 15:00;360.0;14.0
28-08-2011 16:00;340.0;10.0
28-08-2011 17:00;340.0;7.0
28-08-2011 18:00;350.0;8.0
28-08-2011 19:00;310.0;4.0
28-08-2011 20:00;340.0;8.0
28-08-2011 21:00;330.0;15.0
28-08-2011 22:00;340.0;6.0
29-08-2011 0:00;;
29-08-2011 12:00;360.0;6.0
29-08-2011 13:00;360.0;10.0
29-08-2011 14:00;360.0;10.0
29-08-2011 15:00;360.0;6.0
29-08-2011 16:00;360.0;10.0
29-08-2011 17:00;360.0;15.0
29-08-2011 18:00;360.0;8.0
29-08-2011 19:00;0.0;0.0
29-08-2011 20:00;60.0;5.0
29-08-2011 21:00;360.0;8.0
29-08-2011 22:00;30.0;8.0
30-08-2011 0:00;;
30-08-2011 12:00;90.0;3.0
30-08-2011 13:00;240.0;2.0
30-08-2011 14:00;210.0;4.0
30-08-2011 15:00;210.0;4.0
30-08-2011 16:00;210.0;6.0
30-08-2011 17:00;180.0;5.0
30-08-2011 18:00;210.0;4.0
30-08-2011 19:00;180.0;3.0
30-08-2011 20:00;180.0;4.0
30-08-2011 21:00;180.0;4.0
30-08-2011 22:00;180.0;4.0
31-08-2011 0:00;;
31-08-2011 12:00;150.0;1.0
31-08-2011 13:00;280.0;2.0
31-08-2011 14:00;210.0;4.0
31-08-2011 15:00;210.0;3.0
31-08-2011 16:00;310.0;2.0
31-08-2011 17:00;300.0;2.0
31-08-2011 18:00;240.0;2.0
31-08-2011 19:00;250.0;4.0
31-08-2011 20:00;0.0;0.0
31-08-2011 21:00;360.0;1.0
31-08-2011 22:00;30.0;3.0
01-09-2011 0:00;;
01-09-2011 12:00;0.0;0.0
01-09-2011 13:00;210.0;2.0
01-09-2011 14:00;140.0;4.0
01-09-2011 15:00;150.0;3.0
01-09-2011 16:00;360.0;2.0
01-09-2011 17:00;240.0;2.0
01-09-2011 18:00;10.0;7.0
01-09-2011 19:00;330.0;8.0
01-09-2011 20:00;360.0;8.0
01-09-2011 21:00;330.0;7.0
01-09-2011 22:00;240.0;5.0
02-09-2011 0:00;;
02-09-2011 12:00;360.0;8.0
02-09-2011 13:00;30.0;10.0
02-09-2011 14:00;30.0;16.0
02-09-2011 15:00;360.0;15.0
02-09-2011 16:00;360.0;12.0
02-09-2011 17:00;360.0;14.0
02-09-2011 18:00;360.0;15.0
02-09-2011 19:00;360.0;12.0
02-09-2011 20:00;360.0;14.0
02-09-2011 21:00;360.0;14.0
02-09-2011 22:00;360.0;16.0
03-09-2011 0:00;;
03-09-2011 12:00;360.0;4.0
03-09-2011 13:00;360.0;6.0
03-09-2011 14:00;360.0;4.0
03-09-2011 15:00;360.0;8.0
03-09-2011 16:00;360.0;8.0
03-09-2011 17:00;330.0;5.0
03-09-2011 18:00;360.0;6.0
03-09-2011 19:00;330.0;8.0
03-09-2011 20:00;180.0;6.0
03-09-2011 21:00;300.0;4.0
03-09-2011 22:00;240.0;6.0
04-09-2011 0:00;;
04-09-2011 12:00;60.0;6.0
04-09-2011 13:00;30.0;9.0
04-09-2011 14:00;360.0;10.0
04-09-2011 15:00;360.0;8.0
04-09-2011 16:00;360.0;10.0
04-09-2011 17:00;300.0;3.0
04-09-2011 18:00;360.0;5.0
04-09-2011 19:00;180.0;8.0
04-09-2011 20:00;30.0;3.0
04-09-2011 21:00;260.0;2.0
04-09-2011 22:00;270.0;5.0
05-09-2011 0:00;;
05-09-2011 12:00;0.0;0.0
05-09-2011 13:00;180.0;3.0
05-09-2011 14:00;210.0;4.0
05-09-2011 15:00;210.0;3.0
05-09-2011 16:00;230.0;6.0
05-09-2011 17:00;210.0;7.0
05-09-2011 18:00;240.0;7.0
05-09-2011 19:00;210.0;8.0
05-09-2011 20:00;180.0;6.0
05-09-2011 21:00;180.0;10.0
05-09-2011 22:00;210.0;5.0
06-09-2011 0:00;;
06-09-2011 12:00;210.0;5.0
06-09-2011 13:00;210.0;5.0
06-09-2011 14:00;210.0;5.0
06-09-2011 15:00;180.0;8.0
06-09-2011 16:00;210.0;9.0
06-09-2011 17:00;210.0;10.0
06-09-2011 18:00;240.0;6.0
06-09-2011 19:00;210.0;8.0
06-09-2011 20:00;180.0;5.0
06-09-2011 21:00;210.0;4.0
06-09-2011 22:00;180.0;6.0
07-09-2011 0:00;;
07-09-2011 12:00;210.0;4.0
07-09-2011 13:00;210.0;5.0
07-09-2011 14:00;210.0;4.0
07-09-2011 15:00;210.0;4.0
07-09-2011 16:00;210.0;6.0
07-09-2011 17:00;240.0;4.0
07-09-2011 18:00;210.0;9.0
07-09-2011 19:00;210.0;8.0
07-09-2011 20:00;210.0;6.0
07-09-2011 21:00;180.0;4.0
07-09-2011 22:00;180.0;4.0
08-09-2011 0:00;;
08-09-2011 12:00;30.0;4.0
08-09-2011 13:00;30.0;5.0
08-09-2011 14:00;330.0;4.0
08-09-2011 15:00;360.0;5.0
08-09-2011 16:00;30.0;6.0
08-09-2011 17:00;30.0;7.0
08-09-2011 18:00;360.0;5.0
08-09-2011 19:00;360.0;6.0
08-09-2011 20:00;30.0;6.0
08-09-2011 21:00;360.0;7.0
08-09-2011 22:00;360.0;7.0
09-09-2011 0:00;;
09-09-2011 12:00;360.0;8.0
09-09-2011 13:00;360.0;8.0
09-09-2011 14:00;360.0;14.0
09-09-2011 15:00;360.0;10.0
09-09-2011 16:00;360.0;12.0
09-09-2011 17:00;360.0;8.0
09-09-2011 18:00;260.0;9.0
09-09-2011 19:00;260.0;11.0
09-09-2011 20:00;270.0;6.0
09-09-2011 21:00;240.0;7.0
09-09-2011 22:00;210.0;5.0
10-09-2011 0:00;;
10-09-2011 12:00;0.0;0.0
10-09-2011 13:00;210.0;5.0
10-09-2011 14:00;210.0;4.0
10-09-2011 15:00;180.0;9.0
10-09-2011 16:00;180.0;12.0
10-09-2011 17:00;210.0;6.0
10-09-2011 18:00;180.0;6.0
10-09-2011 19:00;210.0;5.0
10-09-2011 20:00;210.0;8.0
10-09-2011 21:00;210.0;6.0
10-09-2011 22:00;180.0;4.0
11-09-2011 0:00;;
11-09-2011 12:00;0.0;0.0
11-09-2011 13:00;210.0;4.0
11-09-2011 14:00;210.0;5.0
11-09-2011 15:00;210.0;4.0
11-09-2011 16:00;240.0;6.0
11-09-2011 17:00;180.0;6.0
11-09-2011 18:00;180.0;6.0
11-09-2011 19:00;180.0;5.0
11-09-2011 20:00;210.0;4.0
11-09-2011 21:00;240.0;4.0
11-09-2011 22:00;180.0;4.0
12-09-2011 0:00;;
12-09-2011 12:00;210.0;3.0
12-09-2011 13:00;210.0;10.0
12-09-2011 14:00;180.0;10.0
12-09-2011 15:00;180.0;12.0
12-09-2011 16:00;210.0;12.0
12-09-2011 17:00;180.0;10.0
12-09-2011 18:00;180.0;12.0
12-09-2011 19:00;210.0;17.0
12-09-2011 20:00;210.0;15.0
12-09-2011 21:00;180.0;12.0
12-09-2011 22:00;210.0;13.0
13-09-2011 0:00;;
13-09-2011 12:00;210.0;4.0
13-09-2011 13:00;210.0;8.0
13-09-2011 14:00;190.0;10.0
13-09-2011 15:00;190.0;7.0
13-09-2011 16:00;210.0;5.0
13-09-2011 17:00;180.0;8.0
13-09-2011 18:00;210.0;8.0
13-09-2011 19:00;210.0;10.0
13-09-2011 20:00;210.0;7.0
13-09-2011 21:00;210.0;6.0
13-09-2011 22:00;210.0;4.0
14-09-2011 0:00;;
14-09-2011 12:00;0.0;0.0
14-09-2011 13:00;330.0;3.0
14-09-2011 14:00;30.0;3.0
14-09-2011 15:00;360.0;3.0
14-09-2011 16:00;360.0;4.0
14-09-2011 17:00;360.0;8.0
14-09-2011 18:00;360.0;6.0
14-09-2011 19:00;360.0;5.0
14-09-2011 20:00;360.0;5.0
14-09-2011 21:00;360.0;5.0
14-09-2011 22:00;360.0;6.0
15-09-2011 0:00;;
15-09-2011 12:00;360.0;15.0
15-09-2011 13:00;360.0;4.0
15-09-2011 14:00;360.0;10.0
15-09-2011 15:00;360.0;10.0
15-09-2011 16:00;360.0;8.0
15-09-2011 17:00;360.0;8.0
15-09-2011 18:00;360.0;10.0
15-09-2011 19:00;360.0;12.0
15-09-2011 20:00;300.0;12.0
15-09-2011 21:00;330.0;8.0
15-09-2011 22:00;270.0;4.0
16-09-2011 0:00;;
16-09-2011 12:00;330.0;2.0
16-09-2011 13:00;360.0;4.0
16-09-2011 14:00;300.0;3.0
16-09-2011 15:00;290.0;2.0
16-09-2011 16:00;280.0;5.0
16-09-2011 17:00;360.0;3.0
16-09-2011 18:00;170.0;4.0
16-09-2011 19:00;280.0;6.0
16-09-2011 20:00;250.0;6.0
16-09-2011 21:00;210.0;3.0
16-09-2011 22:00;240.0;4.0
17-09-2011 0:00;;
17-09-2011 12:00;180.0;10.0
17-09-2011 13:00;210.0;10.0
17-09-2011 14:00;180.0;12.0
17-09-2011 15:00;210.0;10.0
17-09-2011 16:00;180.0;10.0
17-09-2011 17:00;210.0;10.0
17-09-2011 18:00;210.0;8.0
17-09-2011 19:00;180.0;8.0
17-09-2011 20:00;180.0;8.0
17-09-2011 21:00;210.0;10.0
17-09-2011 22:00;180.0;10.0
18-09-2011 0:00;;
18-09-2011 12:00;0.0;0.0
18-09-2011 13:00;0.0;0.0
18-09-2011 14:00;30.0;2.0
18-09-2011 15:00;0.0;0.0
18-09-2011 16:00;360.0;6.0
18-09-2011 17:00;270.0;6.0
18-09-2011 18:00;270.0;4.0
18-09-2011 19:00;240.0;4.0
18-09-2011 20:00;0.0;0.0
18-09-2011 21:00;0.0;0.0
18-09-2011 22:00;0.0;0.0
19-09-2011 0:00;;
19-09-2011 12:00;180.0;4.0
19-09-2011 13:00;210.0;4.0
19-09-2011 14:00;210.0;6.0
19-09-2011 15:00;210.0;7.0
19-09-2011 16:00;240.0;4.0
19-09-2011 17:00;180.0;6.0
19-09-2011 18:00;210.0;2.0
19-09-2011 19:00;180.0;10.0
19-09-2011 20:00;240.0;6.0
19-09-2011 21:00;180.0;8.0
19-09-2011 22:00;210.0;6.0
19-09-2011 23:00;210.0;2.0
20-09-2011 0:00;;
20-09-2011 12:00;210.0;5.0
20-09-2011 13:00;120.0;2.0
20-09-2011 14:00;210.0;2.0
20-09-2011 15:00;210.0;8.0
20-09-2011 16:00;210.0;4.0
20-09-2011 17:00;210.0;3.0
20-09-2011 18:00;210.0;4.0
20-09-2011 19:00;210.0;8.0
20-09-2011 20:00;210.0;5.0
20-09-2011 21:00;210.0;5.0
20-09-2011 22:00;210.0;6.0
20-09-2011 23:00;210.0;2.0
21-09-2011 0:00;;
21-09-2011 12:00;180.0;5.0
21-09-2011 13:00;210.0;6.0
21-09-2011 14:00;190.0;6.0
21-09-2011 15:00;180.0;4.0
21-09-2011 16:00;190.0;6.0
21-09-2011 17:00;210.0;3.0
21-09-2011 18:00;240.0;3.0
21-09-2011 19:00;270.0;4.0
21-09-2011 20:00;240.0;4.0
21-09-2011 21:00;210.0;4.0
21-09-2011 22:00;220.0;2.0
21-09-2011 23:00;210.0;1.0
22-09-2011 0:00;;
22-09-2011 12:00;30.0;4.0
22-09-2011 13:00;0.0;0.0
22-09-2011 14:00;0.0;0.0
22-09-2011 15:00;60.0;2.0
22-09-2011 16:00;0.0;0.0
22-09-2011 17:00;120.0;8.0
22-09-2011 18:00;60.0;6.0
22-09-2011 19:00;360.0;2.0
22-09-2011 20:00;330.0;4.0
22-09-2011 21:00;0.0;0.0
22-09-2011 22:00;0.0;0.0
22-09-2011 23:00;0.0;0.0
23-09-2011 0:00;;
23-09-2011 12:00;0.0;0.0
23-09-2011 13:00;210.0;2.0
23-09-2011 14:00;0.0;0.0
23-09-2011 15:00;210.0;6.0
23-09-2011 16:00;180.0;4.0
23-09-2011 17:00;180.0;5.0
23-09-2011 18:00;0.0;0.0
23-09-2011 19:00;210.0;5.0
23-09-2011 20:00;240.0;3.0
23-09-2011 21:00;210.0;4.0
23-09-2011 22:00;0.0;0.0
23-09-2011 23:00;0.0;0.0
24-09-2011 0:00;;
24-09-2011 12:00;210.0;1.0
24-09-2011 13:00;210.0;3.0
24-09-2011 14:00;210.0;3.0
24-09-2011 15:00;210.0;3.0
24-09-2011 16:00;210.0;8.0
24-09-2011 17:00;210.0;12.0
24-09-2011 18:00;210.0;10.0
24-09-2011 19:00;210.0;9.0
24-09-2011 20:00;240.0;4.0
24-09-2011 21:00;190.0;6.0
24-09-2011 22:00;210.0;4.0
24-09-2011 23:00;210.0;5.0
25-09-2011 0:00;;
25-09-2011 12:00;210.0;6.0
25-09-2011 13:00;210.0;7.0
25-09-2011 14:00;210.0;5.0
25-09-2011 15:00;220.0;4.0
25-09-2011 16:00;180.0;10.0
25-09-2011 17:00;210.0;7.0
25-09-2011 18:00;210.0;12.0
25-09-2011 19:00;210.0;10.0
25-09-2011 20:00;180.0;10.0
25-09-2011 21:00;180.0;6.0
25-09-2011 22:00;210.0;5.0
25-09-2011 23:00;180.0;3.0
26-09-2011 0:00;;
26-09-2011 12:00;240.0;4.0
26-09-2011 13:00;180.0;4.0
26-09-2011 14:00;90.0;4.0
26-09-2011 15:00;360.0;3.0
26-09-2011 16:00;280.0;4.0
26-09-2011 17:00;270.0;4.0
26-09-2011 18:00;270.0;4.0
26-09-2011 19:00;360.0;4.0
26-09-2011 20:00;0.0;0.0
26-09-2011 21:00;0.0;0.0
26-09-2011 22:00;0.0;0.0
26-09-2011 23:00;90.0;2.0
27-09-2011 0:00;;
27-09-2011 12:00;0.0;0.0
27-09-2011 13:00;0.0;0.0
27-09-2011 14:00;0.0;0.0
27-09-2011 15:00;0.0;0.0
27-09-2011 16:00;210.0;4.0
27-09-2011 17:00;330.0;3.0
27-09-2011 18:00;180.0;5.0
27-09-2011 19:00;210.0;4.0
27-09-2011 20:00;0.0;0.0
27-09-2011 21:00;120.0;5.0
27-09-2011 22:00;0.0;0.0
27-09-2011 23:00;0.0;0.0
28-09-2011 0:00;;
28-09-2011 12:00;360.0;7.0
28-09-2011 13:00;360.0;9.0
28-09-2011 14:00;360.0;6.0
28-09-2011 15:00;360.0;8.0
28-09-2011 16:00;30.0;5.0
28-09-2011 17:00;10.0;8.0
28-09-2011 18:00;30.0;10.0
28-09-2011 19:00;306.0;6.0
28-09-2011 20:00;360.0;6.0
28-09-2011 21:00;360.0;5.0
28-09-2011 22:00;10.0;2.0
28-09-2011 23:00;250.0;4.0
29-09-2011 0:00;;
29-09-2011 12:00;210.0;2.0
29-09-2011 13:00;180.0;4.0
29-09-2011 14:00;210.0;8.0
29-09-2011 15:00;210.0;10.0
29-09-2011 16:00;210.0;5.0
29-09-2011 17:00;210.0;7.0
29-09-2011 18:00;210.0;6.0
29-09-2011 19:00;190.0;8.0
29-09-2011 20:00;180.0;8.0
29-09-2011 21:00;190.0;8.0
29-09-2011 22:00;180.0;8.0
29-09-2011 23:00;180.0;6.0
30-09-2011 0:00;;
30-09-2011 12:00;180.0;5.0
30-09-2011 13:00;90.0;4.0
30-09-2011 14:00;270.0;4.0
30-09-2011 15:00;180.0;4.0
30-09-2011 16:00;180.0;4.0
30-09-2011 17:00;0.0;0.0
30-09-2011 18:00;0.0;0.0
30-09-2011 19:00;270.0;8.0
30-09-2011 20:00;240.0;4.0
30-09-2011 21:00;330.0;5.0
30-09-2011 22:00;240.0;5.0
30-09-2011 23:00;240.0;9.0
01-10-2011 0:00;;
01-10-2011 12:00;210.0;3.0
01-10-2011 13:00;180.0;6.0
01-10-2011 14:00;180.0;8.0
01-10-2011 15:00;240.0;8.0
01-10-2011 16:00;180.0;4.0
01-10-2011 17:00;180.0;6.0
01-10-2011 18:00;180.0;6.0
01-10-2011 19:00;180.0;9.0
01-10-2011 20:00;210.0;8.0
01-10-2011 21:00;180.0;10.0
01-10-2011 22:00;180.0;10.0
01-10-2011 23:00;180.0;6.0
02-10-2011 0:00;;
02-10-2011 12:00;180.0;7.0
02-10-2011 13:00;180.0;6.0
02-10-2011 14:00;180.0;6.0
02-10-2011 15:00;200.0;12.0
02-10-2011 16:00;180.0;8.0
02-10-2011 17:00;210.0;7.0
02-10-2011 18:00;180.0;8.0
02-10-2011 19:00;180.0;10.0
02-10-2011 20:00;180.0;8.0
02-10-2011 21:00;200.0;9.0
02-10-2011 22:00;190.0;9.0
02-10-2011 23:00;180.0;6.0
03-10-2011 0:00;;
03-10-2011 12:00;30.0;3.0
03-10-2011 13:00;10.0;6.0
03-10-2011 14:00;330.0;5.0
03-10-2011 15:00;360.0;8.0
03-10-2011 16:00;360.0;7.0
03-10-2011 17:00;360.0;10.0
03-10-2011 18:00;350.0;10.0
03-10-2011 19:00;350.0;10.0
03-10-2011 20:00;330.0;10.0
03-10-2011 21:00;330.0;10.0
03-10-2011 22:00;330.0;10.0
03-10-2011 23:00;300.0;5.0
04-10-2011 0:00;;
04-10-2011 12:00;30.0;4.0
04-10-2011 13:00;360.0;4.0
04-10-2011 14:00;360.0;5.0
04-10-2011 15:00;330.0;8.0
04-10-2011 16:00;360.0;6.0
04-10-2011 17:00;330.0;6.0
04-10-2011 18:00;330.0;4.0
04-10-2011 19:00;280.0;8.0
04-10-2011 20:00;270.0;4.0
04-10-2011 21:00;270.0;4.0
04-10-2011 22:00;180.0;5.0
04-10-2011 23:00;0.0;0.0
05-10-2011 0:00;;
05-10-2011 12:00;210.0;2.0
05-10-2011 13:00;210.0;2.0
05-10-2011 14:00;210.0;4.0
05-10-2011 15:00;210.0;2.0
05-10-2011 16:00;30.0;2.0
05-10-2011 17:00;0.0;0.0
05-10-2011 18:00;0.0;0.0
05-10-2011 19:00;330.0;4.0
05-10-2011 20:00;210.0;4.0
05-10-2011 21:00;330.0;10.0
05-10-2011 22:00;240.0;4.0
05-10-2011 23:00;210.0;5.0
06-10-2011 0:00;;
06-10-2011 12:00;360.0;6.0
06-10-2011 13:00;350.0;4.0
06-10-2011 14:00;300.0;4.0
06-10-2011 15:00;330.0;2.0
06-10-2011 16:00;300.0;3.0
06-10-2011 17:00;300.0;3.0
06-10-2011 18:00;330.0;4.0
06-10-2011 19:00;30.0;4.0
06-10-2011 20:00;30.0;4.0
06-10-2011 21:00;60.0;6.0
06-10-2011 22:00;220.0;4.0
06-10-2011 23:00;250.0;4.0
07-10-2011 0:00;;
07-10-2011 12:00;180.0;2.0
07-10-2011 13:00;180.0;8.0
07-10-2011 14:00;210.0;5.0
07-10-2011 15:00;210.0;5.0
07-10-2011 16:00;240.0;6.0
07-10-2011 17:00;180.0;6.0
07-10-2011 18:00;220.0;5.0
07-10-2011 19:00;180.0;6.0
07-10-2011 20:00;260.0;5.0
07-10-2011 21:00;280.0;20.0
07-10-2011 22:00;250.0;6.0
07-10-2011 23:00;300.0;6.0
08-10-2011 0:00;;
08-10-2011 12:00;0.0;0.0
08-10-2011 13:00;90.0;3.0
08-10-2011 14:00;30.0;10.0
08-10-2011 15:00;0.0;0.0
08-10-2011 16:00;360.0;2.0
08-10-2011 17:00;270.0;4.0
08-10-2011 18:00;360.0;6.0
08-10-2011 19:00;360.0;6.0
08-10-2011 20:00;270.0;4.0
08-10-2011 21:00;180.0;2.0
08-10-2011 22:00;0.0;0.0
08-10-2011 23:00;0.0;0.0
09-10-2011 0:00;;
09-10-2011 12:00;180.0;4.0
09-10-2011 13:00;180.0;4.0
09-10-2011 14:00;180.0;2.0
09-10-2011 15:00;210.0;3.0
09-10-2011 16:00;180.0;5.0
09-10-2011 17:00;180.0;8.0
09-10-2011 18:00;210.0;2.0
09-10-2011 19:00;210.0;6.0
09-10-2011 20:00;210.0;4.0
09-10-2011 21:00;210.0;11.0
09-10-2011 22:00;240.0;4.0
09-10-2011 23:00;240.0;5.0
10-10-2011 0:00;;
10-10-2011 12:00;210.0;6.0
10-10-2011 13:00;180.0;8.0
10-10-2011 14:00;190.0;13.0
10-10-2011 15:00;180.0;5.0
10-10-2011 16:00;210.0;8.0
10-10-2011 17:00;180.0;10.0
10-10-2011 18:00;210.0;6.0
10-10-2011 19:00;210.0;4.0
10-10-2011 20:00;190.0;7.0
10-10-2011 21:00;210.0;3.0
10-10-2011 22:00;170.0;4.0
10-10-2011 23:00;150.0;2.0
11-10-2011 0:00;;
11-10-2011 12:00;350.0;1.0
11-10-2011 13:00;210.0;2.0
11-10-2011 14:00;0.0;0.0
11-10-2011 15:00;280.0;2.0
11-10-2011 16:00;360.0;7.0
11-10-2011 17:00;360.0;7.0
11-10-2011 18:00;360.0;6.0
11-10-2011 19:00;330.0;8.0
11-10-2011 20:00;300.0;5.0
11-10-2011 21:00;300.0;7.0
11-10-2011 22:00;300.0;7.0
11-10-2011 23:00;300.0;6.0
12-10-2011 0:00;;
12-10-2011 12:00;60.0;5.0
12-10-2011 13:00;360.0;7.0
12-10-2011 14:00;360.0;6.0
12-10-2011 15:00;360.0;13.0
12-10-2011 16:00;360.0;15.0
12-10-2011 17:00;330.0;13.0
12-10-2011 18:00;360.0;14.0
12-10-2011 19:00;360.0;10.0
12-10-2011 20:00;320.0;10.0
12-10-2011 21:00;320.0;10.0
12-10-2011 22:00;330.0;8.0
12-10-2011 23:00;0.0;0.0
13-10-2011 0:00;;
13-10-2011 12:00;0.0;0.0
13-10-2011 13:00;240.0;4.0
13-10-2011 14:00;180.0;4.0
13-10-2011 15:00;210.0;8.0
13-10-2011 16:00;210.0;5.0
13-10-2011 17:00;180.0;10.0
13-10-2011 18:00;180.0;6.0
13-10-2011 19:00;210.0;7.0
13-10-2011 20:00;240.0;5.0
13-10-2011 21:00;210.0;4.0
13-10-2011 22:00;240.0;3.0
13-10-2011 23:00;210.0;4.0
14-10-2011 0:00;;
14-10-2011 12:00;60.0;3.0
14-10-2011 13:00;360.0;2.0
14-10-2011 14:00;360.0;2.0
14-10-2011 15:00;300.0;5.0
14-10-2011 16:00;210.0;2.0
14-10-2011 17:00;240.0;6.0
14-10-2011 18:00;240.0;5.0
14-10-2011 19:00;210.0;3.0
14-10-2011 20:00;180.0;3.0
14-10-2011 21:00;210.0;3.0
14-10-2011 22:00;210.0;6.0
14-10-2011 23:00;260.0;6.0
15-10-2011 0:00;;
15-10-2011 12:00;30.0;3.0
15-10-2011 13:00;60.0;2.0
15-10-2011 14:00;30.0;2.0
15-10-2011 15:00;210.0;3.0
15-10-2011 16:00;240.0;4.0
15-10-2011 17:00;270.0;4.0
15-10-2011 18:00;240.0;5.0
15-10-2011 19:00;240.0;5.0
15-10-2011 20:00;240.0;6.0
15-10-2011 21:00;240.0;3.0
15-10-2011 22:00;210.0;5.0
15-10-2011 23:00;240.0;3.0
16-10-2011 0:00;;
16-10-2011 12:00;210.0;4.0
16-10-2011 13:00;210.0;6.0
16-10-2011 14:00;360.0;8.0
16-10-2011 15:00;180.0;8.0
16-10-2011 16:00;180.0;12.0
16-10-2011 17:00;180.0;10.0
16-10-2011 18:00;180.0;6.0
16-10-2011 19:00;180.0;6.0
16-10-2011 20:00;210.0;5.0
16-10-2011 21:00;180.0;4.0
16-10-2011 22:00;180.0;5.0
16-10-2011 23:00;180.0;4.0
17-10-2011 0:00;;
17-10-2011 12:00;180.0;4.0
17-10-2011 13:00;180.0;6.0
17-10-2011 14:00;210.0;8.0
17-10-2011 15:00;180.0;7.0
17-10-2011 16:00;180.0;6.0
17-10-2011 17:00;180.0;6.0
17-10-2011 18:00;210.0;6.0
17-10-2011 19:00;210.0;6.0
17-10-2011 20:00;180.0;5.0
17-10-2011 21:00;180.0;6.0
17-10-2011 22:00;180.0;4.0
17-10-2011 23:00;0.0;0.0
18-10-2011 0:00;;
18-10-2011 12:00;180.0;4.0
18-10-2011 13:00;240.0;3.0
18-10-2011 14:00;210.0;5.0
18-10-2011 15:00;180.0;6.0
18-10-2011 16:00;240.0;5.0
18-10-2011 17:00;240.0;2.0
18-10-2011 18:00;210.0;3.0
18-10-2011 19:00;180.0;8.0
18-10-2011 20:00;260.0;4.0
18-10-2011 21:00;260.0;4.0
18-10-2011 22:00;220.0;4.0
18-10-2011 23:00;210.0;4.0
19-10-2011 0:00;;
19-10-2011 12:00;210.0;7.0
19-10-2011 13:00;210.0;3.0
19-10-2011 14:00;240.0;5.0
19-10-2011 15:00;240.0;3.0
19-10-2011 16:00;240.0;5.0
19-10-2011 17:00;240.0;4.0
19-10-2011 18:00;210.0;5.0
19-10-2011 19:00;210.0;5.0
19-10-2011 20:00;210.0;10.0
19-10-2011 21:00;180.0;8.0
19-10-2011 22:00;180.0;4.0
19-10-2011 23:00;210.0;8.0
20-10-2011 0:00;;
20-10-2011 12:00;210.0;6.0
20-10-2011 13:00;180.0;8.0
20-10-2011 14:00;210.0;8.0
20-10-2011 15:00;180.0;8.0
20-10-2011 16:00;210.0;10.0
20-10-2011 17:00;180.0;8.0
20-10-2011 18:00;210.0;10.0
20-10-2011 19:00;240.0;8.0
20-10-2011 20:00;180.0;5.0
20-10-2011 21:00;180.0;12.0
20-10-2011 22:00;180.0;6.0
20-10-2011 23:00;240.0;4.0
21-10-2011 0:00;;
21-10-2011 12:00;210.0;12.0
21-10-2011 13:00;210.0;11.0
21-10-2011 14:00;180.0;12.0
21-10-2011 15:00;180.0;8.0
21-10-2011 16:00;180.0;10.0
21-10-2011 17:00;210.0;8.0
21-10-2011 18:00;210.0;8.0
21-10-2011 19:00;180.0;10.0
21-10-2011 20:00;180.0;9.0
21-10-2011 21:00;180.0;9.0
21-10-2011 22:00;180.0;10.0
21-10-2011 23:00;180.0;8.0
22-10-2011 0:00;;
22-10-2011 12:00;180.0;7.0
22-10-2011 13:00;180.0;5.0
22-10-2011 14:00;180.0;6.0
22-10-2011 15:00;180.0;3.0
22-10-2011 16:00;210.0;4.0
22-10-2011 17:00;210.0;8.0
22-10-2011 18:00;180.0;4.0
22-10-2011 19:00;240.0;4.0
22-10-2011 20:00;210.0;6.0
22-10-2011 21:00;210.0;5.0
22-10-2011 22:00;210.0;3.0
22-10-2011 23:00;210.0;3.0
23-10-2011 0:00;;
23-10-2011 12:00;180.0;4.0
23-10-2011 13:00;180.0;2.0
23-10-2011 14:00;210.0;3.0
23-10-2011 15:00;240.0;4.0
23-10-2011 16:00;210.0;7.0
23-10-2011 17:00;240.0;4.0
23-10-2011 18:00;210.0;5.0
23-10-2011 19:00;240.0;6.0
23-10-2011 20:00;210.0;2.0
23-10-2011 21:00;210.0;2.0
23-10-2011 22:00;210.0;3.0
23-10-2011 23:00;210.0;3.0
24-10-2011 0:00;;
24-10-2011 12:00;0.0;0.0
24-10-2011 13:00;270.0;5.0
24-10-2011 14:00;240.0;4.0
24-10-2011 15:00;0.0;0.0
24-10-2011 16:00;180.0;4.0
24-10-2011 17:00;300.0;5.0
24-10-2011 18:00;210.0;6.0
24-10-2011 19:00;180.0;5.0
24-10-2011 20:00;210.0;6.0
24-10-2011 21:00;180.0;6.0
24-10-2011 22:00;180.0;5.0
24-10-2011 23:00;180.0;10.0
25-10-2011 0:00;;
25-10-2011 12:00;180.0;8.0
25-10-2011 13:00;180.0;9.0
25-10-2011 14:00;180.0;8.0
25-10-2011 15:00;180.0;6.0
25-10-2011 16:00;180.0;10.0
25-10-2011 17:00;210.0;8.0
25-10-2011 18:00;210.0;5.0
25-10-2011 19:00;210.0;4.0
25-10-2011 20:00;180.0;6.0
25-10-2011 21:00;210.0;4.0
25-10-2011 22:00;240.0;4.0
25-10-2011 23:00;0.0;0.0
26-10-2011 0:00;;
26-10-2011 12:00;360.0;1.0
26-10-2011 13:00;300.0;4.0
26-10-2011 14:00;180.0;1.0
26-10-2011 15:00;210.0;3.0
26-10-2011 16:00;280.0;5.0
26-10-2011 17:00;280.0;6.0
26-10-2011 18:00;210.0;4.0
26-10-2011 19:00;0.0;0.0
26-10-2011 20:00;270.0;5.0
26-10-2011 21:00;280.0;9.0
26-10-2011 22:00;280.0;4.0
26-10-2011 23:00;270.0;6.0
27-10-2011 0:00;;
27-10-2011 12:00;360.0;3.0
27-10-2011 13:00;360.0;2.0
27-10-2011 14:00;330.0;2.0
27-10-2011 15:00;300.0;3.0
27-10-2011 16:00;320.0;3.0
27-10-2011 17:00;10.0;4.0
27-10-2011 18:00;300.0;3.0
27-10-2011 19:00;300.0;3.0
27-10-2011 20:00;270.0;3.0
27-10-2011 21:00;270.0;2.0
27-10-2011 22:00;270.0;6.0
27-10-2011 23:00;210.0;6.0
28-10-2011 0:00;;
28-10-2011 12:00;210.0;4.0
28-10-2011 13:00;180.0;6.0
28-10-2011 14:00;180.0;11.0
28-10-2011 15:00;180.0;9.0
28-10-2011 16:00;180.0;8.0
28-10-2011 17:00;180.0;12.0
28-10-2011 18:00;180.0;4.0
28-10-2011 19:00;180.0;8.0
28-10-2011 20:00;180.0;8.0
28-10-2011 21:00;180.0;8.0
28-10-2011 22:00;210.0;13.0
28-10-2011 23:00;180.0;10.0
29-10-2011 0:00;;
29-10-2011 12:00;180.0;10.0
29-10-2011 13:00;180.0;8.0
29-10-2011 14:00;210.0;8.0
29-10-2011 15:00;180.0;8.0
29-10-2011 16:00;180.0;12.0
29-10-2011 17:00;210.0;11.0
29-10-2011 18:00;210.0;8.0
29-10-2011 19:00;180.0;10.0
29-10-2011 20:00;180.0;8.0
29-10-2011 21:00;180.0;7.0
29-10-2011 22:00;180.0;8.0
29-10-2011 23:00;180.0;8.0
30-10-2011 0:00;;
30-10-2011 12:00;210.0;4.0
30-10-2011 13:00;180.0;4.0
30-10-2011 14:00;180.0;5.0
30-10-2011 15:00;210.0;4.0
30-10-2011 16:00;240.0;4.0
30-10-2011 17:00;210.0;5.0
30-10-2011 18:00;180.0;6.0
30-10-2011 19:00;210.0;5.0
30-10-2011 20:00;210.0;7.0
30-10-2011 21:00;210.0;6.0
30-10-2011 22:00;210.0;3.0
30-10-2011 23:00;210.0;1.0
31-10-2011 0:00;;
31-10-2011 12:00;30.0;3.0
31-10-2011 13:00;30.0;3.0
31-10-2011 14:00;360.0;2.0
31-10-2011 15:00;340.0;3.0
31-10-2011 16:00;360.0;3.0
31-10-2011 17:00;360.0;4.0
31-10-2011 18:00;300.0;3.0
31-10-2011 19:00;300.0;2.0
31-10-2011 20:00;270.0;6.0
31-10-2011 21:00;240.0;8.0
31-10-2011 22:00;240.0;4.0
31-10-2011 23:00;270.0;3.0
01-11-2011 0:00;;
01-11-2011 12:00;30.0;3.0
01-11-2011 13:00;360.0;4.0
01-11-2011 14:00;360.0;4.0
01-11-2011 15:00;330.0;2.0
01-11-2011 16:00;360.0;5.0
01-11-2011 17:00;360.0;5.0
01-11-2011 18:00;360.0;6.0
01-11-2011 19:00;360.0;9.0
01-11-2011 20:00;360.0;6.0
01-11-2011 21:00;360.0;8.0
01-11-2011 22:00;360.0;4.0
01-11-2011 23:00;180.0;4.0
02-11-2011 0:00;;
02-11-2011 12:00;210.0;4.0
02-11-2011 13:00;210.0;7.0
02-11-2011 14:00;210.0;8.0
02-11-2011 15:00;180.0;8.0
02-11-2011 16:00;180.0;5.0
02-11-2011 17:00;180.0;11.0
02-11-2011 18:00;180.0;4.0
02-11-2011 19:00;210.0;4.0
02-11-2011 20:00;180.0;7.0
02-11-2011 21:00;210.0;5.0
02-11-2011 22:00;210.0;6.0
02-11-2011 23:00;180.0;4.0
03-11-2011 0:00;;
03-11-2011 12:00;180.0;5.0
03-11-2011 13:00;210.0;5.0
03-11-2011 14:00;210.0;10.0
03-11-2011 15:00;210.0;5.0
03-11-2011 16:00;210.0;6.0
03-11-2011 17:00;210.0;3.0
03-11-2011 18:00;240.0;5.0
03-11-2011 19:00;210.0;4.0
03-11-2011 20:00;210.0;10.0
03-11-2011 21:00;260.0;8.0
03-11-2011 22:00;270.0;10.0
03-11-2011 23:00;270.0;6.0
04-11-2011 0:00;;
04-11-2011 12:00;210.0;5.0
04-11-2011 13:00;210.0;8.0
04-11-2011 14:00;210.0;7.0
04-11-2011 15:00;210.0;6.0
04-11-2011 16:00;240.0;6.0
04-11-2011 17:00;210.0;5.0
04-11-2011 18:00;210.0;5.0
04-11-2011 19:00;180.0;7.0
04-11-2011 20:00;220.0;5.0
04-11-2011 21:00;240.0;3.0
04-11-2011 22:00;210.0;4.0
04-11-2011 23:00;210.0;3.0
05-11-2011 0:00;;
05-11-2011 12:00;210.0;5.0
05-11-2011 13:00;210.0;5.0
05-11-2011 14:00;180.0;8.0
05-11-2011 15:00;180.0;7.0
05-11-2011 16:00;180.0;8.0
05-11-2011 17:00;180.0;8.0
05-11-2011 18:00;210.0;9.0
05-11-2011 19:00;210.0;9.0
05-11-2011 20:00;180.0;9.0
05-11-2011 21:00;180.0;8.0
05-11-2011 22:00;180.0;6.0
05-11-2011 23:00;180.0;8.0
06-11-2011 0:00;;
06-11-2011 12:00;210.0;4.0
06-11-2011 13:00;210.0;6.0
06-11-2011 14:00;210.0;6.0
06-11-2011 15:00;180.0;5.0
06-11-2011 16:00;180.0;6.0
06-11-2011 17:00;210.0;5.0
06-11-2011 18:00;180.0;6.0
06-11-2011 19:00;180.0;2.0
06-11-2011 20:00;360.0;5.0
06-11-2011 21:00;270.0;4.0
06-11-2011 22:00;270.0;4.0
06-11-2011 23:00;270.0;5.0
07-11-2011 0:00;;
07-11-2011 12:00;180.0;4.0
07-11-2011 13:00;180.0;5.0
07-11-2011 14:00;210.0;4.0
07-11-2011 15:00;210.0;6.0
07-11-2011 16:00;210.0;6.0
07-11-2011 17:00;240.0;6.0
07-11-2011 18:00;170.0;4.0
07-11-2011 19:00;180.0;4.0
07-11-2011 20:00;360.0;3.0
07-11-2011 21:00;240.0;5.0
07-11-2011 22:00;240.0;4.0
07-11-2011 23:00;240.0;8.0
08-11-2011 0:00;;
08-11-2011 12:00;360.0;3.0
08-11-2011 13:00;360.0;6.0
08-11-2011 14:00;360.0;8.0
08-11-2011 15:00;360.0;7.0
08-11-2011 16:00;360.0;8.0
08-11-2011 17:00;360.0;20.0
08-11-2011 18:00;350.0;10.0
08-11-2011 19:00;300.0;13.0
08-11-2011 20:00;300.0;8.0
08-11-2011 21:00;330.0;9.0
08-11-2011 22:00;360.0;9.0
08-11-2011 23:00;360.0;6.0
09-11-2011 0:00;;
09-11-2011 12:00;250.0;5.0
09-11-2011 13:00;260.0;6.0
09-11-2011 14:00;230.0;6.0
09-11-2011 15:00;360.0;4.0
09-11-2011 16:00;360.0;4.0
09-11-2011 17:00;300.0;4.0
09-11-2011 18:00;300.0;3.0
09-11-2011 19:00;230.0;4.0
09-11-2011 20:00;280.0;3.0
09-11-2011 21:00;240.0;5.0
09-11-2011 22:00;230.0;4.0
09-11-2011 23:00;270.0;2.0
10-11-2011 0:00;;
10-11-2011 12:00;200.0;10.0
10-11-2011 13:00;210.0;10.0
10-11-2011 14:00;200.0;10.0
10-11-2011 15:00;210.0;10.0
10-11-2011 16:00;200.0;12.0
10-11-2011 17:00;210.0;14.0
10-11-2011 18:00;180.0;8.0
10-11-2011 19:00;180.0;12.0
10-11-2011 20:00;180.0;11.0
10-11-2011 21:00;210.0;11.0
10-11-2011 22:00;200.0;10.0
10-11-2011 23:00;180.0;9.0
11-11-2011 0:00;;
11-11-2011 12:00;180.0;6.0
11-11-2011 13:00;210.0;7.0
11-11-2011 14:00;210.0;5.0
11-11-2011 15:00;210.0;4.0
11-11-2011 16:00;210.0;5.0
11-11-2011 17:00;210.0;7.0
11-11-2011 18:00;180.0;8.0
11-11-2011 19:00;210.0;8.0
11-11-2011 20:00;210.0;5.0
11-11-2011 21:00;210.0;4.0
11-11-2011 22:00;180.0;4.0
11-11-2011 23:00;210.0;3.0
12-11-2011 0:00;;
12-11-2011 12:00;210.0;2.0
12-11-2011 13:00;0.0;0.0
12-11-2011 14:00;50.0;4.0
12-11-2011 15:00;0.0;0.0
12-11-2011 16:00;290.0;3.0
12-11-2011 17:00;0.0;0.0
12-11-2011 18:00;30.0;3.0
12-11-2011 19:00;360.0;3.0
12-11-2011 20:00;300.0;3.0
12-11-2011 21:00;250.0;6.0
12-11-2011 22:00;240.0;5.0
12-11-2011 23:00;270.0;9.0
13-11-2011 0:00;;
13-11-2011 12:00;360.0;3.0
13-11-2011 13:00;320.0;2.0
13-11-2011 14:00;360.0;3.0
13-11-2011 15:00;360.0;2.0
13-11-2011 16:00;0.0;0.0
13-11-2011 17:00;0.0;0.0
13-11-2011 18:00;360.0;6.0
13-11-2011 19:00;240.0;5.0
13-11-2011 20:00;180.0;4.0
13-11-2011 21:00;180.0;6.0
13-11-2011 22:00;240.0;2.0
13-11-2011 23:00;0.0;0.0
14-11-2011 0:00;;
14-11-2011 12:00;210.0;4.0
14-11-2011 13:00;180.0;6.0
14-11-2011 14:00;180.0;4.0
14-11-2011 15:00;210.0;4.0
14-11-2011 16:00;180.0;4.0
14-11-2011 17:00;180.0;6.0
14-11-2011 18:00;180.0;3.0
14-11-2011 19:00;170.0;4.0
14-11-2011 20:00;180.0;5.0
14-11-2011 21:00;180.0;10.0
14-11-2011 22:00;210.0;4.0
14-11-2011 23:00;180.0;7.0
15-11-2011 0:00;;
15-11-2011 12:00;180.0;3.0
15-11-2011 13:00;30.0;2.0
15-11-2011 14:00;30.0;4.0
15-11-2011 15:00;30.0;4.0
15-11-2011 16:00;0.0;0.0
15-11-2011 17:00;120.0;3.0
15-11-2011 18:00;150.0;2.0
15-11-2011 19:00;310.0;3.0
15-11-2011 20:00;210.0;3.0
15-11-2011 21:00;210.0;5.0
15-11-2011 22:00;240.0;8.0
15-11-2011 23:00;210.0;4.0
16-11-2011 0:00;300.0;5.0
16-11-2011 12:00;30.0;5.0
16-11-2011 13:00;360.0;8.0
16-11-2011 14:00;330.0;8.0
16-11-2011 15:00;330.0;10.0
16-11-2011 16:00;360.0;6.0
16-11-2011 17:00;330.0;4.0
16-11-2011 18:00;360.0;6.0
16-11-2011 19:00;360.0;4.0
16-11-2011 20:00;330.0;5.0
16-11-2011 21:00;240.0;4.0
16-11-2011 22:00;210.0;5.0
16-11-2011 23:00;260.0;6.0
17-11-2011 0:00;300.0;5.0
17-11-2011 12:00;30.0;3.0
17-11-2011 13:00;360.0;5.0
17-11-2011 14:00;360.0;5.0
17-11-2011 15:00;360.0;6.0
17-11-2011 16:00;320.0;6.0
17-11-2011 17:00;330.0;4.0
17-11-2011 18:00;240.0;4.0
17-11-2011 19:00;240.0;6.0
17-11-2011 20:00;270.0;4.0
17-11-2011 21:00;240.0;7.0
17-11-2011 22:00;240.0;4.0
17-11-2011 23:00;240.0;6.0
18-11-2011 0:00;240.0;4.0
18-11-2011 12:00;300.0;3.0
18-11-2011 13:00;320.0;4.0
18-11-2011 14:00;330.0;3.0
18-11-2011 15:00;330.0;3.0
18-11-2011 16:00;330.0;5.0
18-11-2011 17:00;270.0;7.0
18-11-2011 18:00;240.0;5.0
18-11-2011 19:00;300.0;3.0
18-11-2011 20:00;280.0;6.0
18-11-2011 21:00;300.0;4.0
18-11-2011 22:00;360.0;2.0
18-11-2011 23:00;0.0;0.0
19-11-2011 0:00;0.0;0.0
19-11-2011 12:00;50.0;3.0
19-11-2011 13:00;30.0;4.0
19-11-2011 14:00;280.0;2.0
19-11-2011 15:00;290.0;4.0
19-11-2011 16:00;300.0;7.0
19-11-2011 17:00;330.0;5.0
19-11-2011 18:00;340.0;7.0
19-11-2011 19:00;330.0;7.0
19-11-2011 20:00;330.0;3.0
19-11-2011 21:00;300.0;3.0
19-11-2011 22:00;240.0;8.0
19-11-2011 23:00;240.0;8.0
20-11-2011 0:00;210.0;4.0
20-11-2011 12:00;60.0;2.0
20-11-2011 13:00;330.0;3.0
20-11-2011 14:00;240.0;4.0
20-11-2011 15:00;330.0;3.0
20-11-2011 16:00;360.0;4.0
20-11-2011 17:00;0.0;0.0
20-11-2011 18:00;310.0;3.0
20-11-2011 19:00;240.0;2.0
20-11-2011 20:00;240.0;2.0
20-11-2011 21:00;240.0;4.0
20-11-2011 22:00;260.0;4.0
20-11-2011 23:00;270.0;9.0
21-11-2011 0:00;240.0;6.0
21-11-2011 12:00;210.0;5.0
21-11-2011 13:00;180.0;4.0
21-11-2011 14:00;180.0;5.0
21-11-2011 15:00;180.0;5.0
21-11-2011 16:00;180.0;8.0
21-11-2011 17:00;180.0;6.0
21-11-2011 18:00;210.0;8.0
21-11-2011 19:00;180.0;6.0
21-11-2011 20:00;180.0;4.0
21-11-2011 21:00;180.0;8.0
21-11-2011 22:00;180.0;6.0
21-11-2011 23:00;180.0;4.0
22-11-2011 0:00;0.0;0.0
22-11-2011 12:00;180.0;4.0
22-11-2011 13:00;180.0;2.0
22-11-2011 14:00;280.0;3.0
22-11-2011 15:00;240.0;3.0
22-11-2011 16:00;270.0;4.0
22-11-2011 17:00;240.0;2.0
22-11-2011 18:00;270.0;8.0
22-11-2011 19:00;270.0;2.0
22-11-2011 20:00;240.0;8.0
22-11-2011 21:00;240.0;8.0
22-11-2011 22:00;240.0;7.0
22-11-2011 23:00;240.0;6.0
23-11-2011 0:00;240.0;2.0
23-11-2011 12:00;360.0;7.0
23-11-2011 13:00;330.0;6.0
23-11-2011 14:00;360.0;5.0
23-11-2011 15:00;330.0;5.0
23-11-2011 16:00;330.0;4.0
23-11-2011 17:00;330.0;4.0
23-11-2011 18:00;230.0;5.0
23-11-2011 19:00;210.0;9.0
23-11-2011 20:00;210.0;9.0
23-11-2011 21:00;180.0;8.0
24-11-2011 0:00;;
24-11-2011 12:00;180.0;4.0
24-11-2011 13:00;230.0;6.0
24-11-2011 14:00;180.0;5.0
24-11-2011 15:00;230.0;5.0
24-11-2011 16:00;170.0;3.0
24-11-2011 17:00;230.0;4.0
24-11-2011 18:00;210.0;8.0
24-11-2011 19:00;230.0;4.0
24-11-2011 20:00;200.0;9.0
24-11-2011 21:00;270.0;8.0
25-11-2011 0:00;;
25-11-2011 12:00;210.0;10.0
25-11-2011 13:00;210.0;10.0
25-11-2011 14:00;180.0;14.0
25-11-2011 15:00;180.0;12.0
25-11-2011 16:00;180.0;10.0
25-11-2011 17:00;180.0;8.0
25-11-2011 18:00;180.0;10.0
25-11-2011 19:00;180.0;10.0
25-11-2011 20:00;180.0;15.0
25-11-2011 21:00;180.0;15.0
26-11-2011 0:00;;
26-11-2011 12:00;180.0;2.0
26-11-2011 13:00;0.0;0.0
26-11-2011 14:00;210.0;4.0
26-11-2011 15:00;180.0;5.0
26-11-2011 16:00;180.0;2.0
26-11-2011 17:00;300.0;4.0
26-11-2011 18:00;180.0;4.0
26-11-2011 19:00;0.0;0.0
26-11-2011 20:00;210.0;2.0
26-11-2011 21:00;0.0;0.0
27-11-2011 0:00;;
27-11-2011 12:00;270.0;4.0
27-11-2011 13:00;240.0;4.0
27-11-2011 14:00;240.0;4.0
27-11-2011 15:00;240.0;2.0
27-11-2011 16:00;240.0;5.0
27-11-2011 17:00;300.0;5.0
27-11-2011 18:00;330.0;4.0
27-11-2011 19:00;210.0;4.0
27-11-2011 20:00;210.0;2.0
27-11-2011 21:00;180.0;4.0
28-11-2011 0:00;;
28-11-2011 12:00;210.0;9.0
28-11-2011 13:00;200.0;9.0
28-11-2011 14:00;210.0;11.0
28-11-2011 15:00;200.0;12.0
28-11-2011 16:00;180.0;7.0
28-11-2011 17:00;180.0;6.0
28-11-2011 18:00;180.0;9.0
28-11-2011 19:00;210.0;9.0
28-11-2011 20:00;180.0;8.0
28-11-2011 21:00;200.0;9.0
29-11-2011 0:00;;
29-11-2011 12:00;180.0;8.0
29-11-2011 13:00;180.0;13.0
29-11-2011 14:00;180.0;11.0
29-11-2011 15:00;200.0;12.0
29-11-2011 16:00;180.0;11.0
29-11-2011 17:00;180.0;14.0
29-11-2011 18:00;200.0;14.0
29-11-2011 19:00;180.0;11.0
29-11-2011 20:00;210.0;12.0
29-11-2011 21:00;180.0;9.0
30-11-2011 0:00;;
30-11-2011 12:00;200.0;6.0
30-11-2011 13:00;210.0;6.0
30-11-2011 14:00;180.0;5.0
30-11-2011 15:00;240.0;5.0
30-11-2011 16:00;230.0;2.0
30-11-2011 17:00;210.0;3.0
30-11-2011 18:00;210.0;4.0
30-11-2011 19:00;300.0;2.0
30-11-2011 20:00;150.0;5.0
30-11-2011 21:00;170.0;2.0
01-12-2011 0:00;270.0;6.0
01-12-2011 12:00;360.0;6.0
01-12-2011 13:00;360.0;5.0
01-12-2011 14:00;360.0;6.0
01-12-2011 15:00;360.0;4.0
01-12-2011 16:00;360.0;10.0
01-12-2011 17:00;360.0;8.0
01-12-2011 18:00;360.0;2.0
01-12-2011 19:00;210.0;12.0
01-12-2011 20:00;270.0;3.0
01-12-2011 21:00;270.0;7.0
02-12-2011 0:00;260.0;5.0
02-12-2011 12:00;0.0;0.0
02-12-2011 13:00;270.0;2.0
02-12-2011 14:00;0.0;0.0
02-12-2011 15:00;30.0;5.0
02-12-2011 16:00;30.0;10.0
02-12-2011 17:00;30.0;2.0
02-12-2011 18:00;30.0;6.0
02-12-2011 19:00;30.0;2.0
02-12-2011 20:00;0.0;0.0
02-12-2011 21:00;180.0;4.0
03-12-2011 0:00;170.0;3.0
03-12-2011 12:00;30.0;7.0
03-12-2011 13:00;360.0;10.0
03-12-2011 14:00;360.0;6.0
03-12-2011 15:00;360.0;10.0
03-12-2011 16:00;360.0;6.0
03-12-2011 17:00;320.0;7.0
03-12-2011 18:00;300.0;4.0
03-12-2011 19:00;240.0;6.0
03-12-2011 20:00;240.0;10.0
03-12-2011 21:00;210.0;6.0
04-12-2011 0:00;;
04-12-2011 12:00;180.0;6.0
04-12-2011 13:00;210.0;8.0
04-12-2011 14:00;180.0;6.0
04-12-2011 15:00;210.0;8.0
04-12-2011 16:00;240.0;2.0
04-12-2011 17:00;240.0;5.0
04-12-2011 18:00;180.0;8.0
04-12-2011 19:00;210.0;10.0
04-12-2011 20:00;180.0;10.0
04-12-2011 21:00;180.0;6.0
05-12-2011 0:00;;
05-12-2011 12:00;210.0;10.0
05-12-2011 13:00;180.0;6.0
05-12-2011 14:00;180.0;8.0
05-12-2011 15:00;190.0;9.0
05-12-2011 16:00;180.0;12.0
05-12-2011 17:00;200.0;10.0
05-12-2011 18:00;180.0;10.0
05-12-2011 19:00;180.0;12.0
05-12-2011 20:00;180.0;13.0
05-12-2011 21:00;180.0;8.0
06-12-2011 0:00;;
06-12-2011 12:00;180.0;5.0
06-12-2011 13:00;150.0;3.0
06-12-2011 14:00;180.0;4.0
06-12-2011 15:00;210.0;6.0
06-12-2011 16:00;150.0;4.0
06-12-2011 17:00;150.0;4.0
06-12-2011 18:00;210.0;4.0
06-12-2011 19:00;200.0;3.0
06-12-2011 20:00;210.0;3.0
06-12-2011 21:00;230.0;9.0
07-12-2011 0:00;;
07-12-2011 12:00;200.0;6.0
07-12-2011 13:00;180.0;6.0
07-12-2011 14:00;180.0;8.0
07-12-2011 15:00;210.0;3.0
07-12-2011 16:00;210.0;3.0
07-12-2011 17:00;180.0;4.0
07-12-2011 18:00;200.0;6.0
07-12-2011 19:00;150.0;4.0
07-12-2011 20:00;200.0;4.0
07-12-2011 21:00;210.0;5.0
08-12-2011 0:00;200.0;5.0
08-12-2011 12:00;210.0;5.0
08-12-2011 13:00;180.0;6.0
08-12-2011 14:00;210.0;6.0
08-12-2011 15:00;210.0;5.0
08-12-2011 16:00;210.0;8.0
08-12-2011 17:00;210.0;6.0
08-12-2011 18:00;180.0;6.0
08-12-2011 19:00;180.0;8.0
08-12-2011 20:00;240.0;5.0
08-12-2011 21:00;180.0;5.0
09-12-2011 0:00;;
09-12-2011 12:00;210.0;5.0
09-12-2011 13:00;210.0;4.0
09-12-2011 14:00;240.0;4.0
09-12-2011 15:00;210.0;5.0
09-12-2011 16:00;320.0;2.0
09-12-2011 17:00;210.0;5.0
09-12-2011 18:00;240.0;5.0
09-12-2011 19:00;240.0;6.0
09-12-2011 20:00;210.0;5.0
09-12-2011 21:00;180.0;8.0
10-12-2011 0:00;;
10-12-2011 12:00;210.0;6.0
10-12-2011 13:00;180.0;8.0
10-12-2011 14:00;180.0;8.0
10-12-2011 15:00;210.0;4.0
10-12-2011 16:00;240.0;5.0
10-12-2011 17:00;180.0;4.0
10-12-2011 18:00;180.0;5.0
10-12-2011 19:00;210.0;4.0
10-12-2011 20:00;0.0;0.0
10-12-2011 21:00;210.0;5.0
11-12-2011 0:00;;
11-12-2011 12:00;180.0;10.0
11-12-2011 13:00;180.0;12.0
11-12-2011 14:00;180.0;14.0
11-12-2011 15:00;180.0;6.0
11-12-2011 16:00;180.0;10.0
11-12-2011 17:00;180.0;14.0
11-12-2011 18:00;180.0;12.0
11-12-2011 19:00;210.0;8.0
11-12-2011 20:00;180.0;9.0
11-12-2011 21:00;210.0;8.0
12-12-2011 0:00;;
12-12-2011 12:00;180.0;8.0
12-12-2011 13:00;180.0;10.0
12-12-2011 14:00;190.0;5.0
12-12-2011 15:00;150.0;6.0
12-12-2011 16:00;220.0;6.0
12-12-2011 17:00;180.0;5.0
12-12-2011 18:00;210.0;7.0
12-12-2011 19:00;150.0;4.0
12-12-2011 20:00;140.0;3.0
12-12-2011 21:00;210.0;3.0
13-12-2011 0:00;;
13-12-2011 12:00;150.0;4.0
13-12-2011 13:00;190.0;2.0
13-12-2011 14:00;180.0;6.0
13-12-2011 15:00;210.0;2.0
13-12-2011 16:00;230.0;5.0
13-12-2011 17:00;270.0;4.0
13-12-2011 18:00;0.0;0.0
13-12-2011 19:00;150.0;3.0
13-12-2011 20:00;0.0;0.0
13-12-2011 21:00;270.0;6.0
14-12-2011 0:00;;
14-12-2011 12:00;0.0;0.0
14-12-2011 13:00;330.0;4.0
14-12-2011 14:00;330.0;3.0
14-12-2011 15:00;360.0;2.0
14-12-2011 16:00;300.0;3.0
14-12-2011 17:00;300.0;5.0
14-12-2011 18:00;300.0;6.0
14-12-2011 19:00;360.0;2.0
14-12-2011 20:00;360.0;3.0
14-12-2011 21:00;230.0;7.0
15-12-2011 0:00;;
15-12-2011 12:00;360.0;4.0
15-12-2011 13:00;300.0;4.0
15-12-2011 14:00;360.0;4.0
15-12-2011 15:00;360.0;6.0
15-12-2011 16:00;360.0;8.0
15-12-2011 17:00;360.0;4.0
15-12-2011 18:00;360.0;6.0
15-12-2011 19:00;360.0;6.0
15-12-2011 20:00;360.0;2.0
15-12-2011 21:00;360.0;4.0
16-12-2011 0:00;;
16-12-2011 12:00;330.0;3.0
16-12-2011 13:00;330.0;3.0
16-12-2011 14:00;0.0;0.0
16-12-2011 15:00;230.0;3.0
16-12-2011 16:00;360.0;2.0
16-12-2011 17:00;60.0;6.0
16-12-2011 18:00;210.0;2.0
16-12-2011 19:00;230.0;4.0
16-12-2011 20:00;360.0;2.0
16-12-2011 21:00;30.0;6.0
17-12-2011 0:00;;
17-12-2011 12:00;180.0;4.0
17-12-2011 13:00;180.0;6.0
17-12-2011 14:00;180.0;6.0
17-12-2011 15:00;180.0;6.0
17-12-2011 16:00;180.0;4.0
17-12-2011 17:00;180.0;8.0
17-12-2011 18:00;180.0;6.0
17-12-2011 19:00;180.0;10.0
17-12-2011 20:00;210.0;8.0
17-12-2011 21:00;180.0;10.0
18-12-2011 0:00;;
18-12-2011 12:00;180.0;6.0
18-12-2011 13:00;210.0;7.0
18-12-2011 14:00;180.0;6.0
18-12-2011 15:00;180.0;6.0
18-12-2011 16:00;270.0;3.0
18-12-2011 17:00;180.0;4.0
18-12-2011 18:00;180.0;8.0
18-12-2011 19:00;180.0;7.0
18-12-2011 20:00;270.0;8.0
18-12-2011 21:00;210.0;4.0
19-12-2011 0:00;220.0;6.0
19-12-2011 12:00;180.0;6.0
19-12-2011 13:00;180.0;10.0
19-12-2011 14:00;210.0;10.0
19-12-2011 15:00;180.0;7.0
19-12-2011 16:00;180.0;8.0
19-12-2011 17:00;270.0;4.0
19-12-2011 18:00;180.0;6.0
19-12-2011 19:00;240.0;10.0
19-12-2011 20:00;270.0;5.0
19-12-2011 21:00;240.0;10.0
20-12-2011 0:00;230.0;8.0
20-12-2011 12:00;240.0;3.0
20-12-2011 13:00;240.0;2.0
20-12-2011 14:00;240.0;2.0
20-12-2011 15:00;0.0;0.0
20-12-2011 16:00;360.0;4.0
20-12-2011 17:00;270.0;6.0
20-12-2011 18:00;180.0;4.0
20-12-2011 19:00;240.0;6.0
20-12-2011 20:00;210.0;6.0
20-12-2011 21:00;240.0;6.0
21-12-2011 0:00;220.0;8.0
21-12-2011 12:00;200.0;10.0
21-12-2011 13:00;180.0;11.0
21-12-2011 14:00;200.0;9.0
21-12-2011 15:00;210.0;7.0
21-12-2011 16:00;180.0;6.0
21-12-2011 17:00;240.0;3.0
21-12-2011 18:00;270.0;7.0
21-12-2011 19:00;270.0;7.0
21-12-2011 20:00;210.0;6.0
21-12-2011 21:00;180.0;5.0
22-12-2011 0:00;180.0;7.0
22-12-2011 12:00;180.0;9.0
22-12-2011 13:00;180.0;15.0
22-12-2011 14:00;210.0;15.0
22-12-2011 15:00;180.0;12.0
22-12-2011 16:00;200.0;9.0
22-12-2011 17:00;210.0;12.0
22-12-2011 18:00;200.0;14.0
22-12-2011 19:00;190.0;12.0
22-12-2011 20:00;180.0;10.0
22-12-2011 21:00;200.0;12.0
23-12-2011 0:00;190.0;12.0
23-12-2011 12:00;210.0;12.0
23-12-2011 13:00;210.0;8.0
23-12-2011 14:00;180.0;10.0
23-12-2011 15:00;180.0;6.0
23-12-2011 16:00;180.0;10.0
23-12-2011 17:00;210.0;10.0
23-12-2011 18:00;210.0;8.0
23-12-2011 19:00;180.0;10.0
23-12-2011 20:00;180.0;10.0
23-12-2011 21:00;180.0;8.0
23-12-2011 22:00;180.0;8.0
23-12-2011 23:00;180.0;8.0
24-12-2011 0:00;180.0;10.0
24-12-2011 12:00;180.0;8.0
24-12-2011 13:00;210.0;4.0
24-12-2011 14:00;240.0;4.0
24-12-2011 15:00;180.0;10.0
24-12-2011 16:00;180.0;8.0
24-12-2011 17:00;240.0;3.0
24-12-2011 18:00;180.0;4.0
24-12-2011 19:00;90.0;3.0
24-12-2011 20:00;240.0;3.0
24-12-2011 21:00;210.0;6.0
24-12-2011 22:00;180.0;5.0
24-12-2011 23:00;180.0;4.0
25-12-2011 0:00;180.0;5.0
25-12-2011 12:00;30.0;3.0
25-12-2011 13:00;30.0;3.0
25-12-2011 14:00;20.0;3.0
25-12-2011 15:00;360.0;4.0
25-12-2011 16:00;300.0;6.0
25-12-2011 17:00;240.0;3.0
25-12-2011 18:00;210.0;6.0
25-12-2011 19:00;330.0;3.0
25-12-2011 20:00;210.0;4.0
25-12-2011 21:00;210.0;4.0
25-12-2011 22:00;210.0;5.0
25-12-2011 23:00;270.0;5.0
26-12-2011 0:00;210.0;5.0
26-12-2011 12:00;180.0;1.0
26-12-2011 13:00;0.0;0.0
26-12-2011 14:00;180.0;4.0
26-12-2011 15:00;180.0;4.0
26-12-2011 16:00;180.0;8.0
26-12-2011 17:00;210.0;5.0
26-12-2011 18:00;180.0;8.0
26-12-2011 19:00;210.0;9.0
26-12-2011 20:00;210.0;8.0
26-12-2011 21:00;180.0;4.0
26-12-2011 22:00;180.0;9.0
26-12-2011 23:00;210.0;10.0
27-12-2011 0:00;210.0;6.0
27-12-2011 12:00;180.0;4.0
27-12-2011 13:00;240.0;4.0
27-12-2011 14:00;0.0;0.0
27-12-2011 15:00;270.0;4.0
27-12-2011 16:00;270.0;3.0
27-12-2011 17:00;180.0;4.0
27-12-2011 18:00;180.0;8.0
27-12-2011 19:00;360.0;6.0
27-12-2011 20:00;300.0;5.0
27-12-2011 21:00;240.0;5.0
27-12-2011 22:00;210.0;4.0
27-12-2011 23:00;240.0;4.0
28-12-2011 0:00;240.0;6.0
28-12-2011 12:00;30.0;3.0
28-12-2011 13:00;360.0;2.0
28-12-2011 14:00;210.0;4.0
28-12-2011 15:00;240.0;2.0
28-12-2011 16:00;90.0;4.0
28-12-2011 17:00;360.0;4.0
28-12-2011 18:00;180.0;4.0
28-12-2011 19:00;330.0;5.0
28-12-2011 20:00;180.0;4.0
28-12-2011 21:00;210.0;5.0
28-12-2011 22:00;240.0;8.0
28-12-2011 23:00;270.0;5.0
29-12-2011 0:00;270.0;4.0
29-12-2011 12:00;210.0;8.0
29-12-2011 13:00;150.0;11.0
29-12-2011 14:00;210.0;10.0
29-12-2011 15:00;180.0;12.0
29-12-2011 16:00;180.0;10.0
29-12-2011 17:00;180.0;8.0
29-12-2011 18:00;180.0;12.0
29-12-2011 19:00;180.0;10.0
29-12-2011 20:00;180.0;10.0
29-12-2011 21:00;210.0;8.0
29-12-2011 22:00;210.0;12.0
29-12-2011 23:00;210.0;8.0
30-12-2011 0:00;180.0;6.0
30-12-2011 12:00;180.0;8.0
30-12-2011 13:00;180.0;9.0
30-12-2011 14:00;180.0;5.0
30-12-2011 15:00;150.0;9.0
30-12-2011 16:00;210.0;6.0
30-12-2011 17:00;150.0;6.0
30-12-2011 18:00;210.0;7.0
30-12-2011 19:00;260.0;6.0
30-12-2011 20:00;210.0;5.0
30-12-2011 21:00;170.0;4.0
30-12-2011 22:00;150.0;4.0
30-12-2011 23:00;180.0;3.0
31-12-2011 0:00;180.0;4.0
31-12-2011 12:00;30.0;5.0
31-12-2011 13:00;330.0;5.0
31-12-2011 14:00;30.0;5.0
31-12-2011 15:00;360.0;4.0
31-12-2011 16:00;280.0;5.0
31-12-2011 17:00;0.0;0.0
31-12-2011 18:00;240.0;8.0
31-12-2011 19:00;0.0;0.0
31-12-2011 20:00;270.0;4.0
31-12-2011 21:00;240.0;6.0
31-12-2011 22:00;270.0;4.0
31-12-2011 23:00;240.0;4.0
