FECHA (YYMMDD);Registros validados
2013-01-03;12.2021
2013-01-06;8.86414
2013-01-07;10.0016
2013-01-08;10.5093
2013-01-11;12.6679
2013-06-28;13.9958
2013-06-29;17.2935
2013-06-30;40.282
2013-07-01;57.0496
2013-07-02;17.897
2013-07-03;13.9103
2013-07-04;35.0568
2013-07-05;37.6252
2013-07-06;37.9859
2013-07-07;34.2979
2013-07-08;31.163
2013-07-09;16.3044
2013-07-10;13.6901
2013-07-11;48.0934
2013-07-12;45.149
2013-07-13;37.9169
2013-07-14;69.3225
2013-07-15;21.3505
2013-07-16;23.5109
2013-07-17;24.7124
2013-07-18;24.6303
2013-07-19;47.822
2013-07-20;69.8706
2013-07-21;39.0189
2013-07-22;48.7662
2013-07-23;32.4487
2013-07-24;26.9517
2013-07-25;48.5633
2013-07-26;38.892
2013-07-27;50.9338
2013-07-28;39.4989
2013-07-29;19.3458
2013-07-30;19.6255
2013-07-31;42.1147
2013-08-01;38.9994
2013-08-02;30.9159
2013-08-03;19.4729
2013-08-04;15.0513
2013-08-05;21.9006
2013-08-06;33.0598
2013-08-07;30.7659
2013-08-08;54.2832
2013-08-09;32.4066
2013-08-10;42.045
2013-08-11;18.2615
2013-08-12;20.7971
2013-08-13;24.0698
2013-08-14;60.9854
2013-08-15;87.7443
2013-08-16;23.2439
2013-08-17;60.8452
2013-08-18;42.9402
2013-08-19;21.2833
2013-08-20;39.6408
2013-08-21;48.3953
2013-08-22;22.0558
2013-08-23;24.5368
2013-08-24;50.0348
2013-08-25;107.788
2013-08-26;78.1782
2013-08-27;56.6904
2013-08-28;18.6823
2013-08-29;25.024
2013-08-30;24.8873
2013-08-31;28.9073
2013-09-01;40.781
2013-09-02;56.9385
2013-09-03;71.4897
2013-09-04;51.3654
2013-09-05;14.1464
2013-09-06;16.5633
2013-09-07;11.0863
2013-09-08;17.7581
2013-09-09;16.5796
2013-09-10;16.7569
2013-09-11;37.0651
2013-09-12;23.2181
2013-09-13;22.9771
2013-09-14;26.8391
2013-09-15;25.1108
2013-09-16;41.9487
2013-09-17;33.7728
2013-09-18;26.3517
2013-09-19;24.2181
2013-09-20;21.2917
2013-09-21;36.5999
2013-09-22;21.5338
2013-09-23;25.4074
2013-09-24;23.4338
2013-09-25;26.5216
2013-09-26;20.4124
2013-09-27;18.1228
2013-09-28;35.4401
2013-09-29;22.3916
2013-09-30;22.2682
2013-10-01;21.4307
2013-10-02;19.9324
2013-10-03;28.0817
2013-10-04;17.3146
2013-10-05;19.2496
2013-10-06;15.2138
2013-10-07;18.5029
2013-10-08;17.189
2013-10-09;17.6136
2013-10-10;16.9998
2013-10-11;16.6136
2013-10-12;16.6954
2013-10-13;17.5882
2013-10-14;15.3524
2013-10-15;14.3195
2013-10-16;14.4139
2013-10-17;14.1097
2013-10-18;14.3658
2013-10-19;13.3867
2013-10-20;13.7391
2013-10-21;12.5898
2013-10-22;16.9244
2013-10-23;13.6539
2013-10-24;14.4565
2013-10-25;16.6585
2013-10-26;16.1842
2013-10-27;13.8191
2013-10-28;16.6563
2013-10-29;12.7818
2013-10-30;15.0643
2013-10-31;13.9385
2013-11-01;18.3694
2013-11-02;15.7696
2013-11-03;13.3271
2013-11-04;15.9673
2013-11-05;14.2998
2013-11-06;12.5738
2013-11-07;12.0825
2013-11-08;14.94
2013-11-09;13.286
2013-11-10;13.1472
2013-11-11;11.1273
2013-11-12;11.1266
2013-11-13;14.4516
2013-11-14;11.9353
2013-11-15;12.513
2013-11-16;12.7278
2013-11-17;12.0986
2013-11-18;11.7107
2013-11-19;14.3887
2013-11-20;15.1195
2013-11-21;16.5922
2013-11-22;16.181
2013-11-23;14.1837
2013-11-24;11.9745
2013-11-25;12.558
2013-11-26;12.5071
2013-11-27;15.7652
2013-11-28;11.613
2013-11-29;13.5414
2013-11-30;14.0231
2013-12-01;18.6236
2013-12-02;12.0171
2013-12-03;13.5414
2013-12-04;12.2173
2013-12-05;11.4971
2013-12-06;12.6336
2013-12-07;11.5608
2013-12-08;14.3072
2013-12-09;11.7084
2013-12-10;12.4026
2013-12-11;15.4042
2013-12-12;13.1321
2013-12-13;14.9871
2013-12-14;11.1712
2013-12-15;13.9683
2013-12-16;13.9568
2013-12-17;12.8365
2013-12-18;13.3501
2013-12-19;17.3892
2013-12-20;13.3215
2013-12-21;12.9113
2013-12-22;12.6672
2013-12-23;31.5942
2013-12-24;17.0806
2013-12-25;17.1096
2013-12-26;12.4099
2013-12-27;12.087
2013-12-28;12.3799
2013-12-29;11.5866
2013-12-30;12.2071
2013-12-31;14.4998
2014-01-01;10.6329
2014-01-02;13.4169
2014-01-03;14.2143
2014-01-04;24.7827
2014-01-05;17.7714
2014-01-06;17.2467
2014-01-07;14.3464
2014-01-08;13.6097
2014-01-09;10.0865
2014-01-10;11.5998
2014-01-11;12.122
2014-01-12;12.7962
2014-01-13;17.4623
2014-01-14;29.6518
2014-01-15;36.8364
2014-01-16;15.9566
2014-01-17;12.945
2014-01-18;11.2939
2014-01-19;9.84413
2014-01-20;21.4669
2014-01-21;10.158
2014-01-22;11.8971
2014-01-23;10.6568
2014-01-24;10.9416
2014-01-25;13.2142
2014-01-26;13.9358
2014-01-27;14.1323
2014-01-28;12.3146
2014-01-29;13.4588
2014-01-30;11.8737
2014-01-31;10.6003
2014-02-01;10.6723
2014-02-02;9.95937
2014-02-03;12.7097
2014-02-04;10.4435
2014-02-05;11.2434
2014-02-06;11.2966
2014-02-07;12.3656
2014-02-08;10.4242
2014-02-09;10.8348
2014-02-10;12.272
2014-02-11;11.814
2014-02-12;10.6463
2014-02-13;14.4813
2014-02-14;13.1869
2014-02-15;13.5929
2014-02-16;12.3995
2014-02-17;15.6478
2014-02-18;11.5827
2014-02-19;11.0625
2014-02-20;15.0768
2014-02-21;12.3355
2014-02-22;13.949
2014-02-23;14.7759
2014-02-24;16.2448
2014-02-25;15.2529
2014-02-26;17.5818
2014-02-27;21.3993
2014-02-28;13.5826
2014-03-01;13.5881
2014-03-02;11.9635
2014-03-03;14.1028
2014-03-04;12.8547
2014-03-05;13.0655
2014-03-06;14.3392
2014-03-07;19.3886
2014-03-08;18.2252
2014-03-09;10.2487
2014-03-10;11.2453
2014-03-11;12.5707
2014-03-12;12.2224
2014-03-13;11.531
2014-03-14;20.1299
2014-03-15;12.9969
2014-03-16;9.763
2014-03-17;11.1189
2014-03-18;14.7408
2014-03-19;19.6721
2014-03-20;37.6517
2014-03-21;19.7608
2014-03-22;18.4477
2014-04-02;20.7974
2014-04-03;25.845
2014-04-04;41.7411
2014-04-05;32.5535
2014-04-06;34.2291
2014-04-07;25.1368
2014-04-08;20.2662
2014-04-09;28.23
2014-04-10;16.1071
2014-04-11;22.8475
2014-04-17;16.8336
2014-04-18;24.5758
2014-04-19;19.8
2014-04-20;17.443
2014-04-21;18.3125
2014-04-22;16.6846
2014-04-23;22.6203
2014-04-24;30.5395
2014-04-25;52.0621
2014-04-26;29.5257
2014-04-27;23.6473
2014-04-28;19.2446
2014-04-29;43.353
2014-04-30;58.8085
2014-05-01;24.5354
2014-05-02;19.3222
2014-05-03;12.1207
2014-05-04;19.99
2014-05-05;31.4091
2014-05-06;55.2355
2014-05-07;37.933
2014-05-08;23.6564
2014-05-13;54.6571
2014-05-14;26.327
2014-05-15;28.4797
2014-05-16;17.1335
2014-05-17;36.5856
2014-05-18;28.8897
2014-05-19;41.0234
2014-05-20;21.6638
2014-05-21;20.9803
2014-05-22;39.8293
2014-05-23;74.5918
2014-05-24;54.7659
2014-05-25;42.4003
2014-05-26;67.3302
2014-05-27;91.7356
2014-05-28;42.3809
2014-05-29;27.662
2014-05-30;81.734
2014-05-31;29.8152
2014-06-01;29.6418
2014-06-02;18.0943
2014-06-03;14.757
2014-06-04;19.8538
2014-06-05;25.9774
2014-06-06;18.216
2014-06-07;11.033
2014-06-08;11.986
2014-06-09;26.6572
2014-06-10;13.7991
2014-06-11;14.383
2014-06-12;25.8594
2014-06-13;42.3926
2014-06-14;21.213
2014-06-15;56.0479
2014-06-16;37.7441
2014-06-21;37.3361
2014-06-22;33.7602
2014-06-23;54.7587
2014-06-24;35.1089
2014-06-25;59.5111
2014-06-26;97.3888
2014-06-27;50.2671
2014-06-28;52.7045
2014-06-29;30.8202
2014-06-30;23.1776
2014-07-01;25.8767
2014-07-02;20.1761
2014-07-03;116.962
2014-07-04;65.7657
2014-07-18;24.6815
2014-07-19;51.6607
2014-07-20;37.6478
2014-07-21;44.2446
2014-07-22;24.8113
2014-07-23;30.9052
2014-07-24;47.7272
2014-07-25;95.0168
2014-07-26;70.8751
2014-07-27;17.3536
2014-07-28;12.0669
2014-07-29;41.3533
2014-07-30;44.1858
2014-07-31;9.9037
2014-08-01;8.07051
2014-08-02;7.57566
2014-08-03;17.5596
2014-08-04;29.9262
2014-08-05;18.7537
2014-08-06;21.1178
2014-08-07;36.0522
2014-08-08;31.8116
2014-08-09;27.6539
2014-08-10;19.4521
2014-08-11;29.8792
2014-08-12;16.0851
2014-08-13;26.731
2014-08-14;56.2881
2014-08-15;71.5355
2014-08-16;107.481
2014-08-17;79.4362
2014-08-18;41.9805
2014-08-19;37.2641
2014-08-20;28.2708
2014-08-21;59.052
2014-08-22;28.6533
2014-08-23;11.3337
2014-08-24;9.41116
2014-08-25;19.1303
2014-08-26;29.1545
2014-08-27;34.4673
2014-08-28;38.2794
2014-08-29;19.0478
2014-08-30;10.3095
2014-08-31;27.4331
2014-09-01;7.46072
2014-09-02;10.1664
2014-09-03;24.1507
2014-09-04;14.4416
2014-09-05;7.33215
2014-09-06;11.3434
2014-09-07;23.3606
2014-09-08;42.265
2014-09-09;41.5207
2014-09-10;24.4482
2014-09-11;41.4768
2014-09-12;27.9491
2014-09-13;20.0887
2014-09-14;29.9508
2014-09-15;24.8413
2014-09-16;21.7088
2014-09-17;26.1509
2014-09-18;30.6122
2014-09-19;17.9197
2014-09-20;20.1271
2014-09-21;18.7978
2014-09-22;23.0223
2014-09-23;10.2654
2014-09-24;7.83515
2014-09-25;12.3829
2014-09-26;18.3355
2014-09-27;8.82352
2014-09-28;9.22542
2014-09-29;15.5358
2014-09-30;14.4556
2014-10-01;18.3719
2014-10-02;15.9656
2014-10-03;15.0778
2014-10-04;19.7899
2014-10-05;16.1755
2014-10-06;14.3971
2014-10-07;13.0579
2014-10-08;9.0477
2014-10-09;10.7981
2014-10-10;12.6364
2014-10-11;11.6436
2014-10-12;8.50105
2014-10-13;13.9669
2014-10-14;16.9449
2014-10-15;11.3062
2014-10-16;12.3749
2014-10-17;7.89564
2014-10-18;10.5477
2014-10-19;11.969
2014-10-20;11.5018
2014-10-21;11.5383
2014-10-22;8.76469
2014-10-23;13.7211
2014-10-24;18.7209
2014-10-25;13.1995
2014-10-26;11.1853
2014-10-27;10.4223
2014-10-28;7.22772
2014-10-29;7.35345
2014-10-30;12.6262
2014-10-31;5.95229
2014-11-01;5.90926
2014-11-02;5.82068
2014-11-03;9.42102
2014-11-04;7.85287
2014-11-05;6.14668
2014-11-06;7.79351
2014-11-07;8.72614
2014-11-08;8.16302
2014-11-09;8.27959
2014-11-10;8.69884
2014-11-11;6.0327
2014-11-12;7.15958
2014-11-13;7.40258
2014-11-14;10.1175
2014-11-15;8.46271
2014-11-16;10.5363
2014-11-17;9.57439
2014-11-18;5.95362
2014-11-19;10.1059
2014-11-20;7.13132
2014-11-21;8.98628
2014-11-22;8.76172
2014-11-23;4.36053
2014-11-24;6.41718
2014-11-25;8.34062
2014-11-26;9.57426
2014-11-27;8.65495
2014-11-28;9.7532
2014-11-29;5.14864
2014-11-30;7.09677
2014-12-01;9.49817
2014-12-02;9.80884
2014-12-03;10.7813
2014-12-04;11.8651
2014-12-05;6.94041
2014-12-06;5.62677
2014-12-07;7.83305
2014-12-08;7.99994
2014-12-09;7.7777
2014-12-10;9.06041
2014-12-11;13.9037
2014-12-12;13.7238
2014-12-13;20.8542
2014-12-14;13.3185
2014-12-15;10.8608
2014-12-16;18.0666
2014-12-17;18.4207
2014-12-18;26.5352
2014-12-19;13.0011
2014-12-20;6.12471
2014-12-21;11.0864
2014-12-22;14.2412
2014-12-23;17.123
2014-12-24;18.183
2014-12-25;10.8121
2014-12-26;18.6132
2014-12-27;12.5513
2014-12-28;12.9167
2014-12-29;12.0154
2014-12-30;11.0321
2014-12-31;8.12169
2015-01-01;10.0226
2015-01-02;13.1541
2015-01-03;16.2327
2015-01-04;14.6584
2015-01-05;17.28
2015-01-06;17.223
2015-01-07;19.8774
2015-01-08;24.7325
2015-01-09;20.954
2015-01-10;20.6655
2015-01-11;30.3343
2015-01-12;27.3836
2015-01-13;17.9421
2015-01-14;16.5357
2015-01-15;29.9098
2015-01-16;27.7588
2015-01-17;16.0935
2015-01-18;11.7862
2015-01-19;16.1122
2015-01-20;19.717
2015-01-21;17.0436
2015-01-22;21.7166
2015-01-23;18.7143
2015-01-24;15.6311
2015-01-25;14.3757
2015-01-26;15.2048
2015-01-27;20.2136
2015-01-28;22.3202
2015-01-29;35.2715
2015-01-30;28.5154
2015-01-31;25.1242
2015-02-01;19.8442
2015-02-02;27.9689
2015-02-03;29.106
2015-02-04;26.3987
2015-02-05;24.6152
2015-02-06;16.7997
2015-02-07;19.4688
2015-02-08;18.8037
2015-02-09;17.2904
2015-02-10;20.295
2015-02-11;25.5318
2015-02-12;25.7269
2015-02-13;29.8457
2015-02-14;27.2698
2015-02-15;28.5631
2015-02-16;34.9944
2015-02-17;36.8384
2015-02-18;52.9858
2015-02-19;66.3611
2015-02-20;32.9069
2015-02-21;33.3008
2015-02-22;27.5092
2015-02-23;28.8933
2015-02-24;19.3309
2015-02-25;32.5078
2015-02-26;20.9701
2015-02-27;20.2298
2015-02-28;16.5701
2015-03-01;16.3699
2015-03-02;16.2558
2015-03-03;23.46
2015-03-04;22.4219
2015-03-05;24.7809
2015-03-06;24.5278
2015-03-07;14.6096
2015-03-08;17.501
2015-03-09;34.7065
2015-03-10;48.7065
2015-03-11;67.5112
2015-03-12;58.7923
2015-03-13;35.5219
2015-03-14;28.6237
2015-03-15;49.9965
2015-03-16;24.1908
2015-03-17;21.1263
2015-03-18;37.5888
2015-03-19;41.4814
2015-03-20;25.9232
2015-03-21;33.519
2015-03-22;15.7735
2015-03-23;16.9524
2015-03-24;17.502
2015-03-25;30.6614
2015-03-26;21.8709
2015-03-27;30.0078
2015-03-28;29.7046
2015-03-29;13.3943
2015-03-30;20.019
2015-03-31;23.2937
2015-04-01;32.2273
2015-04-02;22.1091
2015-04-03;8.0919
2015-04-04;11.2027
2015-04-05;16.2757
2015-04-06;25.6468
2015-04-07;16.6074
2015-04-08;14.454
2015-04-09;19.3937
2015-04-10;25.2943
2015-04-11;52.1616
2015-04-12;60.7637
2015-04-13;19.0611
2015-04-14;24.049
2015-04-15;46.1754
2015-04-16;14.14
2015-04-17;36.7753
2015-04-18;43.7566
2015-04-19;9.43387
2015-04-20;11.3723
2015-04-21;18.1644
2015-04-22;35.8007
2015-04-23;155.523
2015-04-24;99.2313
2015-04-25;97.7231
2015-04-26;74.7416
2015-04-27;50.3074
2015-04-28;124.216
2015-04-29;65.7222
2015-04-30;36.3184
2015-05-01;44.4022
2015-05-02;20.2576
2015-05-03;16.8387
2015-05-04;22.9862
2015-05-05;26.3908
2015-05-06;62.3745
2015-05-07;85.6426
2015-05-08;23.4693
2015-05-09;26.1785
2015-05-10;33.8386
2015-05-11;43.9595
2015-05-12;46.2845
2015-05-13;30.7678
2015-05-14;42.3605
2015-05-15;67.483
2015-05-16;44.1318
2015-05-17;38.7115
2015-05-18;43.5963
2015-05-19;90.7435
2015-05-20;12.6199
2015-05-21;17.5018
2015-05-22;61.7408
2015-05-23;23.9104
2015-05-24;20.9974
2015-05-25;54.9726
2015-05-26;79.8779
2015-05-27;74.4038
2015-05-28;50.14
2015-05-29;59.7097
2015-05-30;74.5299
2015-05-31;74.3745
2015-06-01;22.2902
2015-06-02;16.0401
2015-06-03;20.0623
2015-06-04;23.3496
2015-06-05;9.57216
2015-06-06;10.7655
2015-06-07;40.2943
2015-06-08;11.3655
2015-06-09;37.9863
2015-06-10;83.517
2015-06-11;49.8878
2015-06-12;23.0964
2015-06-13;14.9721
2015-06-14;38.9873
2015-06-15;35.4603
2015-06-16;73.4916
2015-06-17;68.5413
2015-06-18;56.3665
2015-06-19;105.748
2015-06-20;28.6711
2015-06-21;16.6845
2015-06-22;52.7242
2015-06-23;96.1456
2015-06-24;30.5275
2015-06-25;53.2838
2015-06-26;37.2179
2015-06-27;14.9014
2015-06-28;19.1225
2015-06-29;76.2003
2015-07-01;62.7795
2015-07-02;69.3468
2015-07-03;59.6959
2015-07-04;79.9154
2015-07-05;15.5921
2015-07-06;51.6526
2015-07-07;38.1141
2015-07-08;9.78662
2015-07-09;40.0316
2015-07-10;34.4623
2015-07-11;11.0815
2015-07-12;31.1317
2015-07-13;16.1978
2015-07-14;44.6843
2015-07-15;15.3646
2015-07-16;27.9435
2015-07-17;21.9861
2015-07-18;46.6825
2015-07-19;34.8447
2015-07-22;56.942
2015-07-23;60.9816
2015-07-24;45.5125
2015-07-25;45.1929
2015-07-26;9.23846
2015-07-27;10.1434
2015-07-28;18.2911
2015-07-29;30.4379
2015-07-30;14.3278
2015-07-31;12.0879
2015-08-01;8.02364
2015-08-02;14.3795
2015-08-03;43.5212
2015-08-04;25.5084
2015-08-05;9.92664
2015-08-06;19.7291
2015-08-07;40.7509
2015-08-08;10.585
2015-08-09;17.9897
2015-08-10;25.067
2015-08-11;22.8758
2015-08-12;62.0515
2015-08-13;94.861
2015-08-14;32.4351
2015-08-15;15.4277
2015-08-16;19.148
2015-08-17;62.1595
2015-08-18;51.0983
2015-08-19;26.9381
2015-08-20;36.173
2015-08-21;11.76
2015-08-22;27.3881
2015-08-23;66.0045
2015-08-24;50.1128
2015-08-25;7.69421
2015-08-26;31.0934
2015-08-27;24.5596
2015-08-28;9.04166
2015-08-29;37.1234
2015-08-30;47.8251
2015-08-31;31.4593
2015-09-01;19.4431
2015-09-02;22.213
2015-09-03;23.0176
2015-09-04;51.9227
2015-09-05;44.561
2015-09-06;10.4
2015-09-07;12.9144
2015-09-08;15.6091
2015-09-09;26.1796
2015-09-10;21.5698
2015-09-11;16.1146
2015-09-12;18.313
2015-09-13;26.7782
2015-09-14;44.1686
2015-09-15;23.9409
2015-09-16;27.0303
2015-09-17;33.9896
2015-09-18;33.6237
2015-09-19;22.2499
2015-09-20;25.2714
2015-09-21;41.3394
2015-09-22;29.7315
2015-09-23;27.5362
2015-09-24;6.14216
2015-09-25;13.3423
2015-09-26;18.601
2015-09-27;13.7322
2015-09-28;19.7479
2015-10-16;19.3028
2015-10-17;21.246
2015-10-18;28.0852
2015-10-19;16.573
2015-10-20;16.8335
2015-10-21;21.2646
2015-10-22;22.3604
2015-10-23;20.4323
2015-10-24;10.8564
2015-10-25;9.68208
2015-10-26;15.1808
2015-10-27;12.8292
2015-10-28;12.8929
2015-10-29;13.5838
2015-10-30;16.5601
2015-10-31;13.7888
2015-11-01;15.8582
2015-11-02;18.7193
2015-11-03;19.2698
2015-11-04;22.3044
2015-11-05;28.4478
2015-11-06;19.2333
2015-11-07;15.1543
2015-11-08;7.37786
2015-11-09;9.69179
2015-11-10;19.063
2015-11-11;10.6511
2015-11-12;18.8035
2015-11-13;19.5799
2015-11-14;19.6396
2015-11-15;16.3305
2015-11-16;9.47365
2015-11-17;9.11475
2015-11-18;7.67456
2015-11-19;13.3581
2015-11-20;12.4898
2015-11-21;10.4387
2015-11-22;8.22159
2015-11-23;9.57967
2015-11-24;8.76701
2015-11-25;12.5545
2015-11-26;10.1258
2015-11-27;9.14433
2015-11-28;10.5941
2015-11-29;13.1271
2015-11-30;15.0899
2015-12-01;12.8168
2015-12-02;12.509
2015-12-03;11.8863
2015-12-04;16.1897
2015-12-05;15.2567
2015-12-06;13.2189
2015-12-07;11.4153
2015-12-08;12.3331
2015-12-09;15.5151
2015-12-10;10.7773
2015-12-11;11.1053
2015-12-12;10.9429
2015-12-13;7.404
2015-12-14;8.08052
2015-12-15;8.75446
2015-12-16;10.9758
2015-12-17;11.6162
2015-12-18;10.09
2015-12-19;13.6911
2015-12-20;11.604
2015-12-21;7.60725
2015-12-22;9.30038
2015-12-23;10.545
2015-12-24;9.64084
2015-12-25;11.2915
2015-12-26;10.6253
2015-12-27;11.6685
2015-12-28;12.7393
2015-12-29;12.592
2015-12-30;19.334
2015-12-31;15.5524
2016-01-01;19.5544
2016-01-02;11.1441
2016-01-03;10.3619
2016-01-04;12.688
2016-01-05;15.2052
2016-01-06;22.443
2016-01-07;17.177
2016-01-08;13.1123
2016-01-09;9.952
2016-01-10;12.6115
2016-01-11;11.4525
2016-01-12;14.6867
2016-01-13;12.8183
2016-01-14;11.268
2016-01-15;10.3491
2016-01-16;10.9552
2016-01-17;12.1186
2016-01-18;15.8868
2016-01-19;24.5317
2016-01-20;24.6884
2016-01-21;21.0544
2016-01-22;23.7094
2016-01-23;19.0796
2016-01-24;8.40047
2016-01-25;11.4475
2016-01-26;11.7069
2016-01-27;6.75057
2016-01-28;7.76313
2016-01-29;14.5059
2016-01-30;15.5523
2016-01-31;20.0139
2016-02-01;19.102
2016-02-02;17.6842
2016-02-03;15.2429
2016-02-04;16.6027
2016-02-05;18.4933
2016-02-06;17.9805
2016-02-07;16.6583
2016-02-08;19.4044
2016-02-09;20.374
2016-02-10;23.8496
2016-02-11;13.9978
2016-02-12;20.8621
2016-02-13;12.3801
2016-02-14;14.1584
2016-02-15;29.8631
2016-02-16;20.2325
2016-02-17;16.3633
2016-02-18;57.1156
2016-02-19;31.987
2016-02-20;22.5455
2016-02-21;14.1572
2016-02-22;22.6141
2016-02-23;40.6169
2016-02-24;31.4075
2016-02-25;23.1357
2016-02-26;27.0963
2016-02-27;19.4655
2016-02-28;11.5396
2016-02-29;24.4697
2016-03-01;33.1407
2016-03-02;30.5747
2016-03-03;30.9806
2016-03-04;33.8248
2016-03-05;24.9437
2016-03-06;15.973
2016-03-07;18.5128
2016-03-08;25.5816
2016-03-09;18.3373
2016-03-10;27.6361
2016-03-11;25.5483
2016-03-12;22.8318
2016-03-13;14.0444
2016-03-14;25.7661
2016-03-15;28.5849
2016-03-16;31.0438
2016-03-17;15.5451
2016-03-18;48.3712
2016-03-19;25.9555
2016-03-20;24.2704
2016-03-21;24.0487
2016-03-22;30.2063
2016-03-23;27.848
2016-03-24;33.5193
2016-03-25;26.9886
2016-03-26;22.3266
2016-03-27;16.288
2016-03-28;22.8094
2016-03-29;21.1691
2016-03-30;11.3049
2016-03-31;6.96432
2016-04-01;10.2068
2016-04-02;24.3276
2016-04-03;17.5952
2016-04-04;14.4549
2016-04-05;23.1909
2016-04-06;17.8814
2016-04-07;7.13272
2016-04-08;13.0958
2016-04-09;15.9727
2016-04-10;16.889
2016-04-11;24.446
2016-04-12;23.562
2016-04-13;16.8824
2016-04-14;8.25055
2016-04-15;7.42462
2016-04-16;13.3161
2016-04-17;12.3315
2016-04-18;15.297
2016-04-19;12.0713
2016-04-20;14.4981
2016-04-21;15.8713
2016-04-22;16.3746
2016-04-23;6.40731
2016-04-24;8.59381
2016-04-25;16.0283
2016-04-26;19.5811
2016-04-27;53.6882
2016-04-28;44.982
2016-04-29;47.2346
2016-04-30;44.407
2016-05-01;30.1533
2016-05-02;21.2366
2016-05-03;18.9465
2016-05-04;20.9258
2016-05-05;25.1465
2016-05-06;23.2182
2016-05-07;29.7591
2016-05-08;20.5968
2016-05-09;23.7844
2016-05-10;33.1356
2016-05-11;26.1248
2016-05-12;15.7593
2016-05-13;19.6053
2016-05-14;16.1013
2016-05-15;14.4728
2016-05-16;23.1085
2016-05-17;29.4156
2016-08-04;27.7271
2016-08-05;51.0687
2016-08-06;37.9729
2016-08-07;18.7067
2016-08-08;17.0154
2016-08-09;15.9267
2016-08-10;21.2259
2016-08-11;37.4656
2016-08-12;35.5659
2016-08-13;15.2694
2016-08-14;6.90926
2016-08-15;6.7073
2016-08-16;11.8276
2016-08-17;9.31851
2016-08-18;13.3911
2016-08-19;12.8267
2016-08-20;17.5923
2016-08-21;8.38593
2016-08-22;8.79243
2016-08-23;8.54564
2016-08-24;12.7421
2016-08-25;11.0825
2016-08-26;16.9928
2016-08-27;16.2647
2016-08-28;22.0136
2016-08-29;18.7917
2016-08-30;14.5109
2016-08-31;10.5871
2016-09-01;10.6709
2016-09-02;12.401
2016-09-03;18.2602
2016-09-04;13.2675
2016-09-05;27.8273
2016-09-06;29.6037
2016-09-07;26.7144
2016-09-08;22.1089
2016-09-09;15.1221
2016-09-10;12.5757
2016-09-11;11.7984
2016-09-14;10.7987
2016-09-15;18.1554
2016-09-16;16.0828
2016-09-17;10.0626
2016-09-18;10.1966
2016-09-19;13.8372
2016-09-20;11.6832
2016-09-21;13.4143
2016-09-22;10.5668
2016-09-23;17.1537
2016-09-24;15.8202
2016-09-25;13.9149
2016-09-26;17.7464
2016-09-27;14.5228
2016-09-28;14.197
2016-09-29;9.5672
2016-10-01;10.4612
2016-10-02;10.428
2016-10-03;11.4498
2016-10-04;7.50432
2016-10-05;9.26515
2016-10-06;8.68843
2016-10-07;9.29871
2016-10-08;12.7489
2016-10-09;8.98569
2016-10-10;11.2428
2016-10-11;10.3763
2016-10-12;7.38351
2016-10-13;6.90949
2016-10-14;9.39824
2016-10-15;7.63425
2016-10-16;7.78923
2016-10-17;10.793
2016-10-18;9.73975
2016-10-19;9.49188
2016-10-20;9.04581
2016-10-21;10.3153
2016-10-22;14.0724
2016-10-23;9.93578
2016-10-24;7.37359
2016-10-25;8.09984
2016-10-26;8.86871
2016-10-27;9.79948
2016-10-28;12.2905
2016-10-29;9.09833
2016-10-30;9.09549
2016-10-31;8.22322
2016-11-01;8.32108
2016-11-02;7.603
2016-11-03;9.12389
2016-11-04;8.2196
2016-11-05;8.32532
2016-11-06;8.33456
2016-11-07;10.572
2016-11-08;9.7946
2016-11-09;9.36803
2016-11-10;9.25255
2016-11-11;10.461
2016-11-12;11.3689
2016-11-13;9.11459
2016-11-14;8.15913
2016-11-15;8.09962
2016-11-16;9.24533
2016-11-17;9.50122
2016-11-18;11.1725
2016-11-19;11.4087
2016-11-20;10.0731
2016-11-21;13.0263
2016-11-22;10.6573
2016-11-23;11.495
2016-11-24;10.9451
2016-11-25;10.7039
2016-11-26;8.54056
2016-11-27;7.74368
2016-11-28;8.35992
2016-11-29;8.9381
2016-11-30;12.2778
2016-12-01;12.9542
2016-12-02;9.43977
2016-12-03;10.7326
2016-12-04;8.34236
2016-12-05;7.20158
2016-12-07;7.19819
2016-12-08;8.65919
2017-05-12;18
2017-05-13;9
2017-05-14;40
2017-05-15;39
2017-05-16;31
2017-05-17;11
2017-05-18;45
2017-05-19;103
2017-05-20;109
2017-05-21;51
2017-05-22;39
2017-05-23;47
2017-05-24;55
2017-05-25;109
2017-05-26;57
2017-05-27;91
2017-05-28;159
2017-05-29;69
2017-05-30;80
2017-05-31;48
2017-06-01;48
2017-06-02;30
2017-06-03;16
2017-06-04;36
2017-06-05;44
2017-06-06;75
2017-06-07;59
2017-06-08;67
2017-06-09;46
2017-06-10;19
2017-06-11;20
2017-06-12;67
2017-06-13;46
2017-06-14;32
2017-06-15;14
2017-06-16;5
2017-06-17;17
2017-06-18;50
2017-06-19;64
2017-06-20;83
2017-06-21;18
2017-06-22;12
2017-06-23;22
2017-06-24;22
2017-06-25;4
2017-06-26;12
2017-06-27;23
2017-06-28;31
2017-06-29;35
2017-06-30;53
2017-07-01;27
2017-07-02;26
2017-07-03;21
2017-07-04;15
2017-07-05;35
2017-07-06;74
2017-07-07;72
2017-07-08;45
2017-07-09;16
2017-07-10;25
2017-07-11;63
2017-07-12;31
2017-07-13;11
2017-07-14;12
2017-07-15;42
2017-07-16;39
2017-07-17;28
2017-07-18;33
2017-07-19;40
2017-07-20;63
2017-07-21;40
2017-07-22;21
2017-07-23;24
2017-07-24;48
2017-07-25;35
2017-07-26;68
2017-07-27;63
2017-07-28;43
2017-07-29;39
2017-07-30;52
2017-07-31;50
2017-08-01;67
2017-08-02;58
2017-08-03;43
2017-08-04;60
2017-08-05;23
2017-08-06;41
2017-08-07;22
2017-08-08;12
2017-08-09;9
2017-08-10;6
2017-08-11;35
2017-08-12;19
2017-08-13;6
2017-08-14;20
2017-08-15;28
2017-08-16;66
2017-08-17;67
2017-08-18;23
2017-08-19;28
2017-08-20;56
2017-08-21;38
2017-08-22;11
2017-08-23;7
2017-08-24;17
2017-08-25;20
2017-08-26;16
2017-08-27;9
2017-08-28;41
2017-08-29;60
2017-08-30;46
2017-08-31;46
2017-09-01;19
2017-09-02;62
2017-09-03;51
2017-09-04;25
2017-09-05;43
2017-09-06;32
2017-09-07;21
2017-09-08;18
2017-09-09;31
2017-09-10;56
2017-09-11;35
2017-09-12;34
2017-09-13;34
2017-09-14;9
2017-09-15;13
2017-09-16;20
2017-09-17;21
2017-09-18;12
2017-09-19;12
2017-09-20;12
2017-09-21;10
2017-09-22;10
2017-09-23;16
2017-09-24;14
2017-09-25;11
2017-09-26;13
2017-09-27;15
2017-09-28;21
2017-09-29;10
2017-09-30;9
2017-10-01;22
2017-10-02;25
2017-10-03;9
2017-10-04;10
2017-10-05;7
2017-10-06;10
2017-10-07;16
2017-10-08;11
2017-10-09;10
2017-10-10;15
2017-10-11;17
2017-10-12;17
2017-10-13;11
2017-10-14;8
2017-10-15;11
2017-10-16;7
2017-10-17;6
2017-10-18;6
2017-10-19;10
2017-10-20;6
2017-10-21;8
2017-10-22;10
2017-10-23;7
2017-10-24;6
2017-10-25;8
2017-10-26;6
2017-10-27;8
2017-10-28;8
2017-10-29;10
2017-10-30;8
2017-10-31;9
2017-11-01;5
2017-11-02;5
2017-11-03;7
2017-11-04;9
2017-11-05;6
2017-11-06;9
2017-11-07;10
2017-11-08;9
2017-11-09;10
2017-11-10;6
2017-11-11;7
2017-11-12;7
2017-11-13;6
2017-11-14;6
2017-11-15;5
2017-11-16;5
2017-11-17;6
2017-11-18;6
2017-11-19;4
2017-11-20;7
2017-11-21;6
2017-11-22;6
2017-11-23;6
2017-11-24;10
2017-11-25;8
2017-11-26;7
2017-12-01;9
2017-12-02;12
2017-12-03;10
2017-12-04;10
2017-12-05;11
2017-12-06;13
2017-12-07;11
2017-12-08;9
2017-12-09;6
2017-12-10;5
2017-12-11;8
2017-12-12;3
2017-12-13;5
2017-12-14;5
2017-12-15;5
2017-12-16;4
2017-12-17;4
2017-12-18;7
2017-12-19;7
2017-12-20;6
2017-12-21;6
2017-12-22;6
2017-12-23;6
2017-12-24;5
2017-12-25;3
2017-12-26;4
2017-12-27;5
2017-12-28;4
2017-12-29;5
2017-12-30;5
2017-12-31;8
2018-01-01;5
2018-01-02;4
2018-01-03;3
2018-01-04;3
2018-01-05;5
2018-01-06;4
2018-01-07;4
2018-01-08;8
2018-01-09;8
2018-01-10;5
2018-01-11;10
2018-01-12;6
2018-01-13;10
2018-01-14;10
2018-01-15;7
2018-01-16;10
2018-01-17;10
2018-01-18;10
2018-01-19;8
2018-01-20;13
2018-01-21;11
2018-01-22;12
2018-01-23;11
2018-01-24;14
2018-01-25;12
2018-01-26;10
2018-01-27;7
2018-01-28;8
2018-01-29;11
2018-01-30;6
2018-01-31;18
2018-02-01;30
2018-02-02;19
2018-02-03;13
2018-02-04;11
2018-02-05;8
2018-02-06;9
2018-02-07;8
2018-02-08;6
2018-02-09;7
2018-02-10;8
2018-02-11;8
2018-02-12;13
2018-02-17;15
2018-02-18;15
2018-02-19;16
2018-02-20;15
2018-02-21;16
2018-02-22;15
2018-02-23;12
2018-02-24;14
2018-02-25;16
2018-02-26;13
2018-02-27;16
2018-02-28;16
2018-03-01;16
2018-03-02;18
2018-03-03;17
2018-03-04;15
2018-03-05;20
2018-03-06;25
2018-03-07;21
2018-03-08;19
2018-03-09;17
2018-03-10;13
2018-03-11;13
2018-03-12;14
2018-03-13;15
2018-03-14;16
2018-03-15;15
2018-03-16;16
2018-03-17;13
2018-03-18;12
2018-03-19;15
2018-03-20;16
2018-03-21;33
2018-03-22;13
2018-03-23;13
2018-03-24;13
2018-03-25;14
2018-03-26;15
2018-03-27;18
2018-03-28;18
2018-03-29;20
2018-03-30;17
2018-03-31;13
2018-04-01;16
2018-04-02;18
2018-04-03;25
2018-04-04;24
2018-04-05;14
2018-04-06;21
2018-04-07;20
2018-04-08;15
2018-04-09;16
2018-04-10;11
2018-04-12;21
2018-04-13;32
2018-04-14;53
2018-04-15;28
2018-04-16;17
2018-04-17;18
2018-04-18;23
2018-04-19;31
2018-04-20;43
2018-04-21;44
2018-04-22;30
2018-04-23;21
2018-04-24;28
2018-04-25;44
2018-04-26;28
2018-04-27;19
2018-04-28;64
2018-04-29;55
2018-04-30;31
2018-05-01;25
2018-05-02;19
2018-05-03;22
2018-05-04;26
2018-05-05;27
2018-05-06;18
2018-05-07;27
2018-05-08;18
2018-05-09;31
2018-05-10;39
2018-05-11;33
2018-05-12;47
2018-05-13;19
2018-05-14;26
2018-05-15;27
2018-05-16;36
2018-05-17;25
2018-05-18;29
2018-05-19;45
2018-05-20;26
2018-05-21;17
2018-05-22;32
2018-05-23;93
2018-05-24;84
2018-05-25;60
2018-05-26;23
2018-05-27;17
2018-05-28;20
2018-05-29;28
2018-05-30;22
2018-05-31;23
2018-06-01;25
2018-06-02;58
2018-06-03;49
2018-06-04;80
2018-06-05;28
2018-06-06;34
2018-06-07;25
2018-06-08;42
2018-06-09;18
2018-06-10;13
2018-06-11;19
2018-06-12;63
2018-06-13;30
2018-06-14;60
2018-06-15;123
2018-06-16;57
2018-06-17;24
2018-06-18;22
2018-06-19;21
2018-06-20;29
2018-06-21;34
2018-06-22;29
2018-06-23;26
2018-06-24;28
2018-06-25;42
2018-06-26;21
2018-06-27;53
2018-06-28;19
2018-06-29;27
2018-06-30;25
2018-07-01;16
2018-07-02;51
2018-07-03;23
2018-07-04;14
2018-07-05;13
2018-07-06;14
2018-07-07;15
2018-07-08;28
2018-07-09;49
2018-07-10;30
2018-07-11;74
2018-07-12;113
2018-07-13;99
2018-07-14;29
2018-07-15;47
2018-07-16;26
2018-07-17;20
2018-07-18;31
2018-07-19;43
2018-07-20;40
2018-07-21;35
2018-07-22;21
2018-07-23;21
2018-07-24;69
2018-07-25;74
2018-07-26;55
2018-07-27;27
2018-07-28;91
2018-07-29;76
2018-07-30;31
2018-07-31;22
2018-08-01;30
2018-08-02;28
2018-08-03;55
2018-08-04;32
2018-08-05;20
2018-08-06;19
2018-08-07;48
2018-08-08;30
2018-08-09;49
2018-08-10;52
2018-08-11;44
2018-08-12;39
2018-08-13;18
2018-08-14;17
2018-08-15;61
2018-08-16;77
2018-08-17;34
2018-08-18;17
2018-08-19;23
2018-08-20;41
2018-08-21;44
2018-08-22;20
2018-08-23;15
2018-08-24;45
2018-08-25;18
2018-08-26;22
2018-08-27;37
2018-08-28;29
2018-08-29;25
2018-08-30;21
2018-08-31;25
2018-09-01;29
2018-09-02;27
2018-09-03;19
2018-09-04;27
2018-09-05;18
2018-09-06;18
2018-09-07;17
2018-09-08;19
2018-09-09;37
2018-09-10;25
2018-09-11;19
2018-09-12;17
2018-09-13;23
2018-09-14;23
2018-09-15;22
2018-09-16;16
2018-09-17;15
2018-09-18;14
2018-09-19;16
2018-09-20;14
2018-09-21;15
2018-09-22;14
2018-09-23;16
2018-09-24;17
2018-09-25;19
2018-09-26;19
2018-09-28;14
2018-09-29;14
2018-09-30;16
2018-10-08;7
2018-10-09;14
2018-10-10;2
2018-10-11;6
2018-10-12;7
2018-10-13;11
2018-10-14;3
2018-10-15;2
2018-10-16;1
2018-10-17;1
2018-10-18;2
2018-10-19;2
2018-10-20;4
2018-10-21;3
2018-10-22;3
2018-10-23;4
2018-10-24;3
2018-10-25;3
2018-10-26;3
2018-10-27;2
2018-10-28;3
2018-10-29;1
2018-10-30;2
2018-10-31;2
2018-11-01;2
2018-11-02;2
2018-11-03;2
2018-11-04;2
2018-11-05;2
2018-11-06;2
2018-11-07;3
2018-11-08;2
2018-11-09;3
2018-11-10;2
2018-11-11;2
2018-11-12;2
2018-11-13;2
2018-11-14;2
2018-11-15;3
2018-11-16;2
2018-11-17;2
2018-11-18;2
2018-11-19;2
2018-11-20;3
2018-11-21;2
2018-11-22;1
2018-11-23;3
2018-11-24;3
2018-11-25;1
2018-11-26;3
2018-11-27;2
2018-11-28;3
2018-11-29;3
2018-11-30;2
2018-12-01;2
2018-12-02;4
2018-12-03;3
2018-12-04;4
2018-12-05;4
2018-12-06;5
2018-12-07;4
2018-12-08;2
2018-12-09;3
2018-12-10;3
2018-12-11;2
2018-12-12;3
2018-12-13;2
2018-12-14;2
2018-12-15;2
2018-12-16;2
2018-12-17;2
2018-12-18;5
2018-12-19;4
2018-12-20;1
2018-12-21;2
2018-12-22;3
2018-12-23;3
2018-12-28;5
2018-12-29;5
2018-12-30;4
2018-12-31;7
2019-01-01;5
2019-01-02;2
2019-01-03;3
2019-01-04;4
2019-01-05;6
2019-01-06;8
2019-01-07;3
2019-01-08;3
2019-01-09;2
2019-01-10;3
2019-01-11;6
2019-01-12;4
2019-01-13;3
2019-01-14;8
2019-01-19;13
2019-01-20;11
2019-01-21;8
2019-01-22;7
2019-01-23;8
2019-01-24;11
2019-01-25;9
2019-01-26;9
2019-01-27;9
2019-01-28;8
2019-01-29;11
2019-01-30;7
2019-01-31;8
2019-02-01;9
2019-02-02;17
2019-02-03;14
2019-02-04;12
2019-02-05;20
2019-02-06;40
2019-02-07;11
2019-02-08;15
2019-02-09;10
2019-02-10;7
2019-02-11;6
2019-02-12;11
2019-02-13;11
2019-02-14;13
2019-02-15;17
2019-02-16;19
2019-02-17;20
2019-02-18;19
2019-02-19;10
2019-02-20;8
2019-02-21;9
2019-02-22;9
2019-02-23;7
2019-02-24;6
2019-02-25;9
2019-02-26;11
2019-02-27;14
2019-02-28;18
2019-03-01;11
2019-03-02;10
2019-03-03;9
2019-03-04;9
2019-03-05;10
2019-03-06;10
2019-03-07;6
2019-03-08;8
2019-03-09;11
2019-03-10;9
2019-03-11;12
2019-03-12;12
2019-03-13;9
2019-03-14;8
2019-03-15;13
2019-03-16;12
2019-03-17;10
2019-03-18;12
2019-03-19;13
2019-03-20;15
2019-03-21;18
2019-03-22;16
2019-03-23;20
2019-03-24;16
2019-03-25;14
2019-03-26;20
2019-03-27;16
2019-03-28;21
2019-03-29;57
2019-03-30;94
2019-03-31;28
2019-04-01;17
2019-04-02;16
2019-04-03;16
2019-04-04;7
2019-04-05;14
2019-04-06;18
2019-04-07;20
2019-04-08;12
2019-04-09;16
2019-04-10;15
2019-04-11;24
2019-04-12;32
2019-04-13;12
2019-04-14;13
2019-04-15;12
2019-04-16;20
2019-04-17;27
2019-04-18;24
2019-04-19;13
2019-04-20;19
2019-04-21;21
2019-04-22;20
2019-04-23;23
2019-04-24;31
2019-04-25;31
2019-04-26;33
2019-04-27;27
2019-04-28;20
2019-04-29;18
2019-04-30;16
2019-05-01;19
2019-05-02;24
2019-05-03;8
2019-05-04;9
2019-05-05;16
2019-05-06;15
2019-05-07;17
2019-05-08;14
2019-05-09;19
2019-05-10;31
2019-05-11;27
2019-05-12;18
2019-05-13;28
2019-05-14;46
2019-05-15;46
2019-05-16;16
2019-05-17;15
2019-05-18;14
2019-05-19;12
2019-05-20;13
2019-05-21;24
2019-05-22;43
2019-05-23;60
2019-05-24;60
2019-05-25;57
2019-05-26;13
2019-05-27;11
2019-05-28;18
2019-05-29;9
2019-05-30;6
2019-05-31;7
2019-06-01;8
2019-06-02;16
2019-06-03;29
2019-06-04;12
2019-06-05;7
2019-06-06;10
2019-06-07;16
2019-06-08;24
2019-06-09;19
2019-06-10;17
2019-06-11;14
2019-06-12;7
2019-06-13;8
2019-06-15;24
2019-06-16;14
2019-06-17;30
2019-06-18;14
2019-06-19;21
2019-06-20;36
2019-06-21;32
2019-06-22;29
2019-06-23;21
2019-06-24;15
2019-06-25;11
2019-06-26;8
2019-06-27;8
2019-06-28;9
2019-06-29;18
2019-06-30;19
2019-07-01;18
2019-07-02;22
2019-07-03;34
2019-07-04;10
2019-07-05;11
2019-07-06;15
2019-07-07;11
2019-07-08;9
2019-07-09;11
2019-07-10;12
2019-07-11;18
2019-07-12;13
2019-07-13;15
2019-07-14;12
2019-07-15;11
2019-07-16;19
2019-07-17;22
2019-07-18;20
2019-07-19;18
2019-07-20;11
2019-07-21;6
2019-07-22;10
2019-07-23;13
2019-07-24;13
2019-07-25;16
2019-07-26;30
2019-07-27;18
2019-07-28;12
2019-07-29;9
2019-07-30;11
2019-07-31;14
2019-08-02;11
2019-08-03;16
2019-08-04;20
2019-08-06;12
2019-08-07;12
2019-08-08;14
2019-08-09;40
2019-08-10;28
2019-08-11;14
2019-08-12;13
2019-08-13;15
2019-08-14;20
2019-08-15;21
2019-08-16;12
2019-08-17;11
2019-08-18;20
2019-08-19;24
2019-08-20;25
2019-08-21;27
2019-08-22;27
2019-08-23;35
2019-08-24;30
2019-08-25;18
2019-08-26;12
2019-08-27;14
2019-08-28;13
2019-08-29;10
2019-08-30;10
2019-08-31;8
2019-09-01;9
2019-09-02;12
2019-09-03;24
2019-09-04;42
2019-09-05;13
2019-09-06;17
2019-09-07;9
2019-09-08;8
2019-09-09;7
2019-09-10;14
2019-09-11;22
2019-09-12;15
2019-09-13;14
2019-09-14;12
2019-09-15;9
2019-09-16;8
2019-09-17;13
2019-09-18;8
2019-09-19;8
2019-09-20;7
2019-09-21;6
2019-09-22;8
2019-09-23;9
2019-09-24;11
2019-09-25;13
2019-09-26;15
2019-09-27;17
2019-09-28;16
2019-09-29;11
2019-09-30;10
2019-10-01;12
2019-10-02;14
2019-10-03;16
2019-10-04;16
2019-10-05;16
2019-10-06;12
2019-10-07;8
2019-10-08;12
2019-10-09;15
2019-10-10;21
2019-10-11;23
2019-10-12;13
2019-10-13;13
2019-10-14;15
2019-10-15;11
2019-10-16;16
2019-10-17;13
2019-10-18;15
2019-10-19;18
2019-10-20;11
2019-10-21;10
2019-10-22;12
2019-10-23;15
2019-10-24;14
2019-10-25;13
2019-10-26;10
2019-10-27;8
2019-10-28;9
2019-10-29;12
2019-10-30;12
2019-10-31;11
2019-11-01;13
2019-11-02;8
2019-11-03;9
2019-11-04;10
2019-11-05;11
2019-11-06;11
2019-11-07;12
2019-11-08;13
2019-11-09;13
2019-11-10;13
2019-11-11;14
2019-11-12;14
2019-11-13;11
2019-11-14;12
2019-11-15;12
2019-11-16;8
2019-11-17;10
2019-11-18;12
2019-11-19;11
2019-11-20;10
2019-11-21;11
2019-11-22;15
2019-11-23;10
2019-11-24;8
2019-11-25;9
2019-11-26;10
2019-11-27;7
2019-11-28;8
2019-11-29;7
2019-11-30;7
2019-12-01;9
2019-12-02;10
2019-12-03;11
2019-12-04;11
2019-12-05;10
2019-12-06;10
2019-12-07;11
2019-12-08;10
2019-12-09;13
2019-12-10;9
2019-12-11;9
2019-12-12;11
2019-12-13;11
2019-12-14;9
2019-12-15;7
2019-12-16;9
2019-12-17;8
2019-12-18;10
2019-12-19;8
2019-12-20;8
2019-12-21;8
2019-12-22;6
2019-12-23;6
2019-12-24;5
2019-12-25;6
2019-12-26;8
2019-12-27;11
2019-12-28;10
2019-12-29;10
2020-01-01;13
2020-01-02;16
2020-01-03;9
2020-01-04;10
2020-01-05;8
2020-01-06;8
2020-01-07;9
2020-01-08;5
2020-01-09;7
2020-01-10;7
2020-01-11;7
2020-01-12;8
2020-01-13;9
2020-01-14;7
2020-01-15;12
2020-01-16;12
2020-01-17;25
2020-01-18;16
2020-01-19;15
2020-01-20;13
2020-01-21;11
2020-01-22;12
2020-01-23;13
2020-01-24;13
2020-01-25;12
2020-01-26;8
2020-01-27;16
2020-01-28;10
2020-01-29;13
2020-01-30;15
2020-01-31;14
2020-02-01;12
2020-02-02;7
2020-02-03;9
2020-02-04;8
2020-02-05;6
2020-02-06;9
2020-02-07;8
2020-02-08;12
2020-02-09;16
2020-02-10;15
2020-02-11;16
2020-02-12;14
2020-02-13;7
2020-02-14;8
2020-02-15;8
2020-02-16;8
2020-02-17;5
2020-02-18;7
2020-02-19;9
2020-02-20;14
2020-02-21;20
2020-02-22;17
2020-02-23;15
2020-02-24;11
2020-02-25;10
2020-02-26;12
2020-02-27;14
2020-02-28;11
2020-02-29;12
2020-03-01;15
2020-03-02;14
2020-03-03;15
2020-03-04;22
2020-03-05;15
2020-03-06;11
2020-03-07;13
2020-03-08;16
2020-03-09;15
2020-03-10;12
2020-03-11;9
2020-03-12;7
2020-03-13;5
2020-03-14;10
2020-03-15;11
2020-03-16;15
2020-03-17;11
2020-03-18;11
2020-03-19;12
2020-03-20;15
2020-03-21;11
2020-03-22;7
2020-03-23;5
2020-03-24;5
2020-03-25;7
2020-03-26;9
2020-03-27;10
2020-03-28;10
2020-03-29;8
2020-03-30;8
2020-03-31;10
2020-04-01;12
2020-04-02;12
2020-04-03;12
2020-04-04;10
2020-04-05;10
2020-04-06;15
2020-04-07;31
2020-04-08;20
2020-04-09;24
2020-04-10;44
2020-04-11;10
2020-04-12;15
2020-04-13;22
2020-04-14;28
2020-04-15;17
2020-04-16;12
2020-04-17;16
2020-04-18;6
2020-04-19;8
2020-04-20;9
2020-04-21;14
2020-04-22;22
2020-04-23;16
2020-04-24;7
2020-04-25;6
2020-04-26;9
2020-04-27;6
2020-04-28;7
2020-04-29;15
2020-04-30;29
2020-05-01;42
2020-05-02;26
2020-05-03;15
2020-05-04;14
2020-05-05;12
2020-05-06;17
2020-05-07;36
2020-05-08;41
2020-05-09;13
2020-05-10;12
2020-05-11;11
2020-05-12;14
2020-05-13;17
2020-05-14;29
2020-05-15;20
2020-05-16;13
2020-05-17;13
2020-05-18;16
2020-05-19;12
2020-05-21;26
2020-05-22;55
2020-05-23;35
2020-05-24;35
2020-05-25;20
2020-05-26;32
2020-05-27;10
2020-05-28;20
2020-05-29;28
2020-05-30;25
2020-05-31;46
2020-06-01;55
2020-06-02;53
2020-06-03;28
2020-06-04;63
2020-06-05;67
2020-06-06;38
2020-06-07;26
2020-06-08;14
2020-06-09;26
2020-06-10;16
2020-06-11;10
2020-06-12;19
2020-06-13;33
2020-06-14;34
2020-06-15;18
2020-06-16;7
2020-06-17;5
2020-06-18;5
2020-06-19;10
2020-06-20;9
2020-06-21;16
2020-06-22;7
2020-06-23;9
2020-06-24;5
2020-06-25;28
2020-06-26;35
2020-06-27;19
2020-06-28;8
2020-06-29;6
2020-06-30;9
2020-07-01;16
2020-07-02;24
2020-07-03;16
2020-07-04;15
2020-07-05;16
2020-07-06;38
2020-07-07;45
2020-07-08;20
2020-07-09;14
2020-07-10;22
2020-07-11;27
2020-07-12;12
2020-07-13;21
2020-07-14;66
2020-07-15;65
2020-07-16;21
2020-07-17;10
2020-07-18;5
2020-07-19;4
2020-07-20;4
2020-07-21;6
2020-07-22;22
2020-07-23;30
2020-07-24;26
2020-07-25;16
2020-07-26;12
2020-07-27;20
2020-07-28;24
2020-07-29;36
2020-07-30;22
2020-07-31;24
2020-08-01;13
2020-08-02;8
2020-08-03;9
2020-08-04;13
2020-08-05;13
2020-08-06;9
2020-08-07;11
2020-08-08;26
2020-08-09;15
2020-08-10;8
2020-08-11;7
2020-08-12;14
2020-08-13;11
2020-08-14;12
2020-08-15;15
2020-08-16;14
2020-08-17;12
2020-08-18;13
2020-08-19;10
2020-08-20;15
2020-08-21;15
2020-08-22;23
2020-08-23;5
2020-08-24;3
2020-08-25;1
2020-08-26;1
2020-08-27;3
2020-08-28;1
2020-08-29;3
2020-08-30;6
2020-08-31;16
2020-09-01;18
2020-09-02;11
2020-09-03;10
2020-09-04;8
2020-09-05;6
2020-09-06;8
2020-09-07;8
2020-09-08;2
2020-09-09;4
2020-09-10;5
2020-09-11;5
2020-09-12;6
2020-09-13;3
2020-09-14;8
2020-09-15;12
2020-09-16;4
2020-09-17;4
2020-09-18;2
2020-09-19;2
2020-09-20;4
2020-09-21;8
2020-09-22;5
2020-09-23;5
2020-09-25;4
2020-09-26;6
2020-09-27;4
2020-09-28;5
2020-09-29;1
2020-09-30;3
2020-10-01;4
2020-10-02;5
2020-10-03;7
2020-10-04;8
2020-10-05;4
2020-10-06;4
2020-10-07;5
2020-10-08;5
2020-10-09;3
2020-10-10;2
2020-10-11;3
2020-10-12;3
2020-10-13;4
2020-10-14;4
2020-10-15;7
2020-10-16;11
2020-10-17;8
2020-10-18;8
2020-10-19;6
2020-10-20;5
2020-10-21;7
2020-10-22;9
2020-10-23;8
2020-10-24;7
2020-10-25;4
2020-10-26;4
2020-10-27;4
2020-10-28;3
2020-10-29;8
2020-10-30;12
2020-10-31;13
2020-11-01;4
2020-11-06;7
2020-11-07;7
2020-11-08;7
2020-11-09;8
2020-11-10;9
2020-11-11;9
2020-11-12;8
2020-11-13;7
2020-11-14;4
2020-11-15;5
2020-11-16;6
2020-11-17;7
2020-11-18;6
2020-11-19;5
2020-11-20;2
2020-11-21;3
2020-11-22;4
2020-11-23;4
2020-11-24;4
2020-11-25;5
2020-11-26;7
2020-11-27;7
2020-11-28;4
2020-11-29;5
2020-11-30;5
2020-12-01;6
2020-12-02;6
2020-12-03;7
2020-12-04;7
2020-12-05;14
2020-12-06;14
2020-12-07;6
2020-12-08;4
2020-12-09;8
2020-12-10;9
2020-12-11;8
2020-12-12;8
2020-12-13;5
2020-12-14;5
2020-12-15;8
2020-12-16;7
2020-12-17;9
2020-12-18;6
2020-12-19;7
2020-12-20;3
2020-12-21;8
2020-12-22;8
2020-12-23;6
2020-12-24;7
2020-12-25;5
2020-12-26;6
2020-12-27;7
2020-12-28;7
2020-12-29;6
2020-12-30;7
2020-12-31;8
2021-01-01;8
2021-01-02;10
2021-01-03;8
2021-01-04;9
2021-01-05;11
2021-01-06;11
2021-01-07;6
2021-01-08;12
2021-01-09;7
2021-01-10;4
2021-01-11;6
2021-01-12;7
2021-01-13;9
2021-01-14;10
2021-01-15;7
2021-01-16;6
2021-01-17;6
2021-01-18;10
2021-01-19;11
2021-01-20;12
2021-01-21;10
2021-01-22;9
2021-01-23;9
2021-01-24;10
2021-01-25;10
2021-01-26;18
2021-01-27;10
2021-01-28;4
2021-01-29;5
2021-01-30;5
2021-01-31;5
2021-02-01;6
2021-02-02;9
2021-02-03;11
2021-02-04;12
2021-02-05;7
2021-02-06;10
2021-02-07;9
2021-02-08;10
2021-02-09;11
2021-02-10;10
2021-02-11;9
2021-02-12;12
2021-02-13;11
2021-02-14;10
2021-02-15;8
2021-02-16;9
2021-02-17;7
2021-02-18;4
2021-02-19;6
2021-02-20;8
2021-02-21;8
2021-02-22;5
2021-02-24;11
2021-02-25;12
2021-02-26;10
2021-02-27;8
2021-02-28;8
2021-03-01;7
2021-03-02;11
2021-03-03;9
2021-03-04;7
2021-03-05;9
2021-03-06;12
2021-03-07;7
2021-03-08;10
2021-03-09;18
2021-03-10;6
2021-03-11;6
2021-03-12;10
2021-03-13;18
2021-03-14;11
2021-03-15;8
2021-03-16;9
2021-03-17;16
2021-03-18;11
2021-03-19;11
2021-03-20;5
2021-03-21;10
2021-03-22;12
2021-03-23;15
2021-03-24;13
2021-03-25;13
2021-03-26;18
2021-03-27;17
2021-03-28;15
2021-03-29;16
2021-03-30;36
2021-03-31;22
2021-04-01;28
2021-04-02;11
2021-04-03;12
2021-04-04;37
2021-04-05;9
2021-04-06;22
2021-04-07;19
2021-04-08;18
2021-04-09;12
2021-04-10;12
2021-04-11;7
2021-04-12;8
2021-04-13;10
2021-04-14;17
2021-04-15;10
2021-04-16;17
2021-04-17;26
2021-04-18;14
2021-04-19;18
2021-04-20;9
2021-04-21;10
2021-04-22;21
2021-04-23;22
2021-04-24;14
2021-04-25;15
2021-04-26;14
2021-04-27;30
2021-04-28;20
2021-04-29;30
2021-04-30;22
2021-05-01;7
2021-05-02;3
2021-05-03;20
2021-05-04;21
2021-05-05;66
2021-05-06;74
2021-05-07;37
2021-05-08;36
2021-05-09;16
2021-05-10;45
2021-05-11;69
2021-05-12;56
2021-05-13;65
2021-05-14;99
2021-05-15;49
2021-05-16;69
2021-05-17;88
2021-05-18;42
2021-05-19;14
2021-05-20;17
2021-05-21;26
2021-05-22;50
2021-05-23;26
2021-05-24;47
2021-05-25;78
2021-05-26;62
2021-05-27;31
2021-05-28;20
2021-05-29;42
2021-05-30;36
2021-05-31;16
2021-06-01;8
2021-06-02;27
2021-06-03;55
2021-06-04;40
2021-06-05;19
2021-06-06;43
2021-06-07;61
2021-06-08;17
2021-06-09;10
2021-06-10;52
2021-06-11;38
2021-06-12;35
2021-06-13;19
2021-06-14;23
2021-06-15;45
2021-06-16;52
2021-06-17;58
2021-06-18;58
2021-06-19;84
2021-06-20;41
2021-06-21;19
2021-06-22;15
2021-06-23;10
2021-06-24;9
2021-06-25;32
2021-06-26;30
2021-06-27;51
2021-06-28;108
2021-06-29;141
2021-06-30;67
2021-07-01;37
2021-07-02;22
2021-07-03;24
2021-07-04;44
2021-07-05;27
2021-07-06;22
2021-07-07;50
2021-07-08;54
2021-07-09;20
2021-07-10;24
2021-07-11;43
2021-07-12;30
2021-07-13;24
2021-07-14;45
2021-07-15;51
2021-07-16;45
2021-07-17;24
2021-07-18;20
2021-07-19;26
2021-07-20;31
2021-07-21;55
2021-07-22;44
2021-07-23;45
2021-07-24;39
2021-07-25;11
2021-07-26;14
2021-07-27;17
2021-07-28;31
2021-07-30;69
2021-07-31;20
2021-08-01;27
2021-08-02;26
2021-08-03;36
2021-08-04;49
2021-08-05;27
2021-08-06;48
2021-08-07;16
2021-08-08;45
2021-08-09;42
2021-08-10;25
2021-08-11;41
2021-08-12;59
2021-08-13;70
2021-08-14;58
2021-08-15;44
2021-08-16;13
2021-08-17;9
2021-08-18;8
2021-08-19;8
2021-08-20;8
2021-08-21;10
2021-08-22;38
2021-08-23;50
2021-08-24;33
2021-08-25;16
2021-08-26;21
2021-08-27;29
2021-08-28;37
2021-08-29;31
2021-08-30;14
2021-08-31;20
2021-09-01;34
2021-09-02;32
2021-09-03;20
2021-09-04;16
2021-09-05;16
2021-09-06;14
2021-09-07;24
2021-09-08;29
2021-09-09;20
2021-09-10;28
2021-09-11;13
2021-09-12;6
2021-09-13;15
2021-09-14;23
2021-09-15;18
2021-09-16;17
2021-09-17;26
2021-09-18;29
2021-09-19;13
2021-09-20;12
2021-09-21;17
2021-09-22;19
2021-09-23;20
2021-09-24;19
2021-09-25;9
2021-09-26;10
2021-09-27;10
2021-09-28;17
2021-09-29;13
2021-09-30;8
2021-10-01;12
2021-10-02;7
2021-10-03;6
2021-10-04;8
2021-10-05;7
2021-10-06;10
2021-10-07;12
2021-10-08;11
2021-10-09;15
2021-10-10;13
2021-10-11;14
2021-10-12;10
2021-10-13;8
2021-10-14;15
2021-10-15;12
2021-10-16;10
2021-10-17;9
2021-10-18;11
2021-10-19;12
2021-10-20;12
2021-10-21;14
2021-10-22;11
2021-10-23;11
2021-10-24;9
2021-10-25;8
2021-10-26;9
2021-10-27;11
2021-10-28;14
2021-10-29;15
2021-10-30;13
2021-10-31;18
2021-11-01;16
2021-11-02;16
2021-11-03;11
2021-11-04;11
2021-11-05;11
2021-11-06;14
2021-11-07;10
2021-11-08;10
2021-11-09;11
2021-11-10;13
2021-11-11;13
2021-11-12;8
2021-11-13;9
2021-11-14;8
2021-11-15;8
2021-11-16;8
2021-11-17;7
2021-11-18;9
2021-11-19;13
2021-11-20;14
2021-11-21;9
2021-11-26;7
2021-11-27;7
2021-11-28;7
2021-11-29;6
2021-11-30;8
2021-12-01;9
2021-12-02;10
2021-12-03;11
2021-12-04;10
2021-12-05;9
2021-12-06;14
2021-12-07;9
2021-12-08;15
2021-12-09;11
2021-12-10;8
2021-12-11;4
2021-12-12;7
2021-12-13;6
2021-12-14;6
2021-12-15;7
2021-12-16;9
2021-12-17;6
2021-12-18;7
2021-12-19;7
2021-12-20;7
2021-12-21;8
2021-12-22;14
2021-12-23;8
2021-12-24;16
2021-12-25;16
2021-12-26;33
2021-12-27;16
2021-12-28;25
2021-12-29;12
2021-12-30;7
2021-12-31;7
2022-01-01;6
2022-01-02;3
2022-01-03;3
2022-01-04;5
2022-01-05;10
2022-01-06;11
2022-01-07;9
2022-01-08;6
2022-01-09;6
2022-01-10;7
2022-01-11;11
2022-01-12;9
2022-01-13;7
2022-01-14;6
2022-01-15;7
2022-01-16;4
2022-01-17;4
2022-01-18;8
2022-01-19;8
2022-01-20;6
2022-01-21;6
2022-01-22;5
2022-01-23;6
2022-01-24;5
2022-01-25;6
2022-01-26;11
2022-01-27;8
2022-01-28;7
2022-01-29;9
2022-01-30;5
2022-01-31;6
2022-02-01;9
2022-02-02;10
2022-02-03;9
2022-02-04;5
2022-02-05;5
2022-02-06;12
2022-02-07;13
2022-02-08;19
2022-02-09;40
2022-02-10;32
2022-02-11;41
2022-02-12;63
2022-02-13;27
2022-02-14;12
2022-02-15;7
2022-02-16;18
2022-02-17;18
2022-02-18;39
2022-02-19;18
2022-02-20;7
2022-02-23;7
2022-02-24;7
2022-02-25;9
2022-02-26;6
2022-02-27;6
2022-02-28;13
2022-03-01;10
2022-03-02;5
2022-03-03;19
2022-03-04;7
2022-03-05;9
2022-03-06;6
2022-03-07;6
2022-03-08;6
2022-03-09;6
2022-03-10;8
2022-03-11;19
2022-03-12;31
2022-03-13;14
2022-03-14;12
2022-03-15;22
2022-03-16;26
2022-03-17;12
2022-03-18;13
2022-03-19;26
2022-03-20;10
2022-03-21;7
2022-03-22;5
2022-03-23;5
2022-03-24;10
2022-03-25;11
2022-03-26;10
2022-03-27;7
2022-03-28;11
2022-03-29;7
2022-03-30;12
2022-03-31;20
2022-04-01;21
2022-04-02;16
2022-04-03;7
2022-04-04;10
2022-04-05;9
2022-04-06;12
2022-04-07;17
2022-04-08;12
2022-04-09;6
2022-04-10;8
2022-04-11;13
2022-04-12;13
2022-04-13;14
2022-04-14;30
2022-04-15;18
2022-04-16;22
2022-04-17;42
2022-04-18;18
2022-04-19;24
2022-04-20;19
2022-04-21;31
2022-04-22;8
2022-04-23;6
2022-04-24;6
2022-04-25;9
2022-04-26;4
2022-04-27;7
2022-04-28;14
2022-04-29;13
2022-04-30;16
2022-05-01;18
2022-05-02;11
2022-05-03;13
2022-05-04;28
2022-05-05;51
2022-05-06;27
2022-05-07;24
2022-05-08;32
2022-05-09;37
2022-05-10;23
2022-05-11;71
2022-05-12;61
2022-05-13;12
2022-05-14;30
2022-05-15;51
2022-05-16;66
2022-05-17;45
2022-05-18;29
2022-05-19;21
2022-05-20;22
2022-05-21;49
2022-05-22;14
2022-05-23;12
2022-05-24;11
2022-05-25;13
2022-05-26;22
2022-05-27;41
2022-05-28;25
2022-05-29;28
2022-05-30;48
2022-05-31;74
2022-06-01;60
2022-06-02;31
2022-06-03;5
2022-06-04;2
2022-06-05;9
2022-06-06;7
2022-06-07;18
2022-06-08;19
2022-06-09;25
2022-06-10;33
2022-06-11;96
2022-06-12;39
2022-06-13;21
2022-06-14;14
2022-06-15;54
2022-06-16;23
2022-06-17;45
2022-06-18;37
2022-06-19;44
2022-06-20;36
2022-06-21;20
2022-06-22;47
2022-06-23;8
2022-06-24;48
2022-06-25;48
2022-06-26;31
2022-06-27;23
2022-06-28;11
2022-06-29;16
2022-06-30;28
2022-07-01;15
2022-07-02;8
2022-07-03;29
2022-07-04;22
2022-07-05;9
2022-07-06;9
2022-07-07;58
2022-07-08;22
2022-07-09;6
2022-07-10;10
2022-07-11;18
2022-07-12;8
2022-07-13;16
2022-07-14;12
2022-07-15;37
2022-07-16;19
2022-07-17;12
2022-07-18;44
2022-07-19;47
2022-07-20;56
2022-07-21;34
2022-07-22;49
2022-07-23;23
2022-07-24;22
2022-07-25;9
2022-07-26;9
2022-07-27;37
2022-07-28;28
2022-07-29;21
2022-07-30;36
2022-07-31;56
2022-08-01;34
2022-08-02;23
2022-08-03;27
2022-08-04;45
2022-08-05;32
2022-08-06;12
2022-08-07;11
2022-08-08;24
2022-08-09;41
2022-08-10;54
2022-08-11;47
2022-08-13;5
2022-08-14;8
2022-08-15;7
2022-08-16;20
2022-08-17;51
2022-08-18;24
2022-08-19;15
2022-08-20;15
2022-08-21;29
2022-08-22;25
2022-08-23;29
2022-08-24;32
2022-08-25;13
2022-08-26;15
2022-08-27;11
2022-08-28;19
2022-08-29;33
2022-08-30;22
2022-08-31;36
2022-09-01;14
2022-09-02;13
2022-09-03;13
2022-09-04;12
2022-09-05;28
2022-09-06;20
2022-09-07;5
2022-09-08;24
2022-09-09;14
2022-09-10;20
2022-09-11;22
2022-09-12;27
2022-09-13;25
2022-09-14;29
2022-09-15;15
2022-09-16;9
2022-09-17;10
2022-09-18;14
2022-09-19;18
2022-09-20;10
2022-09-21;11
2022-09-22;9
2022-09-23;7
2022-09-24;11
2022-09-25;10
2022-09-26;7
2022-10-02;16
2022-10-03;8
2022-10-04;22
2022-10-05;13
2022-10-06;10
2022-10-07;10
2022-10-08;5
2022-10-09;5
2022-10-10;7
2022-10-11;11
2022-10-12;8
2022-10-13;4
2022-10-14;5
2022-10-15;7
2022-10-16;4
2022-10-17;7
2022-10-18;5
2022-10-19;7
2022-10-20;4
2022-10-21;4
2022-10-22;6
2022-10-23;3
2022-10-24;4
2022-10-25;3
2022-10-26;2
2022-10-27;4
2022-10-28;5
2022-10-29;3
2022-10-30;3
2022-10-31;3
2022-11-01;4
2022-11-02;11
2022-11-03;10
2022-11-04;9
2022-11-05;9
2022-11-06;8
2022-11-07;9
2022-11-08;10
2022-11-09;3
2022-11-10;3
2022-11-11;2
2022-11-12;2
2022-11-13;2
2022-11-14;3
2022-11-15;5
2022-11-16;5
2022-11-17;5
2022-11-18;3
2022-11-19;3
2022-11-20;2
2022-11-21;4
2022-11-22;4
2022-11-23;3
2022-11-24;4
2022-11-25;8
2022-11-26;7
2022-11-27;7
2022-11-28;5
2022-11-29;4
2022-11-30;3
2022-12-01;4
2022-12-02;3
2022-12-03;3
2022-12-04;1
2022-12-05;4
2022-12-06;2
2022-12-07;4
2022-12-08;2
2022-12-09;2
2022-12-10;3
2022-12-11;3
2022-12-12;3
2022-12-13;5
2022-12-14;3
2022-12-15;4
2022-12-16;6
2022-12-17;5
2022-12-18;3
2022-12-19;3
2022-12-20;2
2022-12-21;3
2022-12-22;4
2022-12-23;2
2022-12-24;4
2022-12-25;5
2022-12-26;4
2022-12-27;5
2022-12-28;1
2022-12-29;1
2022-12-30;4
2022-12-31;3
2023-01-01;2
2023-01-02;2
2023-01-03;1
2023-01-04;2
2023-01-05;4
2023-01-06;2
2023-01-07;1
2023-01-08;1
2023-01-09;2
2023-01-10;1
2023-01-11;1
2023-01-12;1
2023-01-13;1
2023-01-14;2
2023-01-15;1
2023-01-16;3
2023-01-17;2
2023-01-18;5
2023-01-19;3
2023-01-20;3
2023-01-21;2
2023-01-22;2
2023-01-23;4
2023-01-24;1
2023-01-25;1
2023-01-26;1
2023-01-27;1
2023-01-28;4
2023-01-29;3
2023-01-30;1
2023-01-31;3
2023-02-01;6
2023-02-02;8
2023-02-03;102
2023-02-04;291
2023-02-05;240
2023-02-06;117
2023-02-07;113
2023-02-08;190
2023-02-09;84
2023-02-10;33
2023-02-11;49
2023-02-12;32
2023-02-13;2
2023-02-14;7
2023-02-15;6
2023-02-16;2
2023-02-17;5
2023-02-18;24
2023-02-19;37
2023-02-20;55
2023-02-21;18
2023-02-22;24
2023-02-23;19
2023-02-24;13
2023-02-25;11
2023-02-26;10
2023-02-27;11
2023-02-28;9
2023-03-01;4
2023-03-02;7
2023-03-03;5
2023-03-04;7
2023-03-05;10
2023-03-06;5
2023-03-07;4
2023-03-08;3
2023-03-09;10
2023-03-10;9
2023-03-11;4
2023-03-12;4
2023-03-13;6
2023-03-14;6
2023-03-15;4
2023-03-16;3
2023-03-17;5
2023-03-18;6
2023-03-19;5
2023-03-20;7
2023-03-21;15
2023-03-22;28
2023-03-23;31
2023-03-24;22
2023-03-25;20
2023-03-26;19
2023-03-27;17
2023-03-28;5
2023-03-29;5
2023-03-30;9
2023-03-31;19
