momento;valor_puntoRocio
01-01-2011 12:00;7.9
01-01-2011 15:00;15.6
01-01-2011 18:00;17.4
01-01-2011 21:00;15.2
02-01-2011 12:00;13.4
02-01-2011 15:00;13.8
02-01-2011 18:00;13.0
02-01-2011 21:00;11.0
03-01-2011 12:00;11.7
03-01-2011 15:00;10.9
03-01-2011 18:00;10.1
03-01-2011 21:00;11.6
04-01-2011 12:00;13.5
04-01-2011 15:00;13.0
04-01-2011 18:00;11.7
04-01-2011 21:00;12.2
05-01-2011 12:00;12.4
05-01-2011 15:00;13.3
05-01-2011 18:00;13.2
05-01-2011 21:00;13.7
06-01-2011 12:00;13.6
06-01-2011 15:00;14.6
06-01-2011 18:00;14.5
06-01-2011 21:00;13.1
07-01-2011 12:00;12.9
07-01-2011 15:00;13.9
07-01-2011 18:00;13.0
07-01-2011 21:00;13.8
08-01-2011 12:00;12.2
08-01-2011 15:00;13.7
08-01-2011 18:00;10.7
08-01-2011 21:00;12.2
09-01-2011 12:00;10.5
09-01-2011 15:00;12.7
09-01-2011 18:00;14.0
09-01-2011 21:00;14.1
10-01-2011 12:00;12.2
10-01-2011 15:00;12.9
10-01-2011 18:00;12.1
10-01-2011 21:00;13.2
11-01-2011 12:00;10.5
11-01-2011 15:00;11.4
11-01-2011 18:00;13.6
11-01-2011 21:00;10.5
12-01-2011 12:00;12.9
12-01-2011 15:00;13.0
12-01-2011 18:00;11.6
12-01-2011 21:00;10.2
13-01-2011 12:00;11.0
13-01-2011 15:00;13.0
13-01-2011 18:00;14.0
14-01-2011 12:00;11.5
14-01-2011 15:00;12.9
14-01-2011 18:00;12.6
15-01-2011 0:00;10.2
15-01-2011 12:00;6.1
15-01-2011 18:00;7.4
16-01-2011 0:00;14.4
16-01-2011 12:00;11.0
16-01-2011 18:00;7.4
17-01-2011 0:00;8.8
17-01-2011 12:00;7.6
17-01-2011 15:00;7.4
17-01-2011 18:00;6.9
18-01-2011 12:00;10.1
18-01-2011 15:00;12.0
18-01-2011 18:00;10.4
19-01-2011 12:00;14.1
19-01-2011 15:00;10.7
19-01-2011 18:00;10.1
20-01-2011 12:00;10.3
20-01-2011 15:00;10.0
20-01-2011 18:00;10.7
21-01-2011 12:00;11.3
21-01-2011 15:00;12.9
21-01-2011 18:00;13.3
24-01-2011 12:00;15.5
24-01-2011 15:00;16.7
24-01-2011 18:00;16.9
25-01-2011 12:00;15.1
25-01-2011 15:00;16.0
25-01-2011 18:00;16.4
26-01-2011 12:00;13.2
26-01-2011 15:00;15.7
26-01-2011 18:00;15.9
27-01-2011 12:00;14.1
27-01-2011 15:00;15.8
27-01-2011 18:00;14.7
28-01-2011 12:00;10.1
28-01-2011 15:00;9.0
28-01-2011 18:00;11.9
31-01-2011 12:00;9.7
31-01-2011 15:00;8.2
31-01-2011 18:00;6.9
01-02-2011 12:00;8.0
01-02-2011 15:00;10.0
01-02-2011 18:00;7.1
02-02-2011 12:00;8.7
02-02-2011 15:00;13.3
02-02-2011 18:00;14.7
03-02-2011 12:00;9.7
03-02-2011 15:00;7.9
03-02-2011 18:00;7.1
03-02-2011 21:00;8.5
04-02-2011 12:00;10.2
04-02-2011 15:00;9.2
04-02-2011 18:00;10.8
04-02-2011 21:00;7.5
05-02-2011 12:00;9.6
05-02-2011 15:00;9.7
05-02-2011 18:00;11.4
05-02-2011 21:00;12.8
06-02-2011 12:00;10.2
06-02-2011 15:00;12.3
06-02-2011 18:00;13.3
06-02-2011 20:00;12.9
06-02-2011 21:00;13.0
07-02-2011 12:00;10.8
07-02-2011 15:00;12.7
07-02-2011 18:00;11.1
07-02-2011 21:00;12.0
08-02-2011 12:00;13.6
08-02-2011 15:00;15.2
08-02-2011 18:00;15.8
08-02-2011 21:00;12.7
09-02-2011 12:00;12.1
09-02-2011 15:00;14.0
09-02-2011 18:00;14.7
09-02-2011 21:00;13.4
10-02-2011 12:00;12.0
10-02-2011 15:00;13.9
10-02-2011 18:00;14.6
10-02-2011 21:00;14.6
11-02-2011 12:00;11.6
11-02-2011 15:00;11.8
11-02-2011 18:00;12.8
11-02-2011 21:00;14.1
12-02-2011 12:00;13.4
12-02-2011 15:00;15.4
12-02-2011 18:00;16.4
12-02-2011 21:00;15.9
13-02-2011 12:00;13.3
13-02-2011 15:00;14.2
13-02-2011 18:00;13.6
13-02-2011 21:00;11.6
14-02-2011 12:00;9.9
14-02-2011 15:00;11.3
14-02-2011 18:00;13.4
14-02-2011 21:00;13.8
15-02-2011 12:00;13.3
15-02-2011 15:00;14.3
15-02-2011 18:00;15.5
15-02-2011 21:00;15.1
16-02-2011 12:00;11.3
16-02-2011 15:00;14.2
16-02-2011 18:00;14.5
16-02-2011 21:00;13.2
17-02-2011 12:00;8.4
17-02-2011 15:00;13.3
17-02-2011 18:00;12.2
17-02-2011 21:00;12.3
18-02-2011 12:00;10.2
18-02-2011 15:00;12.8
18-02-2011 18:00;13.1
18-02-2011 21:00;13.0
19-02-2011 12:00;12.1
19-02-2011 15:00;12.1
19-02-2011 18:00;12.3
19-02-2011 21:00;13.9
20-02-2011 12:00;12.2
20-02-2011 15:00;13.5
20-02-2011 18:00;13.6
20-02-2011 21:00;13.8
21-02-2011 12:00;11.2
21-02-2011 15:00;12.8
21-02-2011 18:00;14.8
21-02-2011 21:00;13.8
22-02-2011 12:00;13.7
22-02-2011 15:00;15.4
22-02-2011 18:00;13.0
22-02-2011 21:00;12.6
23-02-2011 12:00;11.5
23-02-2011 15:00;10.4
23-02-2011 18:00;10.5
23-02-2011 21:00;11.4
24-02-2011 12:00;10.6
24-02-2011 15:00;12.4
24-02-2011 18:00;12.8
24-02-2011 21:00;12.2
25-02-2011 12:00;10.2
25-02-2011 15:00;13.5
25-02-2011 18:00;12.5
25-02-2011 21:00;10.5
26-02-2011 12:00;9.9
26-02-2011 15:00;12.5
26-02-2011 18:00;13.1
26-02-2011 21:00;11.0
27-02-2011 12:00;9.3
27-02-2011 15:00;11.3
27-02-2011 18:00;11.0
27-02-2011 21:00;8.0
28-02-2011 12:00;9.4
28-02-2011 15:00;10.9
28-02-2011 18:00;11.4
28-02-2011 21:00;12.2
10-05-2011 12:00;2.0
01-06-2011 13:00;3.6
01-06-2011 14:00;6.0
01-06-2011 14:05;6.0
01-06-2011 15:00;5.6
01-06-2011 15:25;6.2
01-06-2011 16:00;6.0
01-06-2011 17:00;6.8
01-06-2011 18:00;7.4
01-06-2011 19:00;7.7
01-06-2011 20:00;8.1
01-06-2011 21:00;7.9
01-06-2011 22:00;7.4
02-06-2011 13:00;5.6
02-06-2011 14:00;6.6
02-06-2011 15:00;8.1
02-06-2011 16:00;7.6
02-06-2011 17:00;7.2
02-06-2011 18:00;7.8
02-06-2011 19:00;7.5
02-06-2011 20:00;9.4
02-06-2011 21:00;9.7
02-06-2011 22:00;6.6
03-06-2011 13:00;5.3
03-06-2011 14:00;7.9
03-06-2011 15:00;9.3
03-06-2011 16:00;9.2
03-06-2011 17:00;10.1
03-06-2011 18:00;11.2
03-06-2011 19:00;10.8
03-06-2011 20:00;10.8
03-06-2011 21:00;11.3
03-06-2011 22:00;11.0
04-06-2011 13:00;7.6
04-06-2011 14:00;7.9
04-06-2011 15:00;8.2
04-06-2011 16:00;7.8
04-06-2011 17:00;9.1
04-06-2011 18:00;9.3
04-06-2011 19:00;9.6
04-06-2011 20:00;10.0
04-06-2011 21:00;12.0
04-06-2011 22:00;11.5
05-06-2011 12:00;
05-06-2011 13:00;10.2
05-06-2011 14:00;10.4
05-06-2011 15:00;10.4
05-06-2011 16:00;11.5
05-06-2011 17:00;10.5
05-06-2011 18:00;10.2
05-06-2011 19:00;10.9
05-06-2011 20:00;11.7
05-06-2011 21:00;12.1
05-06-2011 22:00;11.0
06-06-2011 12:00;
06-06-2011 13:00;8.2
06-06-2011 14:00;8.9
06-06-2011 15:00;9.4
06-06-2011 16:00;9.0
06-06-2011 17:00;8.9
06-06-2011 18:00;10.3
06-06-2011 19:00;10.2
06-06-2011 20:00;10.2
06-06-2011 21:00;10.2
06-06-2011 22:00;10.6
07-06-2011 13:00;10.6
07-06-2011 14:00;10.6
07-06-2011 15:00;10.5
07-06-2011 16:00;10.9
07-06-2011 17:00;10.8
07-06-2011 18:00;10.9
07-06-2011 19:00;11.0
07-06-2011 20:00;12.3
07-06-2011 21:00;12.2
07-06-2011 22:00;10.7
08-06-2011 13:00;10.2
08-06-2011 14:00;11.1
08-06-2011 15:00;11.2
08-06-2011 16:00;11.7
08-06-2011 17:00;10.7
08-06-2011 18:00;10.6
08-06-2011 19:00;1.9
08-06-2011 20:00;8.5
08-06-2011 21:00;8.9
08-06-2011 22:00;10.3
09-06-2011 13:00;8.0
09-06-2011 14:00;8.1
09-06-2011 15:00;8.1
09-06-2011 16:00;8.1
09-06-2011 17:00;8.9
09-06-2011 18:00;8.9
09-06-2011 19:00;9.4
09-06-2011 20:00;9.4
09-06-2011 21:00;10.3
09-06-2011 22:00;11.3
10-06-2011 13:00;4.4
10-06-2011 14:00;5.1
10-06-2011 15:00;9.4
10-06-2011 16:00;9.8
10-06-2011 17:00;9.4
10-06-2011 18:00;9.6
10-06-2011 19:00;10.8
10-06-2011 20:00;11.6
10-06-2011 21:00;12.0
10-06-2011 22:00;12.3
11-06-2011 13:00;8.8
11-06-2011 14:00;9.4
11-06-2011 15:00;10.4
11-06-2011 16:00;10.8
11-06-2011 17:00;11.0
11-06-2011 18:00;10.4
11-06-2011 19:00;11.3
11-06-2011 20:00;11.3
11-06-2011 21:00;11.3
11-06-2011 22:00;10.3
12-06-2011 13:00;2.1
12-06-2011 14:00;5.6
12-06-2011 15:00;6.2
12-06-2011 16:00;5.5
12-06-2011 17:00;5.1
12-06-2011 18:00;6.3
12-06-2011 19:00;6.5
12-06-2011 20:00;6.0
12-06-2011 21:00;6.2
12-06-2011 22:00;6.7
13-06-2011 13:00;0.1
13-06-2011 14:00;1.5
13-06-2011 15:00;1.9
13-06-2011 16:00;2.4
13-06-2011 17:00;2.8
13-06-2011 18:00;3.6
13-06-2011 19:00;4.0
13-06-2011 20:00;3.2
13-06-2011 21:00;4.9
13-06-2011 22:00;6.1
14-06-2011 13:00;0.8
14-06-2011 14:00;2.4
14-06-2011 15:00;3.2
14-06-2011 16:00;4.4
14-06-2011 17:00;4.6
14-06-2011 18:00;4.8
14-06-2011 19:00;5.2
14-06-2011 20:00;5.0
14-06-2011 21:00;5.2
14-06-2011 22:00;4.1
15-06-2011 13:00;4.6
15-06-2011 14:00;5.0
15-06-2011 15:00;6.4
15-06-2011 16:00;6.6
15-06-2011 17:00;6.3
15-06-2011 18:00;4.9
15-06-2011 19:00;4.9
15-06-2011 20:00;4.3
15-06-2011 21:00;7.4
15-06-2011 22:00;7.4
16-06-2011 13:00;7.2
16-06-2011 14:00;8.0
16-06-2011 15:00;8.1
16-06-2011 16:00;7.9
16-06-2011 17:00;9.1
16-06-2011 18:00;
16-06-2011 19:00;
16-06-2011 20:00;
16-06-2011 21:00;9.2
16-06-2011 22:00;8.7
17-06-2011 13:00;6.8
17-06-2011 14:00;8.7
17-06-2011 15:00;8.1
17-06-2011 16:00;8.6
17-06-2011 17:00;8.6
17-06-2011 18:00;8.1
17-06-2011 19:00;7.3
17-06-2011 20:00;7.3
17-06-2011 21:00;7.5
17-06-2011 22:00;7.6
18-06-2011 15:00;
20-06-2011 13:00;8.5
20-06-2011 14:00;8.5
20-06-2011 15:00;8.5
20-06-2011 16:00;7.7
20-06-2011 17:00;7.7
20-06-2011 18:00;8.4
20-06-2011 19:00;7.9
20-06-2011 20:00;8.7
20-06-2011 21:00;8.9
20-06-2011 22:00;9.3
21-06-2011 13:00;5.8
21-06-2011 14:00;6.8
21-06-2011 15:00;8.0
21-06-2011 16:00;8.7
21-06-2011 17:00;8.8
21-06-2011 18:00;8.3
21-06-2011 19:00;8.3
21-06-2011 20:00;8.3
21-06-2011 21:00;8.6
21-06-2011 22:00;8.7
22-06-2011 13:00;3.4
22-06-2011 14:00;3.6
22-06-2011 15:00;2.7
22-06-2011 16:00;4.4
22-06-2011 17:00;4.4
22-06-2011 18:00;5.2
22-06-2011 19:00;5.8
22-06-2011 20:00;6.0
22-06-2011 21:00;6.0
22-06-2011 22:00;6.0
23-06-2011 13:00;4.6
23-06-2011 14:00;5.2
23-06-2011 15:00;4.0
23-06-2011 16:00;4.5
23-06-2011 17:00;3.8
23-06-2011 18:00;4.7
23-06-2011 19:00;5.2
23-06-2011 20:00;
23-06-2011 21:00;6.1
23-06-2011 22:00;6.0
24-06-2011 13:00;2.7
24-06-2011 14:00;3.6
24-06-2011 15:00;3.6
24-06-2011 16:00;3.5
24-06-2011 17:00;4.0
24-06-2011 18:00;2.8
24-06-2011 19:00;1.8
24-06-2011 20:00;2.3
24-06-2011 21:00;2.3
24-06-2011 22:00;2.9
25-06-2011 13:00;-1.1
25-06-2011 14:00;0.0
25-06-2011 15:00;0.1
25-06-2011 16:00;-0.1
25-06-2011 17:00;0.3
25-06-2011 18:00;0.7
25-06-2011 19:00;1.8
25-06-2011 20:00;2.0
25-06-2011 21:00;1.5
25-06-2011 22:00;4.0
26-06-2011 13:00;-1.0
26-06-2011 14:00;-0.1
26-06-2011 15:00;0.5
26-06-2011 16:00;0.5
26-06-2011 17:00;2.1
26-06-2011 18:00;3.5
26-06-2011 19:00;3.8
26-06-2011 20:00;4.2
26-06-2011 21:00;4.6
26-06-2011 22:00;6.5
27-06-2011 13:00;1.2
27-06-2011 14:00;4.1
27-06-2011 15:00;4.5
27-06-2011 16:00;7.1
27-06-2011 17:00;8.1
27-06-2011 18:00;8.0
27-06-2011 19:00;8.1
27-06-2011 20:00;7.6
27-06-2011 21:00;7.9
27-06-2011 22:00;9.5
28-06-2011 13:00;7.4
28-06-2011 14:00;7.4
28-06-2011 15:00;7.9
28-06-2011 16:00;7.7
28-06-2011 17:00;6.7
28-06-2011 18:00;6.8
28-06-2011 19:00;8.1
28-06-2011 20:00;8.7
28-06-2011 21:00;8.4
28-06-2011 22:00;8.4
29-06-2011 13:00;9.6
29-06-2011 14:00;10.6
29-06-2011 15:00;11.5
29-06-2011 16:00;11.7
29-06-2011 17:00;10.5
29-06-2011 18:00;9.5
29-06-2011 19:00;7.0
29-06-2011 20:00;9.1
29-06-2011 21:00;6.3
29-06-2011 22:00;5.4
30-06-2011 13:00;-2.1
30-06-2011 14:00;0.4
30-06-2011 15:00;1.6
30-06-2011 16:00;0.9
30-06-2011 17:00;1.8
30-06-2011 18:00;1.0
30-06-2011 19:00;1.5
30-06-2011 20:00;1.5
30-06-2011 21:00;1.0
30-06-2011 22:00;2.9
01-07-2011 12:00;
01-07-2011 13:00;-0.5
01-07-2011 14:00;1.0
01-07-2011 15:00;2.4
01-07-2011 16:00;3.1
01-07-2011 17:00;4.2
01-07-2011 18:00;2.8
01-07-2011 19:00;1.5
01-07-2011 20:00;3.1
01-07-2011 21:00;3.1
01-07-2011 22:00;-2.6
02-07-2011 0:00;
02-07-2011 12:00;
02-07-2011 13:00;-1.7
02-07-2011 14:00;-1.5
02-07-2011 15:00;-0.7
02-07-2011 16:00;-0.3
02-07-2011 17:00;0.6
02-07-2011 17:27;1.0
02-07-2011 18:00;1.9
02-07-2011 19:00;3.0
02-07-2011 20:00;2.3
02-07-2011 21:00;2.8
02-07-2011 22:00;3.8
03-07-2011 0:00;
03-07-2011 6:00;
03-07-2011 12:00;
03-07-2011 13:00;-2.5
03-07-2011 14:00;-1.2
03-07-2011 15:00;-0.7
03-07-2011 16:00;0.2
03-07-2011 17:00;1.3
03-07-2011 18:00;1.5
03-07-2011 19:00;3.2
03-07-2011 20:00;4.1
03-07-2011 21:00;4.3
03-07-2011 22:00;5.3
04-07-2011 0:00;
04-07-2011 6:00;
04-07-2011 12:00;
04-07-2011 13:00;
04-07-2011 14:00;0.3
04-07-2011 15:00;3.3
04-07-2011 16:00;4.0
04-07-2011 17:00;4.7
04-07-2011 18:00;4.3
04-07-2011 19:00;2.9
04-07-2011 20:00;3.1
04-07-2011 21:00;3.1
04-07-2011 22:00;6.5
05-07-2011 0:00;
05-07-2011 6:00;
05-07-2011 12:00;
05-07-2011 13:00;4.0
05-07-2011 14:00;4.1
05-07-2011 15:00;4.7
05-07-2011 16:00;5.6
05-07-2011 17:00;5.8
05-07-2011 18:00;4.9
05-07-2011 19:00;3.8
05-07-2011 20:00;4.7
05-07-2011 21:00;5.4
05-07-2011 22:00;4.9
06-07-2011 0:00;
06-07-2011 12:00;
06-07-2011 13:00;1.5
06-07-2011 14:00;1.5
06-07-2011 15:00;1.9
06-07-2011 16:00;2.1
06-07-2011 17:00;2.3
06-07-2011 18:00;2.8
06-07-2011 19:00;2.5
06-07-2011 20:00;2.7
06-07-2011 21:00;2.7
06-07-2011 22:00;3.0
07-07-2011 0:00;
07-07-2011 12:00;
07-07-2011 13:00;-1.3
07-07-2011 14:00;-0.3
07-07-2011 15:00;0.9
07-07-2011 16:00;2.3
07-07-2011 17:00;3.7
07-07-2011 18:00;4.0
07-07-2011 19:00;5.4
07-07-2011 20:00;5.9
07-07-2011 21:00;7.2
07-07-2011 22:00;7.1
08-07-2011 0:00;
08-07-2011 12:00;
08-07-2011 13:00;3.4
08-07-2011 14:00;4.0
08-07-2011 15:00;4.4
08-07-2011 16:00;
08-07-2011 17:00;5.6
08-07-2011 18:00;6.6
08-07-2011 19:00;7.2
08-07-2011 20:00;7.2
08-07-2011 21:00;7.5
08-07-2011 22:00;7.2
09-07-2011 0:00;
09-07-2011 12:00;
09-07-2011 13:00;7.9
09-07-2011 14:00;7.9
09-07-2011 15:00;8.6
09-07-2011 16:00;9.2
09-07-2011 17:00;9.2
09-07-2011 18:00;10.1
09-07-2011 19:00;10.4
09-07-2011 20:00;10.4
09-07-2011 21:00;10.0
09-07-2011 22:00;
10-07-2011 0:00;
10-07-2011 12:00;
10-07-2011 13:00;9.1
10-07-2011 14:00;10.9
10-07-2011 15:00;10.6
10-07-2011 16:00;11.2
10-07-2011 17:00;10.9
10-07-2011 18:00;11.0
10-07-2011 19:00;10.8
10-07-2011 20:00;11.0
10-07-2011 21:00;10.8
10-07-2011 22:00;11.7
11-07-2011 0:00;
11-07-2011 12:00;
11-07-2011 13:00;9.1
11-07-2011 14:00;9.5
11-07-2011 15:00;9.7
11-07-2011 16:00;10.1
11-07-2011 17:00;10.1
11-07-2011 18:00;10.5
11-07-2011 19:00;10.7
11-07-2011 20:00;10.7
11-07-2011 21:00;10.7
11-07-2011 22:00;10.8
12-07-2011 0:00;
12-07-2011 12:00;
12-07-2011 13:00;9.9
12-07-2011 14:00;10.7
12-07-2011 15:00;12.2
12-07-2011 16:00;9.2
12-07-2011 17:00;9.3
12-07-2011 18:00;8.9
12-07-2011 19:00;8.5
12-07-2011 20:00;8.3
12-07-2011 21:00;6.8
12-07-2011 22:00;8.7
13-07-2011 0:00;
13-07-2011 12:00;
13-07-2011 13:00;1.5
13-07-2011 14:00;4.5
13-07-2011 15:00;6.2
13-07-2011 16:00;7.1
13-07-2011 17:00;7.9
13-07-2011 18:00;7.8
13-07-2011 19:00;8.5
13-07-2011 20:00;7.4
13-07-2011 21:00;7.2
13-07-2011 22:00;7.3
14-07-2011 0:00;
14-07-2011 12:00;
14-07-2011 13:00;6.8
14-07-2011 14:00;6.6
14-07-2011 15:00;6.8
14-07-2011 16:00;6.8
14-07-2011 17:00;6.8
14-07-2011 18:00;7.0
14-07-2011 19:00;7.7
14-07-2011 20:00;8.0
14-07-2011 21:00;7.8
14-07-2011 22:00;7.8
15-07-2011 0:00;
15-07-2011 12:00;
15-07-2011 13:00;6.4
15-07-2011 14:00;6.8
15-07-2011 15:00;6.6
15-07-2011 16:00;6.6
15-07-2011 17:00;7.0
15-07-2011 18:00;7.2
15-07-2011 19:00;7.0
15-07-2011 20:00;7.2
15-07-2011 21:00;7.2
15-07-2011 22:00;7.0
16-07-2011 0:00;
16-07-2011 12:00;
16-07-2011 13:00;3.4
16-07-2011 14:00;5.2
16-07-2011 15:00;5.6
16-07-2011 16:00;6.8
16-07-2011 17:00;6.8
16-07-2011 18:00;6.2
16-07-2011 19:00;6.4
16-07-2011 20:00;6.4
16-07-2011 21:00;6.2
16-07-2011 22:00;6.0
17-07-2011 0:00;
17-07-2011 12:00;
17-07-2011 13:00;4.6
17-07-2011 14:00;5.2
17-07-2011 15:00;4.8
17-07-2011 16:00;4.8
17-07-2011 17:00;5.4
17-07-2011 18:00;5.4
17-07-2011 19:00;4.7
17-07-2011 20:00;3.9
17-07-2011 21:00;2.5
17-07-2011 22:00;4.3
18-07-2011 0:00;
18-07-2011 12:00;
18-07-2011 13:00;-1.3
18-07-2011 13:25;
18-07-2011 14:00;0.9
18-07-2011 15:00;1.9
18-07-2011 15:30;2.4
18-07-2011 16:00;3.5
18-07-2011 17:00;3.1
18-07-2011 18:00;3.5
18-07-2011 19:00;3.4
18-07-2011 20:00;3.4
18-07-2011 21:00;3.8
18-07-2011 22:00;3.5
19-07-2011 0:00;
19-07-2011 12:00;
19-07-2011 13:00;-0.3
19-07-2011 14:00;-0.7
19-07-2011 15:00;-0.4
19-07-2011 16:00;1.6
19-07-2011 17:00;1.3
19-07-2011 18:00;0.6
19-07-2011 19:00;1.6
19-07-2011 20:00;2.6
19-07-2011 21:00;3.1
19-07-2011 22:00;3.7
20-07-2011 0:00;
20-07-2011 12:00;
20-07-2011 13:00;1.0
20-07-2011 14:00;2.5
20-07-2011 15:00;4.3
20-07-2011 16:00;4.2
20-07-2011 17:00;4.5
20-07-2011 18:00;4.5
20-07-2011 19:00;4.3
20-07-2011 20:00;3.8
20-07-2011 21:00;3.8
20-07-2011 22:00;5.8
21-07-2011 0:00;
21-07-2011 12:00;
21-07-2011 13:00;4.4
21-07-2011 14:00;6.2
21-07-2011 15:00;6.1
21-07-2011 16:00;8.5
21-07-2011 17:00;9.1
21-07-2011 18:00;9.4
21-07-2011 19:00;9.3
21-07-2011 20:00;9.3
21-07-2011 21:00;8.8
21-07-2011 22:00;9.0
22-07-2011 0:00;
22-07-2011 12:00;
22-07-2011 13:00;3.0
22-07-2011 14:00;3.4
22-07-2011 15:00;4.6
22-07-2011 16:00;5.2
22-07-2011 17:00;5.6
22-07-2011 18:00;7.1
22-07-2011 19:00;8.4
22-07-2011 20:00;8.0
22-07-2011 21:00;9.7
22-07-2011 22:00;11.0
23-07-2011 0:00;
23-07-2011 12:00;
23-07-2011 13:00;2.4
23-07-2011 14:00;3.2
23-07-2011 15:00;5.0
23-07-2011 16:00;5.6
23-07-2011 17:00;5.8
23-07-2011 18:00;6.2
23-07-2011 19:00;7.3
23-07-2011 20:00;6.5
23-07-2011 21:00;8.2
23-07-2011 22:00;9.7
24-07-2011 0:00;
24-07-2011 12:00;
24-07-2011 13:00;4.8
24-07-2011 14:00;5.0
24-07-2011 15:00;5.0
24-07-2011 16:00;6.0
24-07-2011 17:00;6.2
24-07-2011 18:00;7.4
24-07-2011 19:00;7.4
24-07-2011 20:00;7.5
24-07-2011 21:00;7.0
24-07-2011 22:00;7.0
25-07-2011 0:00;
25-07-2011 12:00;
25-07-2011 13:00;7.0
25-07-2011 14:00;6.8
25-07-2011 15:00;8.0
25-07-2011 16:00;8.0
25-07-2011 17:00;
25-07-2011 18:00;8.6
25-07-2011 19:00;8.6
25-07-2011 20:00;8.0
25-07-2011 21:00;8.7
25-07-2011 22:00;8.7
26-07-2011 0:00;
26-07-2011 12:00;
26-07-2011 13:00;0.8
26-07-2011 14:00;2.4
26-07-2011 15:00;3.8
26-07-2011 16:00;5.4
26-07-2011 17:00;5.2
26-07-2011 18:00;5.4
26-07-2011 19:00;6.6
26-07-2011 20:00;7.3
26-07-2011 21:00;7.7
26-07-2011 22:00;7.6
27-07-2011 0:00;
27-07-2011 12:00;
27-07-2011 13:00;5.0
27-07-2011 14:00;6.6
27-07-2011 15:00;7.2
27-07-2011 16:00;7.0
27-07-2011 17:00;7.1
27-07-2011 18:00;7.1
27-07-2011 19:00;7.3
27-07-2011 20:00;8.3
27-07-2011 21:00;7.8
27-07-2011 22:00;8.2
28-07-2011 0:00;
28-07-2011 12:00;
28-07-2011 13:00;8.0
28-07-2011 14:00;8.8
28-07-2011 15:00;9.3
28-07-2011 16:00;8.8
28-07-2011 17:00;9.5
28-07-2011 18:00;8.9
28-07-2011 19:00;8.7
28-07-2011 20:00;9.2
28-07-2011 21:00;7.0
28-07-2011 22:00;7.9
29-07-2011 0:00;
29-07-2011 12:00;
29-07-2011 13:00;-0.7
29-07-2011 14:00;0.0
29-07-2011 15:00;1.2
29-07-2011 16:00;2.6
29-07-2011 17:00;3.4
29-07-2011 18:00;4.4
29-07-2011 19:00;4.8
29-07-2011 20:00;4.9
29-07-2011 21:00;5.2
29-07-2011 22:00;5.8
30-07-2011 0:00;
30-07-2011 12:00;
30-07-2011 13:00;0.0
30-07-2011 14:00;1.9
30-07-2011 15:00;3.0
30-07-2011 16:00;5.0
30-07-2011 17:00;5.6
30-07-2011 18:00;6.1
30-07-2011 19:00;5.8
30-07-2011 20:00;6.4
30-07-2011 21:00;5.4
30-07-2011 22:00;6.0
31-07-2011 0:00;
31-07-2011 12:00;
31-07-2011 13:00;-3.2
31-07-2011 14:00;-0.1
31-07-2011 15:00;1.4
31-07-2011 16:00;1.8
31-07-2011 17:00;1.8
31-07-2011 18:00;1.2
31-07-2011 19:00;1.2
31-07-2011 20:00;0.4
31-07-2011 21:00;1.2
31-07-2011 22:00;3.1
01-08-2011 0:00;
01-08-2011 12:00;
01-08-2011 13:00;1.7
01-08-2011 14:00;3.4
01-08-2011 15:00;4.5
01-08-2011 16:00;5.1
01-08-2011 17:00;4.7
01-08-2011 18:00;4.3
01-08-2011 19:00;3.5
01-08-2011 20:00;4.2
01-08-2011 21:00;4.2
01-08-2011 22:00;5.6
02-08-2011 0:00;
02-08-2011 12:00;
02-08-2011 13:00;5.6
02-08-2011 14:00;6.2
02-08-2011 15:00;6.4
02-08-2011 16:00;5.8
02-08-2011 17:00;5.8
02-08-2011 18:00;6.4
02-08-2011 19:00;6.5
02-08-2011 20:00;7.2
02-08-2011 21:00;5.2
02-08-2011 22:00;6.5
03-08-2011 0:00;
03-08-2011 12:00;
03-08-2011 13:00;-0.5
03-08-2011 14:00;0.0
03-08-2011 15:00;2.1
03-08-2011 16:00;4.3
03-08-2011 17:00;3.1
03-08-2011 18:00;6.3
03-08-2011 19:00;6.1
03-08-2011 20:00;6.0
03-08-2011 21:00;6.8
03-08-2011 22:00;6.9
04-08-2011 0:00;
04-08-2011 12:00;
04-08-2011 13:00;3.5
04-08-2011 14:00;5.4
04-08-2011 15:00;5.8
04-08-2011 16:00;6.8
04-08-2011 17:00;6.6
04-08-2011 18:00;7.6
04-08-2011 19:00;8.0
04-08-2011 20:00;8.2
04-08-2011 21:00;8.2
04-08-2011 22:00;7.8
05-08-2011 0:00;
05-08-2011 12:00;
05-08-2011 13:00;7.4
05-08-2011 14:00;7.2
05-08-2011 15:00;6.9
05-08-2011 16:00;7.7
05-08-2011 17:00;8.2
05-08-2011 18:00;8.6
05-08-2011 19:00;9.2
05-08-2011 20:00;8.6
05-08-2011 21:00;8.4
05-08-2011 22:00;8.8
06-08-2011 0:00;
06-08-2011 12:00;
06-08-2011 13:00;7.8
06-08-2011 14:00;7.8
06-08-2011 15:00;8.2
06-08-2011 16:00;8.6
06-08-2011 17:00;9.0
06-08-2011 18:00;9.6
06-08-2011 19:00;9.9
06-08-2011 20:00;10.1
06-08-2011 21:00;10.1
06-08-2011 22:00;9.7
07-08-2011 0:00;
07-08-2011 12:00;
07-08-2011 13:00;4.8
07-08-2011 14:00;5.4
07-08-2011 15:00;6.6
07-08-2011 16:00;7.2
07-08-2011 17:00;7.6
07-08-2011 18:00;8.5
07-08-2011 19:00;7.9
07-08-2011 20:00;7.7
07-08-2011 21:00;8.1
07-08-2011 22:00;8.9
08-08-2011 0:00;
08-08-2011 12:00;
08-08-2011 13:00;9.3
08-08-2011 14:00;10.2
08-08-2011 15:00;10.9
08-08-2011 16:00;11.0
08-08-2011 17:00;11.3
08-08-2011 18:00;10.7
08-08-2011 19:00;10.8
08-08-2011 20:00;11.3
08-08-2011 21:00;12.3
08-08-2011 22:00;11.2
09-08-2011 0:00;
09-08-2011 12:00;
09-08-2011 13:00;9.3
09-08-2011 14:00;9.1
09-08-2011 15:00;9.0
09-08-2011 16:00;8.9
09-08-2011 17:00;9.4
09-08-2011 18:00;10.6
09-08-2011 19:00;13.1
09-08-2011 20:00;12.9
09-08-2011 21:00;12.6
09-08-2011 22:00;12.9
10-08-2011 0:00;
10-08-2011 12:00;
10-08-2011 13:00;11.3
10-08-2011 14:00;11.6
10-08-2011 15:00;11.8
10-08-2011 16:00;11.5
10-08-2011 17:00;11.4
10-08-2011 18:00;9.4
10-08-2011 19:00;7.4
10-08-2011 20:00;7.4
10-08-2011 21:00;7.1
10-08-2011 22:00;8.6
11-08-2011 0:00;
11-08-2011 12:00;
11-08-2011 13:00;9.8
11-08-2011 14:00;8.2
11-08-2011 15:00;8.3
11-08-2011 16:00;10.3
11-08-2011 17:00;10.2
11-08-2011 18:00;10.4
11-08-2011 19:00;10.8
11-08-2011 20:00;11.3
11-08-2011 21:00;11.7
11-08-2011 22:00;12.1
12-08-2011 0:00;
12-08-2011 12:00;
12-08-2011 13:00;7.6
12-08-2011 14:00;9.9
12-08-2011 15:00;8.8
12-08-2011 16:00;7.2
12-08-2011 17:00;6.8
12-08-2011 18:00;5.2
12-08-2011 19:00;5.1
12-08-2011 20:00;9.5
12-08-2011 21:00;9.8
12-08-2011 22:00;8.3
13-08-2011 0:00;
13-08-2011 12:00;
13-08-2011 13:00;1.8
13-08-2011 14:00;4.2
13-08-2011 15:00;5.4
13-08-2011 16:00;7.1
13-08-2011 17:00;4.3
13-08-2011 18:00;3.9
13-08-2011 19:00;4.0
13-08-2011 20:00;5.2
13-08-2011 21:00;6.5
13-08-2011 22:00;7.5
14-08-2011 0:00;
14-08-2011 12:00;
14-08-2011 13:00;1.5
14-08-2011 14:00;2.2
14-08-2011 15:00;3.6
14-08-2011 16:00;2.1
14-08-2011 17:00;3.1
14-08-2011 18:00;3.4
14-08-2011 19:00;3.4
14-08-2011 20:00;3.9
14-08-2011 21:00;3.5
14-08-2011 22:00;3.6
15-08-2011 0:00;
15-08-2011 12:00;
15-08-2011 13:00;5.4
15-08-2011 14:00;5.8
15-08-2011 15:00;4.0
15-08-2011 16:00;3.6
15-08-2011 17:00;4.1
15-08-2011 18:00;4.3
15-08-2011 19:00;2.9
15-08-2011 20:00;3.9
15-08-2011 21:00;4.8
15-08-2011 22:00;4.3
16-08-2011 0:00;
16-08-2011 12:00;
16-08-2011 13:00;7.2
16-08-2011 14:00;7.2
16-08-2011 15:00;8.0
16-08-2011 16:00;8.1
16-08-2011 17:00;7.9
16-08-2011 18:00;8.7
16-08-2011 19:00;7.8
16-08-2011 20:00;8.0
16-08-2011 21:00;7.5
16-08-2011 22:00;7.0
17-08-2011 0:00;
17-08-2011 12:00;
17-08-2011 13:00;7.8
17-08-2011 14:00;7.5
17-08-2011 15:00;8.4
17-08-2011 16:00;6.6
17-08-2011 17:00;6.4
17-08-2011 18:00;6.8
17-08-2011 19:00;7.4
17-08-2011 20:00;8.0
17-08-2011 21:00;7.5
17-08-2011 22:00;7.7
18-08-2011 0:00;
18-08-2011 12:00;
18-08-2011 13:00;3.8
18-08-2011 14:00;5.0
18-08-2011 15:00;4.9
18-08-2011 16:00;4.9
18-08-2011 17:00;5.4
18-08-2011 18:00;3.6
18-08-2011 19:00;3.6
18-08-2011 20:00;3.1
18-08-2011 21:00;3.1
18-08-2011 22:00;3.8
19-08-2011 0:00;
19-08-2011 12:00;
19-08-2011 13:00;-0.1
19-08-2011 14:00;0.3
19-08-2011 15:00;0.9
19-08-2011 16:00;1.1
19-08-2011 17:00;1.0
19-08-2011 18:00;0.6
19-08-2011 19:00;0.3
19-08-2011 20:00;0.7
19-08-2011 21:00;1.5
19-08-2011 22:00;4.3
20-08-2011 0:00;
20-08-2011 12:00;
20-08-2011 13:00;-0.1
20-08-2011 14:00;0.4
20-08-2011 15:00;1.1
20-08-2011 16:00;1.8
20-08-2011 17:00;3.6
20-08-2011 18:00;4.2
20-08-2011 19:00;5.0
20-08-2011 20:00;5.1
20-08-2011 21:00;4.1
20-08-2011 22:00;2.1
21-08-2011 0:00;
21-08-2011 12:00;-1.9
21-08-2011 13:00;1.2
21-08-2011 14:00;0.8
21-08-2011 15:00;0.7
21-08-2011 16:00;1.8
21-08-2011 17:00;1.3
21-08-2011 18:00;1.4
21-08-2011 19:00;0.9
21-08-2011 20:00;1.6
21-08-2011 21:00;2.3
21-08-2011 22:00;3.3
22-08-2011 0:00;
22-08-2011 12:00;-1.5
22-08-2011 13:00;1.2
22-08-2011 14:00;2.0
22-08-2011 15:00;4.9
22-08-2011 16:00;5.0
22-08-2011 17:00;4.9
22-08-2011 18:00;4.8
22-08-2011 19:00;4.1
22-08-2011 20:00;5.3
22-08-2011 21:00;7.5
22-08-2011 22:00;8.1
23-08-2011 0:00;
23-08-2011 12:00;6.8
23-08-2011 13:00;7.2
23-08-2011 14:00;7.1
23-08-2011 15:00;7.2
23-08-2011 16:00;8.1
23-08-2011 17:00;8.4
23-08-2011 18:00;6.2
23-08-2011 19:00;8.3
23-08-2011 20:00;10.6
23-08-2011 21:00;9.7
23-08-2011 22:00;9.2
24-08-2011 0:00;
24-08-2011 12:00;6.4
24-08-2011 13:00;5.8
24-08-2011 14:00;5.4
24-08-2011 15:00;5.8
24-08-2011 16:00;6.0
24-08-2011 17:00;6.3
24-08-2011 18:00;6.6
24-08-2011 19:00;7.1
24-08-2011 20:00;7.8
24-08-2011 21:00;7.9
24-08-2011 22:00;8.9
25-08-2011 0:00;
25-08-2011 12:00;8.4
25-08-2011 13:00;9.0
25-08-2011 14:00;9.7
25-08-2011 15:00;9.9
25-08-2011 16:00;8.9
25-08-2011 17:00;8.9
25-08-2011 18:00;9.0
25-08-2011 19:00;9.3
25-08-2011 20:00;8.7
25-08-2011 21:00;9.1
25-08-2011 22:00;9.0
26-08-2011 0:00;
26-08-2011 12:00;7.6
26-08-2011 13:00;8.0
26-08-2011 14:00;8.6
26-08-2011 15:00;8.5
26-08-2011 16:00;8.5
26-08-2011 17:00;8.6
26-08-2011 18:00;8.2
26-08-2011 19:00;7.9
26-08-2011 20:00;7.0
26-08-2011 21:00;9.2
26-08-2011 22:00;9.1
27-08-2011 0:00;
27-08-2011 12:00;7.4
27-08-2011 13:00;8.0
27-08-2011 14:00;7.1
27-08-2011 15:00;7.1
27-08-2011 16:00;7.1
27-08-2011 17:00;7.5
27-08-2011 18:00;7.5
27-08-2011 19:00;7.4
27-08-2011 20:00;6.1
27-08-2011 21:00;5.6
27-08-2011 22:00;6.6
28-08-2011 0:00;
28-08-2011 12:00;5.8
28-08-2011 13:00;6.5
28-08-2011 14:00;5.7
28-08-2011 15:00;5.9
28-08-2011 16:00;6.9
28-08-2011 17:00;7.8
28-08-2011 18:00;7.2
28-08-2011 19:00;7.1
28-08-2011 20:00;5.6
28-08-2011 21:00;5.4
28-08-2011 22:00;7.1
29-08-2011 0:00;
29-08-2011 12:00;6.4
29-08-2011 13:00;7.0
29-08-2011 14:00;7.7
29-08-2011 15:00;7.3
29-08-2011 16:00;7.1
29-08-2011 17:00;7.5
29-08-2011 18:00;6.2
29-08-2011 19:00;6.0
29-08-2011 20:00;6.6
29-08-2011 21:00;7.0
29-08-2011 22:00;6.6
30-08-2011 0:00;
30-08-2011 12:00;1.0
30-08-2011 13:00;2.7
30-08-2011 14:00;4.7
30-08-2011 15:00;5.6
30-08-2011 16:00;7.5
30-08-2011 17:00;5.3
30-08-2011 18:00;4.2
30-08-2011 19:00;4.1
30-08-2011 20:00;4.4
30-08-2011 21:00;4.2
30-08-2011 22:00;5.0
31-08-2011 0:00;
31-08-2011 12:00;-0.1
31-08-2011 13:00;1.5
31-08-2011 14:00;2.3
31-08-2011 15:00;1.6
31-08-2011 16:00;3.8
31-08-2011 17:00;4.2
31-08-2011 18:00;5.3
31-08-2011 19:00;5.0
31-08-2011 20:00;2.5
31-08-2011 21:00;2.3
31-08-2011 22:00;7.4
01-09-2011 0:00;
01-09-2011 12:00;0.3
01-09-2011 13:00;3.1
01-09-2011 14:00;5.2
01-09-2011 15:00;5.8
01-09-2011 16:00;5.8
01-09-2011 17:00;4.5
01-09-2011 18:00;2.6
01-09-2011 19:00;3.1
01-09-2011 20:00;3.9
01-09-2011 21:00;3.6
01-09-2011 22:00;9.3
02-09-2011 0:00;
02-09-2011 12:00;7.0
02-09-2011 13:00;7.3
02-09-2011 14:00;7.8
02-09-2011 15:00;8.1
02-09-2011 16:00;8.3
02-09-2011 17:00;8.4
02-09-2011 18:00;9.1
02-09-2011 19:00;9.8
02-09-2011 20:00;10.5
02-09-2011 21:00;10.5
02-09-2011 22:00;11.4
03-09-2011 0:00;
03-09-2011 12:00;7.4
03-09-2011 13:00;7.2
03-09-2011 14:00;8.6
03-09-2011 15:00;8.3
03-09-2011 16:00;7.8
03-09-2011 17:00;6.3
03-09-2011 18:00;4.0
03-09-2011 19:00;4.0
03-09-2011 20:00;4.4
03-09-2011 21:00;5.4
03-09-2011 22:00;5.4
04-09-2011 0:00;
04-09-2011 12:00;5.4
04-09-2011 13:00;6.2
04-09-2011 14:00;6.2
04-09-2011 15:00;6.7
04-09-2011 16:00;7.3
04-09-2011 17:00;7.0
04-09-2011 18:00;7.5
04-09-2011 19:00;7.2
04-09-2011 20:00;7.7
04-09-2011 21:00;7.7
04-09-2011 22:00;6.3
05-09-2011 0:00;
05-09-2011 12:00;0.3
05-09-2011 13:00;2.0
05-09-2011 14:00;4.5
05-09-2011 15:00;5.8
05-09-2011 16:00;5.0
05-09-2011 17:00;4.3
05-09-2011 18:00;4.4
05-09-2011 19:00;4.0
05-09-2011 20:00;2.9
05-09-2011 21:00;4.0
05-09-2011 22:00;4.6
06-09-2011 0:00;
06-09-2011 12:00;4.2
06-09-2011 13:00;4.6
06-09-2011 14:00;4.5
06-09-2011 15:00;4.7
06-09-2011 16:00;5.3
06-09-2011 17:00;4.9
06-09-2011 18:00;3.7
06-09-2011 19:00;3.7
06-09-2011 20:00;3.0
06-09-2011 21:00;2.7
06-09-2011 22:00;5.1
07-09-2011 0:00;
07-09-2011 12:00;2.0
07-09-2011 13:00;3.6
07-09-2011 14:00;4.3
07-09-2011 15:00;5.4
07-09-2011 16:00;4.3
07-09-2011 17:00;4.9
07-09-2011 18:00;4.8
07-09-2011 19:00;5.6
07-09-2011 20:00;3.1
07-09-2011 21:00;3.2
07-09-2011 22:00;4.4
08-09-2011 0:00;
08-09-2011 12:00;4.7
08-09-2011 13:00;6.2
08-09-2011 14:00;7.2
08-09-2011 15:00;8.0
08-09-2011 16:00;8.7
08-09-2011 17:00;7.5
08-09-2011 18:00;8.5
08-09-2011 19:00;8.9
08-09-2011 20:00;8.4
08-09-2011 21:00;8.4
08-09-2011 22:00;8.6
09-09-2011 0:00;
09-09-2011 12:00;9.7
09-09-2011 13:00;10.1
09-09-2011 14:00;10.5
09-09-2011 15:00;10.9
09-09-2011 16:00;12.2
09-09-2011 17:00;13.1
09-09-2011 18:00;12.5
09-09-2011 19:00;10.2
09-09-2011 20:00;9.3
09-09-2011 21:00;6.6
09-09-2011 22:00;6.4
10-09-2011 0:00;
10-09-2011 12:00;2.8
10-09-2011 13:00;5.2
10-09-2011 14:00;7.1
10-09-2011 15:00;6.8
10-09-2011 16:00;6.0
10-09-2011 17:00;6.2
10-09-2011 18:00;5.6
10-09-2011 19:00;4.9
10-09-2011 20:00;4.8
10-09-2011 21:00;5.2
10-09-2011 22:00;4.3
11-09-2011 0:00;
11-09-2011 12:00;3.2
11-09-2011 13:00;5.8
11-09-2011 14:00;7.3
11-09-2011 15:00;6.9
11-09-2011 16:00;7.6
11-09-2011 17:00;4.3
11-09-2011 18:00;7.0
11-09-2011 19:00;7.9
11-09-2011 20:00;8.1
11-09-2011 21:00;9.5
11-09-2011 22:00;10.2
12-09-2011 0:00;
12-09-2011 12:00;6.6
12-09-2011 13:00;8.7
12-09-2011 14:00;9.9
12-09-2011 15:00;10.1
12-09-2011 16:00;10.8
12-09-2011 17:00;10.7
12-09-2011 18:00;11.3
12-09-2011 19:00;9.5
12-09-2011 20:00;7.7
12-09-2011 21:00;8.0
12-09-2011 22:00;7.5
13-09-2011 0:00;
13-09-2011 12:00;5.2
13-09-2011 13:00;6.0
13-09-2011 14:00;5.7
13-09-2011 15:00;6.3
13-09-2011 16:00;7.4
13-09-2011 17:00;7.2
13-09-2011 18:00;8.0
13-09-2011 19:00;6.5
13-09-2011 20:00;8.7
13-09-2011 21:00;8.4
13-09-2011 22:00;9.1
14-09-2011 0:00;
14-09-2011 12:00;6.6
14-09-2011 13:00;9.1
14-09-2011 14:00;8.3
14-09-2011 15:00;9.6
14-09-2011 16:00;9.9
14-09-2011 17:00;10.1
14-09-2011 18:00;11.1
14-09-2011 19:00;10.9
14-09-2011 20:00;12.1
14-09-2011 21:00;12.6
14-09-2011 22:00;11.9
15-09-2011 0:00;
15-09-2011 12:00;9.8
15-09-2011 13:00;8.6
15-09-2011 14:00;8.5
15-09-2011 15:00;8.2
15-09-2011 16:00;9.1
15-09-2011 17:00;8.9
15-09-2011 18:00;7.5
15-09-2011 19:00;7.5
15-09-2011 20:00;7.3
15-09-2011 21:00;4.2
15-09-2011 22:00;9.1
16-09-2011 0:00;
16-09-2011 12:00;7.6
16-09-2011 13:00;7.9
16-09-2011 14:00;6.1
16-09-2011 15:00;5.7
16-09-2011 16:00;6.1
16-09-2011 17:00;4.2
16-09-2011 18:00;5.2
16-09-2011 19:00;2.7
16-09-2011 20:00;1.3
16-09-2011 21:00;3.0
16-09-2011 22:00;3.2
17-09-2011 0:00;
17-09-2011 12:00;2.4
17-09-2011 13:00;2.0
17-09-2011 14:00;1.5
17-09-2011 15:00;2.3
17-09-2011 16:00;4.0
17-09-2011 17:00;4.4
17-09-2011 18:00;5.3
17-09-2011 19:00;6.4
17-09-2011 20:00;7.5
17-09-2011 21:00;7.6
17-09-2011 22:00;7.4
18-09-2011 0:00;
18-09-2011 12:00;2.6
18-09-2011 13:00;6.8
18-09-2011 14:00;6.7
18-09-2011 15:00;5.3
18-09-2011 16:00;8.3
18-09-2011 17:00;9.8
18-09-2011 18:00;8.6
18-09-2011 19:00;7.1
18-09-2011 20:00;7.9
18-09-2011 21:00;6.1
18-09-2011 22:00;6.4
19-09-2011 0:00;
19-09-2011 12:00;5.2
19-09-2011 13:00;5.2
19-09-2011 14:00;5.6
19-09-2011 15:00;6.8
19-09-2011 16:00;8.3
19-09-2011 17:00;8.5
19-09-2011 18:00;9.1
19-09-2011 19:00;9.5
19-09-2011 20:00;9.3
19-09-2011 21:00;8.3
19-09-2011 22:00;7.8
19-09-2011 23:00;9.0
20-09-2011 0:00;
20-09-2011 12:00;7.0
20-09-2011 13:00;6.4
20-09-2011 14:00;7.4
20-09-2011 15:00;7.7
20-09-2011 16:00;8.6
20-09-2011 17:00;8.2
20-09-2011 18:00;9.0
20-09-2011 19:00;9.9
20-09-2011 20:00;9.9
20-09-2011 21:00;9.7
20-09-2011 22:00;10.1
20-09-2011 23:00;11.4
21-09-2011 0:00;
21-09-2011 12:00;8.0
21-09-2011 13:00;8.9
21-09-2011 14:00;8.9
21-09-2011 15:00;9.5
21-09-2011 16:00;10.5
21-09-2011 17:00;10.8
21-09-2011 18:00;10.3
21-09-2011 19:00;11.3
21-09-2011 20:00;12.3
21-09-2011 21:00;9.7
21-09-2011 22:00;9.9
21-09-2011 23:00;11.1
22-09-2011 0:00;
22-09-2011 12:00;9.6
22-09-2011 13:00;9.7
22-09-2011 14:00;9.9
22-09-2011 15:00;10.1
22-09-2011 16:00;10.0
22-09-2011 17:00;9.9
22-09-2011 18:00;9.6
22-09-2011 19:00;9.4
22-09-2011 20:00;9.0
22-09-2011 21:00;8.1
22-09-2011 22:00;9.1
22-09-2011 23:00;9.8
23-09-2011 0:00;
23-09-2011 12:00;6.6
23-09-2011 13:00;7.2
23-09-2011 14:00;8.9
23-09-2011 15:00;9.6
23-09-2011 16:00;9.7
23-09-2011 17:00;10.8
23-09-2011 18:00;10.1
23-09-2011 19:00;10.0
23-09-2011 20:00;10.8
23-09-2011 21:00;8.3
23-09-2011 22:00;9.9
23-09-2011 23:00;10.6
24-09-2011 0:00;
24-09-2011 12:00;7.0
24-09-2011 13:00;8.4
24-09-2011 14:00;9.2
24-09-2011 15:00;10.0
24-09-2011 16:00;10.8
24-09-2011 17:00;10.4
24-09-2011 18:00;10.4
24-09-2011 19:00;10.9
24-09-2011 20:00;12.5
24-09-2011 21:00;12.0
24-09-2011 22:00;12.8
24-09-2011 23:00;14.1
25-09-2011 0:00;
25-09-2011 12:00;10.0
25-09-2011 13:00;10.5
25-09-2011 14:00;10.8
25-09-2011 15:00;11.0
25-09-2011 16:00;11.2
25-09-2011 17:00;11.1
25-09-2011 18:00;8.5
25-09-2011 19:00;6.5
25-09-2011 20:00;6.3
25-09-2011 21:00;4.9
25-09-2011 22:00;3.8
25-09-2011 23:00;5.6
26-09-2011 0:00;
26-09-2011 12:00;6.4
26-09-2011 13:00;6.6
26-09-2011 14:00;6.9
26-09-2011 15:00;6.8
26-09-2011 16:00;8.1
26-09-2011 17:00;6.5
26-09-2011 18:00;7.6
26-09-2011 19:00;9.3
26-09-2011 20:00;9.3
26-09-2011 21:00;10.3
26-09-2011 22:00;11.9
26-09-2011 23:00;12.9
27-09-2011 0:00;
27-09-2011 12:00;11.3
27-09-2011 13:00;10.2
27-09-2011 14:00;7.5
27-09-2011 15:00;6.3
27-09-2011 16:00;4.5
27-09-2011 17:00;0.3
27-09-2011 18:00;1.2
27-09-2011 19:00;0.9
27-09-2011 20:00;5.2
27-09-2011 21:00;5.8
27-09-2011 22:00;6.0
27-09-2011 23:00;8.5
28-09-2011 0:00;
28-09-2011 12:00;10.2
28-09-2011 13:00;11.0
28-09-2011 14:00;10.4
28-09-2011 15:00;11.0
28-09-2011 16:00;11.5
28-09-2011 17:00;11.7
28-09-2011 18:00;12.7
28-09-2011 19:00;12.6
28-09-2011 20:00;13.3
28-09-2011 21:00;13.1
28-09-2011 22:00;13.4
28-09-2011 23:00;9.7
29-09-2011 0:00;
29-09-2011 12:00;4.8
29-09-2011 13:00;8.4
29-09-2011 14:00;9.5
29-09-2011 15:00;6.5
29-09-2011 16:00;7.0
29-09-2011 17:00;6.8
29-09-2011 18:00;6.6
29-09-2011 19:00;7.0
29-09-2011 20:00;6.3
29-09-2011 21:00;6.6
29-09-2011 22:00;7.5
29-09-2011 23:00;8.2
30-09-2011 0:00;
30-09-2011 12:00;6.2
30-09-2011 13:00;6.8
30-09-2011 14:00;6.9
30-09-2011 15:00;7.5
30-09-2011 16:00;8.4
30-09-2011 17:00;7.5
30-09-2011 18:00;7.6
30-09-2011 19:00;7.5
30-09-2011 20:00;6.9
30-09-2011 21:00;6.9
30-09-2011 22:00;8.7
30-09-2011 23:00;6.9
01-10-2011 0:00;
01-10-2011 12:00;6.2
01-10-2011 13:00;7.1
01-10-2011 14:00;7.4
01-10-2011 15:00;7.4
01-10-2011 16:00;7.3
01-10-2011 17:00;8.1
01-10-2011 18:00;7.3
01-10-2011 19:00;5.1
01-10-2011 20:00;4.9
01-10-2011 21:00;3.5
01-10-2011 22:00;3.1
01-10-2011 23:00;3.1
02-10-2011 0:00;
02-10-2011 12:00;5.0
02-10-2011 13:00;5.8
02-10-2011 14:00;5.3
02-10-2011 15:00;3.8
02-10-2011 16:00;5.2
02-10-2011 17:00;5.4
02-10-2011 18:00;4.8
02-10-2011 19:00;4.8
02-10-2011 20:00;6.7
02-10-2011 21:00;5.8
02-10-2011 22:00;5.3
02-10-2011 23:00;7.0
03-10-2011 0:00;
03-10-2011 12:00;6.8
03-10-2011 13:00;8.7
03-10-2011 14:00;8.5
03-10-2011 15:00;8.4
03-10-2011 16:00;8.1
03-10-2011 17:00;8.3
03-10-2011 18:00;10.9
03-10-2011 19:00;10.9
03-10-2011 20:00;11.0
03-10-2011 21:00;10.7
03-10-2011 22:00;10.7
03-10-2011 23:00;11.2
04-10-2011 0:00;
04-10-2011 12:00;9.2
04-10-2011 13:00;9.1
04-10-2011 14:00;9.5
04-10-2011 15:00;9.6
04-10-2011 16:00;8.8
04-10-2011 17:00;8.8
04-10-2011 18:00;9.6
04-10-2011 19:00;9.7
04-10-2011 20:00;9.4
04-10-2011 21:00;9.4
04-10-2011 22:00;9.1
04-10-2011 23:00;8.8
05-10-2011 0:00;
05-10-2011 12:00;8.6
05-10-2011 13:00;9.5
05-10-2011 14:00;9.4
05-10-2011 15:00;9.7
05-10-2011 16:00;10.3
05-10-2011 17:00;10.9
05-10-2011 18:00;10.8
05-10-2011 19:00;8.3
05-10-2011 20:00;10.6
05-10-2011 21:00;11.5
05-10-2011 22:00;10.9
05-10-2011 23:00;10.4
06-10-2011 0:00;
06-10-2011 12:00;11.7
06-10-2011 13:00;11.7
06-10-2011 14:00;12.1
06-10-2011 15:00;11.7
06-10-2011 16:00;12.3
06-10-2011 17:00;12.3
06-10-2011 18:00;12.9
06-10-2011 19:00;12.6
06-10-2011 20:00;12.6
06-10-2011 21:00;12.2
06-10-2011 22:00;7.7
06-10-2011 23:00;8.3
07-10-2011 0:00;
07-10-2011 12:00;5.2
07-10-2011 13:00;7.3
07-10-2011 14:00;7.8
07-10-2011 15:00;7.5
07-10-2011 16:00;7.3
07-10-2011 17:00;6.5
07-10-2011 18:00;5.1
07-10-2011 19:00;3.8
07-10-2011 20:00;4.7
07-10-2011 21:00;3.9
07-10-2011 22:00;4.3
07-10-2011 23:00;4.1
08-10-2011 0:00;
08-10-2011 12:00;2.8
08-10-2011 13:00;5.4
08-10-2011 14:00;7.1
08-10-2011 15:00;6.8
08-10-2011 16:00;7.6
08-10-2011 17:00;7.9
08-10-2011 18:00;7.8
08-10-2011 19:00;7.0
08-10-2011 20:00;6.7
08-10-2011 21:00;4.6
08-10-2011 22:00;5.0
08-10-2011 23:00;5.8
09-10-2011 0:00;
09-10-2011 12:00;5.6
09-10-2011 13:00;5.8
09-10-2011 14:00;6.8
09-10-2011 15:00;8.1
09-10-2011 16:00;9.0
09-10-2011 17:00;9.3
09-10-2011 18:00;8.6
09-10-2011 19:00;7.1
09-10-2011 20:00;9.1
09-10-2011 21:00;8.1
09-10-2011 22:00;5.9
09-10-2011 23:00;4.6
10-10-2011 0:00;
10-10-2011 12:00;6.6
10-10-2011 13:00;6.0
10-10-2011 14:00;5.9
10-10-2011 15:00;6.1
10-10-2011 16:00;7.3
10-10-2011 17:00;7.4
10-10-2011 18:00;6.0
10-10-2011 19:00;5.6
10-10-2011 20:00;5.3
10-10-2011 21:00;4.9
10-10-2011 22:00;4.9
10-10-2011 23:00;6.0
11-10-2011 0:00;
11-10-2011 12:00;4.8
11-10-2011 13:00;4.9
11-10-2011 14:00;4.5
11-10-2011 15:00;4.3
11-10-2011 16:00;4.1
11-10-2011 17:00;5.1
11-10-2011 18:00;5.0
11-10-2011 19:00;5.0
11-10-2011 20:00;5.5
11-10-2011 21:00;2.7
11-10-2011 22:00;2.1
11-10-2011 23:00;4.5
12-10-2011 0:00;
12-10-2011 12:00;6.4
12-10-2011 13:00;7.1
12-10-2011 14:00;4.3
12-10-2011 15:00;3.9
12-10-2011 16:00;5.1
12-10-2011 17:00;4.0
12-10-2011 18:00;5.0
12-10-2011 19:00;6.9
12-10-2011 20:00;4.2
12-10-2011 21:00;4.4
12-10-2011 22:00;4.6
12-10-2011 23:00;5.0
13-10-2011 0:00;
13-10-2011 12:00;6.0
13-10-2011 13:00;6.3
13-10-2011 14:00;6.2
13-10-2011 15:00;6.2
13-10-2011 16:00;5.7
13-10-2011 17:00;4.4
13-10-2011 18:00;8.0
13-10-2011 19:00;6.4
13-10-2011 20:00;4.5
13-10-2011 21:00;4.0
13-10-2011 22:00;4.0
13-10-2011 23:00;8.6
14-10-2011 0:00;
14-10-2011 12:00;6.8
14-10-2011 13:00;8.2
14-10-2011 14:00;8.9
14-10-2011 15:00;9.3
14-10-2011 16:00;10.0
14-10-2011 17:00;10.1
14-10-2011 18:00;7.7
14-10-2011 19:00;5.9
14-10-2011 20:00;7.2
14-10-2011 21:00;8.3
14-10-2011 22:00;7.8
14-10-2011 23:00;6.4
15-10-2011 0:00;
15-10-2011 12:00;7.0
15-10-2011 13:00;8.7
15-10-2011 14:00;9.1
15-10-2011 15:00;10.0
15-10-2011 16:00;9.5
15-10-2011 17:00;10.4
15-10-2011 18:00;10.9
15-10-2011 19:00;9.2
15-10-2011 20:00;9.6
15-10-2011 21:00;9.5
15-10-2011 22:00;10.4
15-10-2011 23:00;10.5
16-10-2011 0:00;
16-10-2011 12:00;9.0
16-10-2011 13:00;8.9
16-10-2011 14:00;8.5
16-10-2011 15:00;7.5
16-10-2011 16:00;7.1
16-10-2011 17:00;7.8
16-10-2011 18:00;7.1
16-10-2011 19:00;6.8
16-10-2011 20:00;6.4
16-10-2011 21:00;6.4
16-10-2011 22:00;5.3
16-10-2011 23:00;5.6
17-10-2011 0:00;
17-10-2011 12:00;6.6
17-10-2011 13:00;7.2
17-10-2011 14:00;7.5
17-10-2011 15:00;7.1
17-10-2011 16:00;7.0
17-10-2011 17:00;7.0
17-10-2011 18:00;6.6
17-10-2011 19:00;7.8
17-10-2011 20:00;7.9
17-10-2011 21:00;10.9
17-10-2011 22:00;10.3
17-10-2011 23:00;9.2
18-10-2011 0:00;
18-10-2011 12:00;4.8
18-10-2011 13:00;7.6
18-10-2011 14:00;10.1
18-10-2011 15:00;9.3
18-10-2011 16:00;10.9
18-10-2011 17:00;11.2
18-10-2011 18:00;9.6
18-10-2011 19:00;8.3
18-10-2011 20:00;8.7
18-10-2011 21:00;7.6
18-10-2011 22:00;7.5
18-10-2011 23:00;12.4
19-10-2011 0:00;
19-10-2011 12:00;8.2
19-10-2011 13:00;9.1
19-10-2011 14:00;9.2
19-10-2011 15:00;10.3
19-10-2011 16:00;11.1
19-10-2011 17:00;10.7
19-10-2011 18:00;9.4
19-10-2011 19:00;9.3
19-10-2011 20:00;9.3
19-10-2011 21:00;7.9
19-10-2011 22:00;6.3
19-10-2011 23:00;12.5
20-10-2011 0:00;
20-10-2011 12:00;9.3
20-10-2011 13:00;9.5
20-10-2011 14:00;9.9
20-10-2011 15:00;9.6
20-10-2011 16:00;10.4
20-10-2011 17:00;11.2
20-10-2011 18:00;11.1
20-10-2011 19:00;11.4
20-10-2011 20:00;10.8
20-10-2011 21:00;9.9
20-10-2011 22:00;9.8
20-10-2011 23:00;13.1
21-10-2011 0:00;
21-10-2011 12:00;8.8
21-10-2011 13:00;6.3
21-10-2011 14:00;4.5
21-10-2011 15:00;5.9
21-10-2011 16:00;7.3
21-10-2011 17:00;7.4
21-10-2011 18:00;8.2
21-10-2011 19:00;8.8
21-10-2011 20:00;9.6
21-10-2011 21:00;8.3
21-10-2011 22:00;8.1
21-10-2011 23:00;10.4
22-10-2011 0:00;
22-10-2011 12:00;5.8
22-10-2011 13:00;6.7
22-10-2011 14:00;6.6
22-10-2011 15:00;7.3
22-10-2011 16:00;8.1
22-10-2011 17:00;7.5
22-10-2011 18:00;7.6
22-10-2011 19:00;7.4
22-10-2011 20:00;6.5
22-10-2011 21:00;6.4
22-10-2011 22:00;6.0
22-10-2011 23:00;6.4
23-10-2011 0:00;
23-10-2011 12:00;7.0
23-10-2011 13:00;8.4
23-10-2011 14:00;9.6
23-10-2011 15:00;8.8
23-10-2011 16:00;8.7
23-10-2011 17:00;6.5
23-10-2011 18:00;7.0
23-10-2011 19:00;5.9
23-10-2011 20:00;4.3
23-10-2011 21:00;5.8
23-10-2011 22:00;5.7
23-10-2011 23:00;7.9
24-10-2011 0:00;
24-10-2011 12:00;8.3
24-10-2011 13:00;9.2
24-10-2011 14:00;9.0
24-10-2011 15:00;9.2
24-10-2011 16:00;10.1
24-10-2011 17:00;10.8
24-10-2011 18:00;10.9
24-10-2011 19:00;10.2
24-10-2011 20:00;10.3
24-10-2011 21:00;10.8
24-10-2011 22:00;9.3
24-10-2011 23:00;9.4
25-10-2011 0:00;
25-10-2011 12:00;7.2
25-10-2011 13:00;7.1
25-10-2011 14:00;8.2
25-10-2011 15:00;8.1
25-10-2011 16:00;8.8
25-10-2011 17:00;9.3
25-10-2011 18:00;10.3
25-10-2011 19:00;8.6
25-10-2011 20:00;6.7
25-10-2011 21:00;8.1
25-10-2011 22:00;6.9
25-10-2011 23:00;7.3
26-10-2011 0:00;
26-10-2011 12:00;8.9
26-10-2011 13:00;9.6
26-10-2011 14:00;9.4
26-10-2011 15:00;9.7
26-10-2011 16:00;9.9
26-10-2011 17:00;7.1
26-10-2011 18:00;6.4
26-10-2011 19:00;7.5
26-10-2011 20:00;7.6
26-10-2011 21:00;8.3
26-10-2011 22:00;7.0
26-10-2011 23:00;9.8
27-10-2011 0:00;
27-10-2011 12:00;7.4
27-10-2011 13:00;8.3
27-10-2011 14:00;8.4
27-10-2011 15:00;8.6
27-10-2011 16:00;8.6
27-10-2011 17:00;8.0
27-10-2011 18:00;7.6
27-10-2011 19:00;8.3
27-10-2011 20:00;7.0
27-10-2011 21:00;4.5
27-10-2011 22:00;5.7
27-10-2011 23:00;5.4
28-10-2011 0:00;
28-10-2011 12:00;6.4
28-10-2011 13:00;6.6
28-10-2011 14:00;5.3
28-10-2011 15:00;5.8
28-10-2011 16:00;5.0
28-10-2011 17:00;5.2
28-10-2011 18:00;5.3
28-10-2011 19:00;5.2
28-10-2011 20:00;5.2
28-10-2011 21:00;4.3
28-10-2011 22:00;4.2
28-10-2011 23:00;4.7
29-10-2011 0:00;
29-10-2011 12:00;8.1
29-10-2011 13:00;8.4
29-10-2011 14:00;8.7
29-10-2011 15:00;8.6
29-10-2011 16:00;8.7
29-10-2011 17:00;9.3
29-10-2011 18:00;9.0
29-10-2011 19:00;8.4
29-10-2011 20:00;8.3
29-10-2011 21:00;8.3
29-10-2011 22:00;5.9
29-10-2011 23:00;6.6
30-10-2011 0:00;
30-10-2011 12:00;8.1
30-10-2011 13:00;8.9
30-10-2011 14:00;9.8
30-10-2011 15:00;10.0
30-10-2011 16:00;11.0
30-10-2011 17:00;11.9
30-10-2011 18:00;9.8
30-10-2011 19:00;10.7
30-10-2011 20:00;10.8
30-10-2011 21:00;9.2
30-10-2011 22:00;8.4
30-10-2011 23:00;9.4
31-10-2011 0:00;
31-10-2011 12:00;12.0
31-10-2011 13:00;11.9
31-10-2011 14:00;13.0
31-10-2011 15:00;13.3
31-10-2011 16:00;13.8
31-10-2011 17:00;14.6
31-10-2011 18:00;12.7
31-10-2011 19:00;12.5
31-10-2011 20:00;14.5
31-10-2011 21:00;14.0
31-10-2011 22:00;13.5
31-10-2011 23:00;13.5
01-11-2011 0:00;
01-11-2011 12:00;10.3
01-11-2011 13:00;10.4
01-11-2011 14:00;11.5
01-11-2011 15:00;8.5
01-11-2011 16:00;8.1
01-11-2011 17:00;7.8
01-11-2011 18:00;8.3
01-11-2011 19:00;7.3
01-11-2011 20:00;11.0
01-11-2011 21:00;6.5
01-11-2011 22:00;6.7
01-11-2011 23:00;7.9
02-11-2011 0:00;
02-11-2011 12:00;6.6
02-11-2011 13:00;7.6
02-11-2011 14:00;8.1
02-11-2011 15:00;8.1
02-11-2011 16:00;8.2
02-11-2011 17:00;10.4
02-11-2011 18:00;7.4
02-11-2011 19:00;6.1
02-11-2011 20:00;7.0
02-11-2011 21:00;6.1
02-11-2011 22:00;6.0
02-11-2011 23:00;5.3
03-11-2011 0:00;
03-11-2011 12:00;7.5
03-11-2011 13:00;8.1
03-11-2011 14:00;9.3
03-11-2011 15:00;5.9
03-11-2011 16:00;7.4
03-11-2011 17:00;7.7
03-11-2011 18:00;7.7
03-11-2011 19:00;6.9
03-11-2011 20:00;7.6
03-11-2011 21:00;10.3
03-11-2011 22:00;10.6
03-11-2011 23:00;10.5
04-11-2011 0:00;
04-11-2011 12:00;8.5
04-11-2011 13:00;9.5
04-11-2011 14:00;10.0
04-11-2011 15:00;11.1
04-11-2011 16:00;11.6
04-11-2011 17:00;9.2
04-11-2011 18:00;6.8
04-11-2011 19:00;7.8
04-11-2011 20:00;6.3
04-11-2011 21:00;6.4
04-11-2011 22:00;7.5
04-11-2011 23:00;6.9
05-11-2011 0:00;
05-11-2011 12:00;7.9
05-11-2011 13:00;8.0
05-11-2011 14:00;9.9
05-11-2011 15:00;9.3
05-11-2011 16:00;9.0
05-11-2011 17:00;7.6
05-11-2011 18:00;8.0
05-11-2011 19:00;7.0
05-11-2011 20:00;4.2
05-11-2011 21:00;4.9
05-11-2011 22:00;5.5
05-11-2011 23:00;5.7
06-11-2011 0:00;
06-11-2011 12:00;8.4
06-11-2011 13:00;9.0
06-11-2011 14:00;9.4
06-11-2011 15:00;10.3
06-11-2011 16:00;11.6
06-11-2011 17:00;11.6
06-11-2011 18:00;12.5
06-11-2011 19:00;11.3
06-11-2011 20:00;10.2
06-11-2011 21:00;9.1
06-11-2011 22:00;10.1
06-11-2011 23:00;12.4
07-11-2011 0:00;
07-11-2011 12:00;10.5
07-11-2011 13:00;11.2
07-11-2011 14:00;10.7
07-11-2011 15:00;11.3
07-11-2011 16:00;9.7
07-11-2011 17:00;9.2
07-11-2011 18:00;8.5
07-11-2011 19:00;7.1
07-11-2011 20:00;7.2
07-11-2011 21:00;7.9
07-11-2011 22:00;6.5
07-11-2011 23:00;7.0
08-11-2011 0:00;
08-11-2011 12:00;11.7
08-11-2011 13:00;11.6
08-11-2011 14:00;11.1
08-11-2011 15:00;10.0
08-11-2011 16:00;9.5
08-11-2011 17:00;8.8
08-11-2011 18:00;11.3
08-11-2011 19:00;11.5
08-11-2011 20:00;11.0
08-11-2011 21:00;10.3
08-11-2011 22:00;9.8
08-11-2011 23:00;9.9
09-11-2011 0:00;
09-11-2011 12:00;9.9
09-11-2011 13:00;8.3
09-11-2011 14:00;5.6
09-11-2011 15:00;5.4
09-11-2011 16:00;3.8
09-11-2011 17:00;5.1
09-11-2011 18:00;4.8
09-11-2011 19:00;4.9
09-11-2011 20:00;4.5
09-11-2011 21:00;5.2
09-11-2011 22:00;5.3
09-11-2011 23:00;5.6
10-11-2011 0:00;
10-11-2011 12:00;6.0
10-11-2011 13:00;5.4
10-11-2011 14:00;6.2
10-11-2011 15:00;5.8
10-11-2011 16:00;4.2
10-11-2011 17:00;7.1
10-11-2011 18:00;6.6
10-11-2011 19:00;6.9
10-11-2011 20:00;6.8
10-11-2011 21:00;7.9
10-11-2011 22:00;6.5
10-11-2011 23:00;7.3
11-11-2011 0:00;
11-11-2011 12:00;6.7
11-11-2011 13:00;7.9
11-11-2011 14:00;8.5
11-11-2011 15:00;9.4
11-11-2011 16:00;10.7
11-11-2011 17:00;10.2
11-11-2011 18:00;10.9
11-11-2011 19:00;10.6
11-11-2011 20:00;8.9
11-11-2011 21:00;9.5
11-11-2011 22:00;9.2
11-11-2011 23:00;11.2
12-11-2011 0:00;
12-11-2011 12:00;10.6
12-11-2011 13:00;11.3
12-11-2011 14:00;12.0
12-11-2011 15:00;13.5
12-11-2011 16:00;13.5
12-11-2011 17:00;13.7
12-11-2011 18:00;13.0
12-11-2011 19:00;11.1
12-11-2011 20:00;13.7
12-11-2011 21:00;14.2
12-11-2011 22:00;13.6
12-11-2011 23:00;14.4
13-11-2011 0:00;
13-11-2011 12:00;11.2
13-11-2011 13:00;11.3
13-11-2011 14:00;11.6
13-11-2011 15:00;11.5
13-11-2011 16:00;12.4
13-11-2011 17:00;12.0
13-11-2011 18:00;13.1
13-11-2011 19:00;13.1
13-11-2011 20:00;13.2
13-11-2011 21:00;12.9
13-11-2011 22:00;12.8
13-11-2011 23:00;13.9
14-11-2011 0:00;
14-11-2011 12:00;11.7
14-11-2011 13:00;12.7
14-11-2011 14:00;12.8
14-11-2011 15:00;13.5
14-11-2011 16:00;13.9
14-11-2011 17:00;14.1
14-11-2011 18:00;14.2
14-11-2011 19:00;13.7
14-11-2011 20:00;13.9
14-11-2011 21:00;12.9
14-11-2011 22:00;12.6
14-11-2011 23:00;13.1
15-11-2011 0:00;
15-11-2011 12:00;13.3
15-11-2011 13:00;13.9
15-11-2011 14:00;14.8
15-11-2011 15:00;15.5
15-11-2011 16:00;15.8
15-11-2011 17:00;16.1
15-11-2011 18:00;15.8
15-11-2011 19:00;16.6
15-11-2011 20:00;14.6
15-11-2011 21:00;13.8
15-11-2011 22:00;15.9
15-11-2011 23:00;16.4
16-11-2011 0:00;13.5
16-11-2011 12:00;14.8
16-11-2011 13:00;13.8
16-11-2011 14:00;13.9
16-11-2011 15:00;14.8
16-11-2011 16:00;14.8
16-11-2011 17:00;15.4
16-11-2011 18:00;15.8
16-11-2011 19:00;15.6
16-11-2011 20:00;15.6
16-11-2011 21:00;16.3
16-11-2011 22:00;16.0
16-11-2011 23:00;14.7
17-11-2011 0:00;13.5
17-11-2011 12:00;12.8
17-11-2011 13:00;12.6
17-11-2011 14:00;12.8
17-11-2011 15:00;12.0
17-11-2011 16:00;11.6
17-11-2011 17:00;11.2
17-11-2011 18:00;11.6
17-11-2011 19:00;13.4
17-11-2011 20:00;13.4
17-11-2011 21:00;14.3
17-11-2011 22:00;13.8
17-11-2011 23:00;12.8
18-11-2011 0:00;12.0
18-11-2011 12:00;8.5
18-11-2011 13:00;9.5
18-11-2011 14:00;9.9
18-11-2011 15:00;10.3
18-11-2011 16:00;10.3
18-11-2011 17:00;12.6
18-11-2011 18:00;11.7
18-11-2011 19:00;11.0
18-11-2011 20:00;10.7
18-11-2011 21:00;10.3
18-11-2011 22:00;10.7
18-11-2011 23:00;11.0
19-11-2011 0:00;12.2
19-11-2011 12:00;9.3
19-11-2011 13:00;10.0
19-11-2011 14:00;9.4
19-11-2011 15:00;9.9
19-11-2011 16:00;8.6
19-11-2011 17:00;6.3
19-11-2011 18:00;6.6
19-11-2011 19:00;5.6
19-11-2011 20:00;5.9
19-11-2011 21:00;5.6
19-11-2011 22:00;9.5
19-11-2011 23:00;9.9
20-11-2011 0:00;10.9
20-11-2011 12:00;8.7
20-11-2011 13:00;9.8
20-11-2011 14:00;10.4
20-11-2011 15:00;10.8
20-11-2011 16:00;9.6
20-11-2011 17:00;9.6
20-11-2011 18:00;8.5
20-11-2011 19:00;8.5
20-11-2011 20:00;10.4
20-11-2011 21:00;9.2
20-11-2011 22:00;8.2
20-11-2011 23:00;8.8
21-11-2011 0:00;9.2
21-11-2011 12:00;8.4
21-11-2011 13:00;7.8
21-11-2011 14:00;7.5
21-11-2011 15:00;5.6
21-11-2011 16:00;7.3
21-11-2011 17:00;6.7
21-11-2011 18:00;5.3
21-11-2011 19:00;6.5
21-11-2011 20:00;4.1
21-11-2011 21:00;4.9
21-11-2011 22:00;4.6
21-11-2011 23:00;4.7
22-11-2011 0:00;6.0
22-11-2011 12:00;9.7
22-11-2011 13:00;10.1
22-11-2011 14:00;9.9
22-11-2011 15:00;9.4
22-11-2011 16:00;10.2
22-11-2011 17:00;7.0
22-11-2011 18:00;8.7
22-11-2011 19:00;6.7
22-11-2011 20:00;4.2
22-11-2011 21:00;4.2
22-11-2011 22:00;7.3
22-11-2011 23:00;8.4
23-11-2011 0:00;9.6
23-11-2011 12:00;10.2
23-11-2011 13:00;11.0
23-11-2011 14:00;10.8
23-11-2011 15:00;10.5
23-11-2011 16:00;11.4
23-11-2011 17:00;12.2
23-11-2011 18:00;16.0
23-11-2011 19:00;16.2
23-11-2011 20:00;15.8
23-11-2011 21:00;15.5
24-11-2011 0:00;
24-11-2011 12:00;11.2
24-11-2011 13:00;10.7
24-11-2011 14:00;8.9
24-11-2011 15:00;10.0
24-11-2011 16:00;9.6
24-11-2011 17:00;9.7
24-11-2011 18:00;9.6
24-11-2011 19:00;8.8
24-11-2011 20:00;8.5
24-11-2011 21:00;8.9
25-11-2011 0:00;
25-11-2011 12:00;11.2
25-11-2011 13:00;10.5
25-11-2011 14:00;11.1
25-11-2011 15:00;10.8
25-11-2011 16:00;11.2
25-11-2011 17:00;10.7
25-11-2011 18:00;10.5
25-11-2011 19:00;8.9
25-11-2011 20:00;8.5
25-11-2011 21:00;8.4
26-11-2011 0:00;
26-11-2011 12:00;8.4
26-11-2011 13:00;9.2
26-11-2011 14:00;11.4
26-11-2011 15:00;10.1
26-11-2011 16:00;10.4
26-11-2011 17:00;9.7
26-11-2011 18:00;10.2
26-11-2011 19:00;9.4
26-11-2011 20:00;6.4
26-11-2011 21:00;6.1
27-11-2011 0:00;
27-11-2011 12:00;9.7
27-11-2011 13:00;9.2
27-11-2011 14:00;9.1
27-11-2011 15:00;9.1
27-11-2011 16:00;8.5
27-11-2011 17:00;12.4
27-11-2011 18:00;8.5
27-11-2011 19:00;9.8
27-11-2011 20:00;8.2
27-11-2011 21:00;9.3
28-11-2011 0:00;
28-11-2011 12:00;5.2
28-11-2011 13:00;10.0
28-11-2011 14:00;10.4
28-11-2011 15:00;10.8
28-11-2011 16:00;9.4
28-11-2011 17:00;8.3
28-11-2011 18:00;9.3
28-11-2011 19:00;9.2
28-11-2011 20:00;8.6
28-11-2011 21:00;8.7
29-11-2011 0:00;
29-11-2011 12:00;8.4
29-11-2011 13:00;9.7
29-11-2011 14:00;10.0
29-11-2011 15:00;10.1
29-11-2011 16:00;9.7
29-11-2011 17:00;8.2
29-11-2011 18:00;8.4
29-11-2011 19:00;8.0
29-11-2011 20:00;5.2
29-11-2011 21:00;5.6
30-11-2011 0:00;
30-11-2011 12:00;8.2
30-11-2011 13:00;8.7
30-11-2011 14:00;10.0
30-11-2011 15:00;9.6
30-11-2011 16:00;10.0
30-11-2011 17:00;10.9
30-11-2011 18:00;10.3
30-11-2011 19:00;8.6
30-11-2011 20:00;10.5
30-11-2011 21:00;8.1
01-12-2011 0:00;12.5
01-12-2011 12:00;12.0
01-12-2011 13:00;11.4
01-12-2011 14:00;12.4
01-12-2011 15:00;11.8
01-12-2011 16:00;11.9
01-12-2011 17:00;13.0
01-12-2011 18:00;12.0
01-12-2011 19:00;12.0
01-12-2011 20:00;13.2
01-12-2011 21:00;11.3
02-12-2011 0:00;10.2
02-12-2011 12:00;11.0
02-12-2011 13:00;11.6
02-12-2011 14:00;10.6
02-12-2011 15:00;10.3
02-12-2011 16:00;9.8
02-12-2011 17:00;11.3
02-12-2011 18:00;11.3
02-12-2011 19:00;10.9
02-12-2011 20:00;9.9
02-12-2011 21:00;9.2
03-12-2011 0:00;9.8
03-12-2011 12:00;10.5
03-12-2011 13:00;10.3
03-12-2011 14:00;10.0
03-12-2011 15:00;10.1
03-12-2011 16:00;10.9
03-12-2011 17:00;9.6
03-12-2011 18:00;9.5
03-12-2011 19:00;9.6
03-12-2011 20:00;11.1
03-12-2011 21:00;11.7
04-12-2011 0:00;
04-12-2011 12:00;10.5
04-12-2011 13:00;9.3
04-12-2011 14:00;9.2
04-12-2011 15:00;8.9
04-12-2011 16:00;8.4
04-12-2011 17:00;8.3
04-12-2011 18:00;8.7
04-12-2011 19:00;7.0
04-12-2011 20:00;5.6
04-12-2011 21:00;7.4
05-12-2011 0:00;
05-12-2011 12:00;11.6
05-12-2011 13:00;12.0
05-12-2011 14:00;12.2
05-12-2011 15:00;12.8
05-12-2011 16:00;11.4
05-12-2011 17:00;10.9
05-12-2011 18:00;8.7
05-12-2011 19:00;7.6
05-12-2011 20:00;8.1
05-12-2011 21:00;8.1
06-12-2011 0:00;
06-12-2011 12:00;13.2
06-12-2011 13:00;13.4
06-12-2011 14:00;13.5
06-12-2011 15:00;14.3
06-12-2011 16:00;15.0
06-12-2011 17:00;14.9
06-12-2011 18:00;13.6
06-12-2011 19:00;12.6
06-12-2011 20:00;13.1
06-12-2011 21:00;14.2
07-12-2011 0:00;
07-12-2011 12:00;13.3
07-12-2011 13:00;13.5
07-12-2011 14:00;14.5
07-12-2011 15:00;14.7
07-12-2011 16:00;14.3
07-12-2011 17:00;12.6
07-12-2011 18:00;12.0
07-12-2011 19:00;11.3
07-12-2011 20:00;11.1
07-12-2011 21:00;11.6
08-12-2011 0:00;12.7
08-12-2011 12:00;13.5
08-12-2011 13:00;13.9
08-12-2011 14:00;13.7
08-12-2011 15:00;15.3
08-12-2011 16:00;14.3
08-12-2011 17:00;13.8
08-12-2011 18:00;12.2
08-12-2011 19:00;13.1
08-12-2011 20:00;11.6
08-12-2011 21:00;10.8
09-12-2011 0:00;
09-12-2011 12:00;12.0
09-12-2011 13:00;13.5
09-12-2011 14:00;13.9
09-12-2011 15:00;15.1
09-12-2011 16:00;14.6
09-12-2011 17:00;13.0
09-12-2011 18:00;12.6
09-12-2011 19:00;11.0
09-12-2011 20:00;9.8
09-12-2011 21:00;8.8
10-12-2011 0:00;
10-12-2011 12:00;11.6
10-12-2011 13:00;13.3
10-12-2011 14:00;11.5
10-12-2011 15:00;11.8
10-12-2011 16:00;12.3
10-12-2011 17:00;10.9
10-12-2011 18:00;11.7
10-12-2011 19:00;10.3
10-12-2011 20:00;12.6
10-12-2011 21:00;12.5
11-12-2011 0:00;
11-12-2011 12:00;8.4
11-12-2011 13:00;8.2
11-12-2011 14:00;8.4
11-12-2011 15:00;8.2
11-12-2011 16:00;7.3
11-12-2011 17:00;8.3
11-12-2011 18:00;8.8
11-12-2011 19:00;9.4
11-12-2011 20:00;9.3
11-12-2011 21:00;8.8
12-12-2011 0:00;
12-12-2011 12:00;11.0
12-12-2011 13:00;11.3
12-12-2011 14:00;11.6
12-12-2011 15:00;11.6
12-12-2011 16:00;11.2
12-12-2011 17:00;10.9
12-12-2011 18:00;10.9
12-12-2011 19:00;9.9
12-12-2011 20:00;10.4
12-12-2011 21:00;9.2
13-12-2011 0:00;
13-12-2011 12:00;10.6
13-12-2011 13:00;14.8
13-12-2011 14:00;13.6
13-12-2011 15:00;13.8
13-12-2011 16:00;13.4
13-12-2011 17:00;13.0
13-12-2011 18:00;12.0
13-12-2011 19:00;12.3
13-12-2011 20:00;11.5
13-12-2011 21:00;12.8
14-12-2011 0:00;
14-12-2011 12:00;15.1
14-12-2011 13:00;15.3
14-12-2011 14:00;16.0
14-12-2011 15:00;16.4
14-12-2011 16:00;16.7
14-12-2011 17:00;16.1
14-12-2011 18:00;15.1
14-12-2011 19:00;14.3
14-12-2011 20:00;14.6
14-12-2011 21:00;15.3
15-12-2011 0:00;
15-12-2011 12:00;13.4
15-12-2011 13:00;14.1
15-12-2011 14:00;14.7
15-12-2011 15:00;14.6
15-12-2011 16:00;15.0
15-12-2011 17:00;14.4
15-12-2011 18:00;15.3
15-12-2011 19:00;14.8
15-12-2011 20:00;15.2
15-12-2011 21:00;15.5
16-12-2011 0:00;
16-12-2011 12:00;13.5
16-12-2011 13:00;13.8
16-12-2011 14:00;14.0
16-12-2011 15:00;14.8
16-12-2011 16:00;14.9
16-12-2011 17:00;14.8
16-12-2011 18:00;15.1
16-12-2011 19:00;16.3
16-12-2011 20:00;15.9
16-12-2011 21:00;16.7
17-12-2011 0:00;
17-12-2011 12:00;14.0
17-12-2011 13:00;13.8
17-12-2011 14:00;14.8
17-12-2011 15:00;16.1
17-12-2011 16:00;15.9
17-12-2011 17:00;13.8
17-12-2011 18:00;13.1
17-12-2011 19:00;11.3
17-12-2011 20:00;10.2
17-12-2011 21:00;9.5
18-12-2011 0:00;12.8
18-12-2011 12:00;15.5
18-12-2011 13:00;15.7
18-12-2011 14:00;15.4
18-12-2011 15:00;15.1
18-12-2011 16:00;13.9
18-12-2011 17:00;13.7
18-12-2011 18:00;13.3
18-12-2011 19:00;12.3
18-12-2011 20:00;12.9
18-12-2011 21:00;13.1
19-12-2011 0:00;10.4
19-12-2011 12:00;10.4
19-12-2011 13:00;8.7
19-12-2011 14:00;9.7
19-12-2011 15:00;10.4
19-12-2011 16:00;11.5
19-12-2011 17:00;9.0
19-12-2011 18:00;8.7
19-12-2011 19:00;8.0
19-12-2011 20:00;7.6
19-12-2011 21:00;12.6
20-12-2011 0:00;10.0
20-12-2011 12:00;12.8
20-12-2011 13:00;12.1
20-12-2011 14:00;10.4
20-12-2011 15:00;14.2
20-12-2011 16:00;10.9
20-12-2011 17:00;9.6
20-12-2011 18:00;9.8
20-12-2011 19:00;10.9
20-12-2011 20:00;11.0
20-12-2011 21:00;11.2
21-12-2011 0:00;10.0
21-12-2011 12:00;9.3
21-12-2011 13:00;7.2
21-12-2011 14:00;7.8
21-12-2011 15:00;6.9
21-12-2011 16:00;6.7
21-12-2011 17:00;7.7
21-12-2011 18:00;6.0
21-12-2011 19:00;6.1
21-12-2011 20:00;5.6
21-12-2011 21:00;6.3
22-12-2011 0:00;6.2
22-12-2011 12:00;5.9
22-12-2011 13:00;5.1
22-12-2011 14:00;6.3
22-12-2011 15:00;5.4
22-12-2011 16:00;5.3
22-12-2011 17:00;6.0
22-12-2011 18:00;5.9
22-12-2011 19:00;6.4
22-12-2011 20:00;5.3
22-12-2011 21:00;5.9
23-12-2011 0:00;7.2
23-12-2011 12:00;6.5
23-12-2011 13:00;6.9
23-12-2011 14:00;6.5
23-12-2011 15:00;6.9
23-12-2011 16:00;6.9
23-12-2011 17:00;6.4
23-12-2011 18:00;8.4
23-12-2011 19:00;8.2
23-12-2011 20:00;8.0
23-12-2011 21:00;8.3
23-12-2011 22:00;7.4
23-12-2011 23:00;7.0
24-12-2011 0:00;6.4
24-12-2011 12:00;8.7
24-12-2011 13:00;8.6
24-12-2011 14:00;8.9
24-12-2011 15:00;8.3
24-12-2011 16:00;7.2
24-12-2011 17:00;7.0
24-12-2011 18:00;7.0
24-12-2011 19:00;12.5
24-12-2011 20:00;13.1
24-12-2011 21:00;5.5
24-12-2011 22:00;5.9
24-12-2011 23:00;5.4
25-12-2011 0:00;6.0
25-12-2011 12:00;12.3
25-12-2011 13:00;13.3
25-12-2011 14:00;14.2
25-12-2011 15:00;13.0
25-12-2011 16:00;11.7
25-12-2011 17:00;12.0
25-12-2011 18:00;11.1
25-12-2011 19:00;10.0
25-12-2011 20:00;10.1
25-12-2011 21:00;10.4
25-12-2011 22:00;8.6
25-12-2011 23:00;7.9
26-12-2011 0:00;9.0
26-12-2011 12:00;12.6
26-12-2011 13:00;13.8
26-12-2011 14:00;12.7
26-12-2011 15:00;12.6
26-12-2011 16:00;13.4
26-12-2011 17:00;13.4
26-12-2011 18:00;13.2
26-12-2011 19:00;12.8
26-12-2011 20:00;11.5
26-12-2011 21:00;11.4
26-12-2011 22:00;11.2
26-12-2011 23:00;10.0
27-12-2011 0:00;10.6
27-12-2011 12:00;15.8
27-12-2011 13:00;15.8
27-12-2011 14:00;15.6
27-12-2011 15:00;16.3
27-12-2011 16:00;15.7
27-12-2011 17:00;15.9
27-12-2011 18:00;13.1
27-12-2011 19:00;14.6
27-12-2011 20:00;10.7
27-12-2011 21:00;13.2
27-12-2011 22:00;13.2
27-12-2011 23:00;13.1
28-12-2011 0:00;12.8
28-12-2011 12:00;13.6
28-12-2011 13:00;13.8
28-12-2011 14:00;14.8
28-12-2011 15:00;15.4
28-12-2011 16:00;15.6
28-12-2011 17:00;16.9
28-12-2011 18:00;15.9
28-12-2011 19:00;15.1
28-12-2011 20:00;15.2
28-12-2011 21:00;16.1
28-12-2011 22:00;17.0
28-12-2011 23:00;14.7
29-12-2011 0:00;14.1
29-12-2011 12:00;12.2
29-12-2011 13:00;13.0
29-12-2011 14:00;13.6
29-12-2011 15:00;13.8
29-12-2011 16:00;11.8
29-12-2011 17:00;9.9
29-12-2011 18:00;8.2
29-12-2011 19:00;7.1
29-12-2011 20:00;8.2
29-12-2011 21:00;6.8
29-12-2011 22:00;7.9
29-12-2011 23:00;7.9
30-12-2011 0:00;7.8
30-12-2011 12:00;11.5
30-12-2011 13:00;12.9
30-12-2011 14:00;13.5
30-12-2011 15:00;13.4
30-12-2011 16:00;13.6
30-12-2011 17:00;13.6
30-12-2011 18:00;13.6
30-12-2011 19:00;13.8
30-12-2011 20:00;12.5
30-12-2011 21:00;12.6
30-12-2011 22:00;12.6
30-12-2011 23:00;12.1
31-12-2011 0:00;13.5
31-12-2011 12:00;14.6
31-12-2011 13:00;15.0
31-12-2011 14:00;14.9
31-12-2011 15:00;15.1
31-12-2011 16:00;15.2
31-12-2011 17:00;15.5
31-12-2011 18:00;16.5
31-12-2011 19:00;15.2
31-12-2011 20:00;16.9
31-12-2011 21:00;17.6
31-12-2011 22:00;16.6
31-12-2011 23:00;15.5
