momento;valor
01-01-2011 12:00;91.0
01-01-2011 13:00;91.0
01-01-2011 14:00;91.0
01-01-2011 15:00;87.0
01-01-2011 16:00;72.0
01-01-2011 17:00;63.0
01-01-2011 18:00;58.0
01-01-2011 19:00;54.0
01-01-2011 20:00;46.0
01-01-2011 21:00;50.0
02-01-2011 12:00;89.0
02-01-2011 13:00;87.0
02-01-2011 14:00;85.0
02-01-2011 15:00;76.0
02-01-2011 16:00;67.0
02-01-2011 17:00;62.0
02-01-2011 18:00;51.0
02-01-2011 19:00;47.0
02-01-2011 20:00;47.0
02-01-2011 21:00;49.0
03-01-2011 12:00;69.0
03-01-2011 13:00;61.0
03-01-2011 14:00;55.0
03-01-2011 15:00;49.0
03-01-2011 16:00;44.0
03-01-2011 17:00;42.0
03-01-2011 18:00;37.0
03-01-2011 19:00;41.0
03-01-2011 20:00;44.0
03-01-2011 21:00;45.0
04-01-2011 12:00;96.0
04-01-2011 13:00;90.0
04-01-2011 14:00;80.0
04-01-2011 15:00;70.0
04-01-2011 16:00;59.0
04-01-2011 17:00;55.0
04-01-2011 18:00;50.0
04-01-2011 19:00;59.0
04-01-2011 20:00;57.0
04-01-2011 21:00;53.0
05-01-2011 12:00;93.0
05-01-2011 13:00;81.0
05-01-2011 14:00;74.0
05-01-2011 15:00;64.0
05-01-2011 16:00;54.0
05-01-2011 18:00;46.0
05-01-2011 18:01;50.0
05-01-2011 19:00;46.0
05-01-2011 20:00;43.0
05-01-2011 21:00;42.0
06-01-2011 12:00;88.0
06-01-2011 13:00;74.0
06-01-2011 14:00;68.0
06-01-2011 15:00;58.0
06-01-2011 16:00;52.0
06-01-2011 17:00;45.0
06-01-2011 18:00;40.0
06-01-2011 19:00;34.0
06-01-2011 20:00;34.0
06-01-2011 21:00;32.0
07-01-2011 12:00;81.0
07-01-2011 13:00;79.0
07-01-2011 14:00;79.0
07-01-2011 15:00;78.0
07-01-2011 16:00;73.0
07-01-2011 17:00;68.0
07-01-2011 18:00;63.0
07-01-2011 19:00;64.0
07-01-2011 20:00;62.0
07-01-2011 21:00;60.0
08-01-2011 12:00;91.0
08-01-2011 13:00;77.0
08-01-2011 14:00;70.0
08-01-2011 15:00;61.0
08-01-2011 16:00;47.0
08-01-2011 17:00;41.0
08-01-2011 18:00;36.0
08-01-2011 19:00;33.0
08-01-2011 20:00;34.0
08-01-2011 21:00;36.0
09-01-2011 12:00;80.0
09-01-2011 13:00;70.0
09-01-2011 14:00;63.0
09-01-2011 15:00;54.0
09-01-2011 16:00;47.0
09-01-2011 17:00;42.0
09-01-2011 18:00;38.0
09-01-2011 19:00;35.0
09-01-2011 20:00;30.0
09-01-2011 21:00;33.0
10-01-2011 12:00;91.0
10-01-2011 13:00;83.0
10-01-2011 14:00;72.0
10-01-2011 15:00;61.0
10-01-2011 16:00;54.0
10-01-2011 17:00;48.0
10-01-2011 18:00;40.0
10-01-2011 19:00;37.0
10-01-2011 20:00;33.0
10-01-2011 21:00;37.0
11-01-2011 12:00;87.0
11-01-2011 13:00;74.0
11-01-2011 14:00;63.0
11-01-2011 15:00;56.0
11-01-2011 16:00;50.0
11-01-2011 17:00;46.0
11-01-2011 18:00;43.0
11-01-2011 19:00;40.0
11-01-2011 20:00;35.0
11-01-2011 21:00;30.0
12-01-2011 12:00;84.0
12-01-2011 13:00;75.0
12-01-2011 14:00;65.0
12-01-2011 15:00;53.0
12-01-2011 17:00;44.0
12-01-2011 18:00;37.0
12-01-2011 19:00;32.0
12-01-2011 20:00;31.0
12-01-2011 21:00;29.0
13-01-2011 12:00;73.0
13-01-2011 13:00;68.0
13-01-2011 14:00;62.0
13-01-2011 15:00;59.0
13-01-2011 16:00;54.0
13-01-2011 17:00;51.0
13-01-2011 18:00;50.0
13-01-2011 19:00;44.0
13-01-2011 20:00;44.0
14-01-2011 12:00;82.0
14-01-2011 13:00;72.0
14-01-2011 14:00;62.0
14-01-2011 15:00;60.0
14-01-2011 16:00;53.0
14-01-2011 17:00;48.0
14-01-2011 18:00;41.0
14-01-2011 19:00;39.0
14-01-2011 20:00;37.0
15-01-2011 0:00;48.0
15-01-2011 12:00;86.0
15-01-2011 18:00;38.0
16-01-2011 0:00;64.0
16-01-2011 12:00;92.0
16-01-2011 18:00;45.0
17-01-2011 0:00;52.0
17-01-2011 12:00;81.0
17-01-2011 13:00;63.0
17-01-2011 14:00;50.0
17-01-2011 15:00;47.0
17-01-2011 16:00;43.0
17-01-2011 17:00;39.0
17-01-2011 18:00;35.0
17-01-2011 19:00;37.0
17-01-2011 20:00;31.0
18-01-2011 12:00;85.0
18-01-2011 13:00;80.0
18-01-2011 14:00;69.0
18-01-2011 15:00;58.0
18-01-2011 16:00;48.0
18-01-2011 17:00;43.0
18-01-2011 18:00;39.0
18-01-2011 19:00;37.0
18-01-2011 20:00;36.0
19-01-2011 12:00;92.0
19-01-2011 13:00;77.0
19-01-2011 14:00;70.0
19-01-2011 15:00;57.0
19-01-2011 16:00;51.0
19-01-2011 17:00;47.0
19-01-2011 18:00;44.0
19-01-2011 19:00;41.0
19-01-2011 20:00;39.0
20-01-2011 12:00;87.0
20-01-2011 13:00;76.0
20-01-2011 14:00;62.0
20-01-2011 15:00;53.0
20-01-2011 16:00;47.0
20-01-2011 17:00;43.0
20-01-2011 18:00;41.0
20-01-2011 19:00;39.0
20-01-2011 20:00;34.0
21-01-2011 12:00;89.0
21-01-2011 13:00;79.0
21-01-2011 14:00;65.0
21-01-2011 15:00;56.0
21-01-2011 16:00;49.0
21-01-2011 17:00;43.0
21-01-2011 18:00;42.0
21-01-2011 19:00;41.0
21-01-2011 20:00;36.0
24-01-2011 12:00;85.0
24-01-2011 13:00;84.0
24-01-2011 14:00;79.0
24-01-2011 15:00;74.0
24-01-2011 16:00;69.0
24-01-2011 17:00;55.0
24-01-2011 18:00;53.0
24-01-2011 19:00;51.0
24-01-2011 20:00;47.0
25-01-2011 12:00;80.0
25-01-2011 13:00;73.0
25-01-2011 14:00;68.0
25-01-2011 15:00;63.0
25-01-2011 16:00;58.0
25-01-2011 17:00;54.0
25-01-2011 18:00;51.0
25-01-2011 19:00;49.0
25-01-2011 20:00;47.0
26-01-2011 12:00;83.0
26-01-2011 13:00;73.0
26-01-2011 14:00;70.0
26-01-2011 15:00;62.0
26-01-2011 16:00;54.0
26-01-2011 17:00;50.0
26-01-2011 18:00;45.0
26-01-2011 19:00;42.0
26-01-2011 20:00;40.0
27-01-2011 12:00;83.0
27-01-2011 13:00;80.0
27-01-2011 14:00;76.0
27-01-2011 15:00;68.0
27-01-2011 16:00;62.0
27-01-2011 17:00;54.0
27-01-2011 18:00;49.0
27-01-2011 19:00;44.0
27-01-2011 20:00;42.0
28-01-2011 12:00;85.0
28-01-2011 13:00;69.0
28-01-2011 14:00;50.0
28-01-2011 15:00;44.0
28-01-2011 16:00;43.0
28-01-2011 17:00;40.0
28-01-2011 18:00;38.0
28-01-2011 19:00;33.0
28-01-2011 20:00;31.0
31-01-2011 12:00;70.0
31-01-2011 13:00;69.0
31-01-2011 14:00;54.0
31-01-2011 15:00;45.0
31-01-2011 16:00;39.0
31-01-2011 17:00;35.0
31-01-2011 18:00;33.0
31-01-2011 19:00;31.0
31-01-2011 20:00;32.0
01-02-2011 12:00;84.0
01-02-2011 13:00;73.0
01-02-2011 14:00;64.0
01-02-2011 15:00;53.0
01-02-2011 16:00;45.0
01-02-2011 17:00;34.0
01-02-2011 18:00;27.0
01-02-2011 19:00;25.0
01-02-2011 20:00;26.0
02-02-2011 12:00;82.0
02-02-2011 13:00;65.0
02-02-2011 14:00;62.0
02-02-2011 15:00;58.0
02-02-2011 16:00;56.0
02-02-2011 17:00;54.0
02-02-2011 18:00;51.0
02-02-2011 19:00;44.0
02-02-2011 20:00;49.0
03-02-2011 12:00;83.0
03-02-2011 13:00;68.0
03-02-2011 14:00;57.0
03-02-2011 15:00;47.0
03-02-2011 16:00;47.0
03-02-2011 17:00;36.0
03-02-2011 18:00;34.0
03-02-2011 19:00;35.0
03-02-2011 20:00;34.0
03-02-2011 21:00;36.0
04-02-2011 12:00;81.0
04-02-2011 13:00;68.0
04-02-2011 14:00;58.0
04-02-2011 15:00;47.0
04-02-2011 16:00;38.0
04-02-2011 17:00;34.0
04-02-2011 18:00;35.0
04-02-2011 19:00;33.0
04-02-2011 20:00;28.0
04-02-2011 21:00;26.0
05-02-2011 12:00;81.0
05-02-2011 13:00;69.0
05-02-2011 14:00;58.0
05-02-2011 15:00;50.0
05-02-2011 16:00;47.0
05-02-2011 17:00;40.0
05-02-2011 18:00;36.0
05-02-2011 19:00;34.0
05-02-2011 20:00;33.0
05-02-2011 21:00;33.0
06-02-2011 12:00;88.0
06-02-2011 13:00;74.0
06-02-2011 14:00;68.0
06-02-2011 15:00;60.0
06-02-2011 16:00;52.0
06-02-2011 17:00;46.0
06-02-2011 18:00;42.0
06-02-2011 19:00;43.0
06-02-2011 20:00;41.0
06-02-2011 21:00;38.0
07-02-2011 12:00;91.0
07-02-2011 13:00;72.0
07-02-2011 14:00;62.0
07-02-2011 15:00;58.0
07-02-2011 16:00;50.0
07-02-2011 17:00;44.0
07-02-2011 18:00;34.0
07-02-2011 19:00;34.0
07-02-2011 20:00;31.0
07-02-2011 21:00;31.0
08-02-2011 12:00;88.0
08-02-2011 13:00;80.0
08-02-2011 14:00;71.0
08-02-2011 15:00;59.0
08-02-2011 16:00;53.0
08-02-2011 17:00;46.0
08-02-2011 18:00;42.0
08-02-2011 19:00;41.0
08-02-2011 20:00;35.0
08-02-2011 21:00;34.0
09-02-2011 12:00;89.0
09-02-2011 13:00;86.0
09-02-2011 14:00;70.0
09-02-2011 15:00;61.0
09-02-2011 16:00;50.0
09-02-2011 17:00;47.0
09-02-2011 18:00;44.0
09-02-2011 19:00;40.0
09-02-2011 20:00;35.0
09-02-2011 21:00;36.0
10-02-2011 12:00;93.0
10-02-2011 13:00;87.0
10-02-2011 14:00;72.0
10-02-2011 15:00;62.0
10-02-2011 16:00;57.0
10-02-2011 17:00;52.0
10-02-2011 18:00;47.0
10-02-2011 19:00;45.0
10-02-2011 20:00;43.0
10-02-2011 21:00;43.0
11-02-2011 12:00;92.0
11-02-2011 13:00;91.0
11-02-2011 14:00;80.0
11-02-2011 15:00;63.0
11-02-2011 16:00;70.0
11-02-2011 17:00;62.0
11-02-2011 18:00;57.0
11-02-2011 19:00;50.0
11-02-2011 20:00;50.0
11-02-2011 21:00;51.0
12-02-2011 12:00;79.0
12-02-2011 13:00;80.0
12-02-2011 14:00;80.0
12-02-2011 15:00;90.0
12-02-2011 16:00;94.0
12-02-2011 17:00;96.0
12-02-2011 18:00;91.0
12-02-2011 19:00;82.0
12-02-2011 20:00;80.0
12-02-2011 21:00;82.0
13-02-2011 12:00;90.0
13-02-2011 13:00;85.0
13-02-2011 14:00;74.0
13-02-2011 15:00;74.0
13-02-2011 16:00;64.0
13-02-2011 17:00;56.0
13-02-2011 18:00;51.0
13-02-2011 19:00;45.0
13-02-2011 20:00;43.0
13-02-2011 21:00;41.0
14-02-2011 12:00;85.0
14-02-2011 13:00;72.0
14-02-2011 14:00;62.0
14-02-2011 15:00;52.0
14-02-2011 16:00;45.0
14-02-2011 17:00;38.0
14-02-2011 18:00;38.0
14-02-2011 19:00;34.0
14-02-2011 20:00;33.0
14-02-2011 21:00;31.0
15-02-2011 12:00;91.0
15-02-2011 13:00;72.0
15-02-2011 14:00;67.0
15-02-2011 15:00;60.0
15-02-2011 16:00;52.0
15-02-2011 17:00;48.0
15-02-2011 18:00;45.0
15-02-2011 19:00;37.0
15-02-2011 20:00;33.0
15-02-2011 21:00;42.0
16-02-2011 12:00;97.0
16-02-2011 13:00;96.0
16-02-2011 14:00;94.0
16-02-2011 15:00;94.0
16-02-2011 16:00;86.0
16-02-2011 17:00;84.0
16-02-2011 18:00;83.0
16-02-2011 19:00;64.0
16-02-2011 20:00;61.0
16-02-2011 21:00;61.0
17-02-2011 12:00;95.0
17-02-2011 13:00;82.0
17-02-2011 14:00;69.0
17-02-2011 15:00;60.0
17-02-2011 16:00;50.0
17-02-2011 17:00;44.0
17-02-2011 18:00;41.0
17-02-2011 19:00;40.0
17-02-2011 20:00;39.0
17-02-2011 21:00;39.0
18-02-2011 12:00;89.0
18-02-2011 13:00;81.0
18-02-2011 14:00;68.0
18-02-2011 15:00;60.0
18-02-2011 16:00;48.0
18-02-2011 17:00;42.0
18-02-2011 18:00;37.0
18-02-2011 19:00;32.0
18-02-2011 20:00;28.0
18-02-2011 21:00;28.0
19-02-2011 12:00;75.0
19-02-2011 13:00;66.0
19-02-2011 14:00;56.0
19-02-2011 15:00;52.0
19-02-2011 16:00;46.0
19-02-2011 17:00;42.0
19-02-2011 18:00;38.0
19-02-2011 19:00;38.0
19-02-2011 20:00;28.0
19-02-2011 21:00;37.0
20-02-2011 12:00;94.0
20-02-2011 13:00;81.0
20-02-2011 14:00;70.0
20-02-2011 15:00;61.0
20-02-2011 16:00;58.0
20-02-2011 17:00;50.0
20-02-2011 18:00;47.0
20-02-2011 19:00;44.0
20-02-2011 20:00;43.0
20-02-2011 21:00;43.0
21-02-2011 12:00;91.0
21-02-2011 13:00;79.0
21-02-2011 14:00;73.0
21-02-2011 15:00;63.0
21-02-2011 16:00;60.0
21-02-2011 17:00;57.0
21-02-2011 18:00;52.0
21-02-2011 19:00;49.0
21-02-2011 20:00;43.0
21-02-2011 21:00;44.0
22-02-2011 12:00;92.0
22-02-2011 13:00;92.0
22-02-2011 14:00;91.0
22-02-2011 15:00;87.0
22-02-2011 16:00;72.0
22-02-2011 17:00;56.0
22-02-2011 18:00;51.0
22-02-2011 19:00;45.0
22-02-2011 20:00;42.0
22-02-2011 21:00;42.0
23-02-2011 12:00;89.0
23-02-2011 13:00;71.0
23-02-2011 14:00;72.0
23-02-2011 15:00;58.0
23-02-2011 16:00;51.0
23-02-2011 17:00;49.0
23-02-2011 18:00;49.0
23-02-2011 19:00;55.0
23-02-2011 20:00;52.0
23-02-2011 21:00;48.0
24-02-2011 12:00;91.0
24-02-2011 13:00;80.0
24-02-2011 14:00;69.0
24-02-2011 15:00;62.0
24-02-2011 16:00;55.0
24-02-2011 17:00;51.0
24-02-2011 18:00;42.0
24-02-2011 19:00;37.0
24-02-2011 20:00;36.0
24-02-2011 21:00;36.0
25-02-2011 12:00;91.0
25-02-2011 13:00;84.0
25-02-2011 14:00;73.0
25-02-2011 15:00;66.0
25-02-2011 16:00;56.0
25-02-2011 17:00;48.0
25-02-2011 18:00;40.0
25-02-2011 19:00;37.0
25-02-2011 20:00;33.0
25-02-2011 21:00;28.0
26-02-2011 12:00;94.0
26-02-2011 13:00;84.0
26-02-2011 14:00;72.0
26-02-2011 15:00;55.0
26-02-2011 16:00;47.0
26-02-2011 17:00;41.0
26-02-2011 18:00;37.0
26-02-2011 19:00;30.0
26-02-2011 20:00;27.0
26-02-2011 21:00;27.0
27-02-2011 12:00;81.0
27-02-2011 13:00;69.0
27-02-2011 14:00;61.0
27-02-2011 15:00;53.0
27-02-2011 16:00;47.0
27-02-2011 17:00;38.0
27-02-2011 18:00;31.0
27-02-2011 19:00;27.0
27-02-2011 20:00;24.0
27-02-2011 21:00;22.0
28-02-2011 12:00;86.0
28-02-2011 13:00;69.0
28-02-2011 14:00;58.0
28-02-2011 15:00;49.0
28-02-2011 16:00;42.0
28-02-2011 17:00;37.0
28-02-2011 18:00;32.0
28-02-2011 19:00;29.0
28-02-2011 20:00;28.0
28-02-2011 21:00;29.0
10-05-2011 12:00;93.0
01-06-2011 13:00;97.0
01-06-2011 14:00;97.0
01-06-2011 15:00;97.0
01-06-2011 16:00;95.0
01-06-2011 17:00;95.0
01-06-2011 18:00;92.0
01-06-2011 19:00;90.0
01-06-2011 20:00;88.0
01-06-2011 21:00;88.0
01-06-2011 22:00;92.0
02-06-2011 13:00;97.0
02-06-2011 14:00;91.0
02-06-2011 15:00;91.0
02-06-2011 16:00;78.0
02-06-2011 17:00;66.0
02-06-2011 18:00;69.0
02-06-2011 19:00;63.0
02-06-2011 20:00;72.0
02-06-2011 21:00;76.0
02-06-2011 22:00;87.0
03-06-2011 13:00;97.0
03-06-2011 14:00;89.0
03-06-2011 15:00;83.0
03-06-2011 16:00;75.0
03-06-2011 17:00;72.0
03-06-2011 18:00;72.0
03-06-2011 19:00;68.0
03-06-2011 20:00;67.0
03-06-2011 21:00;71.0
03-06-2011 22:00;79.0
04-06-2011 13:00;97.0
04-06-2011 14:00;93.0
04-06-2011 15:00;84.0
04-06-2011 16:00;71.0
04-06-2011 17:00;73.0
04-06-2011 18:00;73.0
04-06-2011 19:00;74.0
04-06-2011 20:00;79.0
04-06-2011 21:00;93.0
04-06-2011 22:00;98.0
05-06-2011 12:00;
05-06-2011 13:00;98.0
05-06-2011 14:00;91.0
05-06-2011 15:00;89.0
05-06-2011 16:00;89.0
05-06-2011 17:00;79.0
05-06-2011 18:00;76.0
05-06-2011 19:00;80.0
05-06-2011 20:00;89.0
05-06-2011 21:00;98.0
05-06-2011 22:00;98.0
06-06-2011 12:00;
06-06-2011 13:00;97.0
06-06-2011 14:00;92.0
06-06-2011 15:00;78.0
06-06-2011 16:00;70.0
06-06-2011 17:00;72.0
06-06-2011 18:00;86.0
06-06-2011 19:00;82.0
06-06-2011 20:00;82.0
06-06-2011 21:00;80.0
06-06-2011 22:00;84.0
07-06-2011 13:00;98.0
07-06-2011 14:00;98.0
07-06-2011 15:00;94.0
07-06-2011 16:00;95.0
07-06-2011 17:00;98.0
07-06-2011 18:00;97.0
07-06-2011 19:00;98.0
07-06-2011 20:00;97.0
07-06-2011 21:00;94.0
07-06-2011 22:00;95.0
08-06-2011 13:00;98.0
08-06-2011 14:00;97.0
08-06-2011 15:00;98.0
08-06-2011 16:00;96.0
08-06-2011 17:00;79.0
08-06-2011 18:00;83.0
08-06-2011 19:00;42.0
08-06-2011 20:00;69.0
08-06-2011 21:00;73.0
08-06-2011 22:00;87.0
09-06-2011 13:00;97.0
09-06-2011 14:00;90.0
09-06-2011 15:00;74.0
09-06-2011 16:00;74.0
09-06-2011 17:00;73.0
09-06-2011 18:00;71.0
09-06-2011 19:00;72.0
09-06-2011 20:00;72.0
09-06-2011 21:00;77.0
09-06-2011 22:00;89.0
10-06-2011 13:00;97.0
10-06-2011 14:00;84.0
10-06-2011 15:00;98.0
10-06-2011 16:00;81.0
10-06-2011 17:00;71.0
10-06-2011 18:00;67.0
10-06-2011 19:00;67.0
10-06-2011 20:00;74.0
10-06-2011 21:00;79.0
10-06-2011 22:00;83.0
11-06-2011 13:00;99.0
11-06-2011 14:00;99.0
11-06-2011 15:00;99.0
11-06-2011 16:00;98.0
11-06-2011 17:00;98.0
11-06-2011 18:00;92.0
11-06-2011 19:00;
11-06-2011 20:00;97.0
11-06-2011 21:00;95.0
11-06-2011 22:00;95.0
12-06-2011 13:00;97.0
12-06-2011 14:00;97.0
12-06-2011 15:00;83.0
12-06-2011 16:00;67.0
12-06-2011 17:00;60.0
12-06-2011 18:00;63.0
12-06-2011 19:00;63.0
12-06-2011 20:00;63.0
12-06-2011 21:00;66.0
12-06-2011 22:00;83.0
13-06-2011 13:00;96.0
13-06-2011 14:00;94.0
13-06-2011 15:00;83.0
13-06-2011 16:00;72.0
13-06-2011 17:00;64.0
13-06-2011 18:00;59.0
13-06-2011 19:00;54.0
13-06-2011 20:00;50.0
13-06-2011 21:00;60.0
13-06-2011 22:00;75.0
14-06-2011 13:00;98.0
14-06-2011 14:00;98.0
14-06-2011 15:00;97.0
14-06-2011 16:00;99.0
14-06-2011 17:00;97.0
14-06-2011 18:00;97.0
14-06-2011 19:00;94.0
14-06-2011 20:00;92.0
14-06-2011 21:00;93.0
14-06-2011 22:00;91.0
15-06-2011 13:00;99.0
15-06-2011 14:00;97.0
15-06-2011 15:00;95.0
15-06-2011 16:00;86.0
15-06-2011 17:00;81.0
15-06-2011 18:00;76.0
15-06-2011 19:00;76.0
15-06-2011 20:00;72.0
15-06-2011 21:00;97.0
15-06-2011 22:00;97.0
16-06-2011 13:00;97.0
16-06-2011 14:00;97.0
16-06-2011 15:00;94.0
16-06-2011 16:00;87.0
16-06-2011 17:00;92.0
16-06-2011 18:00;
16-06-2011 19:00;
16-06-2011 20:00;
16-06-2011 21:00;87.0
16-06-2011 22:00;92.0
17-06-2011 13:00;94.0
17-06-2011 14:00;92.0
17-06-2011 15:00;88.0
17-06-2011 16:00;87.0
17-06-2011 17:00;83.0
17-06-2011 18:00;78.0
17-06-2011 19:00;73.0
17-06-2011 20:00;72.0
17-06-2011 21:00;75.0
17-06-2011 22:00;80.0
18-06-2011 15:00;
20-06-2011 13:00;81.0
20-06-2011 14:00;78.0
20-06-2011 15:00;71.0
20-06-2011 16:00;67.0
20-06-2011 17:00;65.0
20-06-2011 18:00;66.0
20-06-2011 19:00;67.0
20-06-2011 20:00;71.0
20-06-2011 21:00;73.0
20-06-2011 22:00;82.0
21-06-2011 13:00;99.0
21-06-2011 14:00;99.0
21-06-2011 15:00;97.0
21-06-2011 16:00;92.0
21-06-2011 17:00;87.0
21-06-2011 18:00;75.0
21-06-2011 19:00;78.0
21-06-2011 20:00;77.0
21-06-2011 21:00;82.0
21-06-2011 22:00;92.0
22-06-2011 13:00;98.0
22-06-2011 14:00;98.0
22-06-2011 15:00;94.0
22-06-2011 16:00;97.0
22-06-2011 17:00;97.0
22-06-2011 18:00;97.0
22-06-2011 19:00;97.0
22-06-2011 20:00;96.0
22-06-2011 21:00;96.0
22-06-2011 22:00;96.0
23-06-2011 13:00;96.0
23-06-2011 14:00;94.0
23-06-2011 15:00;81.0
23-06-2011 16:00;78.0
23-06-2011 17:00;72.0
23-06-2011 18:00;70.0
23-06-2011 19:00;67.0
23-06-2011 20:00;
23-06-2011 21:00;73.0
23-06-2011 22:00;77.0
24-06-2011 13:00;94.0
24-06-2011 14:00;86.0
24-06-2011 15:00;77.0
24-06-2011 16:00;72.0
24-06-2011 17:00;71.0
24-06-2011 18:00;61.0
24-06-2011 19:00;56.0
24-06-2011 20:00;59.0
24-06-2011 21:00;64.0
24-06-2011 22:00;78.0
25-06-2011 13:00;96.0
25-06-2011 14:00;93.0
25-06-2011 15:00;81.0
25-06-2011 16:00;67.0
25-06-2011 17:00;60.0
25-06-2011 18:00;55.0
25-06-2011 19:00;57.0
25-06-2011 20:00;57.0
25-06-2011 21:00;58.0
25-06-2011 22:00;79.0
26-06-2011 13:00;93.0
26-06-2011 14:00;83.0
26-06-2011 15:00;69.0
26-06-2011 16:00;69.0
26-06-2011 17:00;53.0
26-06-2011 18:00;52.0
26-06-2011 19:00;48.0
26-06-2011 20:00;48.0
26-06-2011 21:00;51.0
26-06-2011 22:00;66.0
27-06-2011 13:00;98.0
27-06-2011 14:00;88.0
27-06-2011 15:00;70.0
27-06-2011 16:00;70.0
27-06-2011 17:00;68.0
27-06-2011 18:00;63.0
27-06-2011 19:00;62.0
27-06-2011 20:00;61.0
27-06-2011 21:00;66.0
27-06-2011 22:00;83.0
28-06-2011 13:00;95.0
28-06-2011 14:00;95.0
28-06-2011 15:00;93.0
28-06-2011 16:00;84.0
28-06-2011 17:00;77.0
28-06-2011 18:00;75.0
28-06-2011 19:00;86.0
28-06-2011 20:00;95.0
28-06-2011 21:00;96.0
28-06-2011 22:00;97.0
29-06-2011 13:00;98.0
29-06-2011 14:00;98.0
29-06-2011 15:00;98.0
29-06-2011 16:00;98.0
29-06-2011 17:00;87.0
29-06-2011 18:00;84.0
29-06-2011 19:00;73.0
29-06-2011 20:00;93.0
29-06-2011 21:00;81.0
29-06-2011 22:00;80.0
30-06-2011 13:00;96.0
30-06-2011 14:00;93.0
30-06-2011 15:00;82.0
30-06-2011 16:00;70.0
30-06-2011 17:00;65.0
30-06-2011 18:00;59.0
30-06-2011 19:00;59.0
30-06-2011 20:00;61.0
30-06-2011 21:00;60.0
30-06-2011 22:00;81.0
01-07-2011 12:00;
01-07-2011 13:00;96.0
01-07-2011 14:00;90.0
01-07-2011 15:00;85.0
01-07-2011 16:00;76.0
01-07-2011 17:00;75.0
01-07-2011 18:00;63.0
01-07-2011 19:00;55.0
01-07-2011 20:00;61.0
01-07-2011 21:00;66.0
01-07-2011 22:00;50.0
02-07-2011 0:00;
02-07-2011 12:00;
02-07-2011 13:00;98.0
02-07-2011 14:00;98.0
02-07-2011 15:00;98.0
02-07-2011 16:00;98.0
02-07-2011 17:00;98.0
02-07-2011 18:00;95.0
02-07-2011 19:00;82.0
02-07-2011 20:00;66.0
02-07-2011 21:00;65.0
02-07-2011 22:00;81.0
03-07-2011 0:00;
03-07-2011 6:00;
03-07-2011 12:00;
03-07-2011 13:00;92.0
03-07-2011 14:00;88.0
03-07-2011 15:00;77.0
03-07-2011 16:00;66.0
03-07-2011 17:00;57.0
03-07-2011 18:00;51.0
03-07-2011 19:00;50.0
03-07-2011 20:00;50.0
03-07-2011 21:00;51.0
03-07-2011 22:00;66.0
04-07-2011 0:00;
04-07-2011 6:00;
04-07-2011 12:00;
04-07-2011 13:00;
04-07-2011 14:00;95.0
04-07-2011 15:00;88.0
04-07-2011 16:00;77.0
04-07-2011 17:00;70.0
04-07-2011 18:00;64.0
04-07-2011 19:00;55.0
04-07-2011 20:00;55.0
04-07-2011 21:00;54.0
04-07-2011 22:00;83.0
05-07-2011 0:00;
05-07-2011 6:00;
05-07-2011 12:00;
05-07-2011 13:00;97.0
05-07-2011 14:00;94.0
05-07-2011 15:00;92.0
05-07-2011 16:00;85.0
05-07-2011 17:00;80.0
05-07-2011 18:00;74.0
05-07-2011 19:00;65.0
05-07-2011 20:00;72.0
05-07-2011 21:00;80.0
05-07-2011 22:00;89.0
06-07-2011 0:00;
06-07-2011 12:00;
06-07-2011 13:00;97.0
06-07-2011 14:00;97.0
06-07-2011 15:00;97.0
06-07-2011 16:00;97.0
06-07-2011 17:00;97.0
06-07-2011 18:00;97.0
06-07-2011 19:00;94.0
06-07-2011 20:00;91.0
06-07-2011 21:00;91.0
06-07-2011 22:00;97.0
07-07-2011 0:00;
07-07-2011 12:00;
07-07-2011 13:00;96.0
07-07-2011 14:00;96.0
07-07-2011 15:00;97.0
07-07-2011 16:00;95.0
07-07-2011 17:00;86.0
07-07-2011 18:00;77.0
07-07-2011 19:00;74.0
07-07-2011 20:00;71.0
07-07-2011 21:00;75.0
07-07-2011 22:00;85.0
08-07-2011 0:00;
08-07-2011 12:00;
08-07-2011 13:00;98.0
08-07-2011 14:00;98.0
08-07-2011 15:00;99.0
08-07-2011 16:00;
08-07-2011 17:00;99.0
08-07-2011 18:00;97.0
08-07-2011 19:00;96.0
08-07-2011 20:00;91.0
08-07-2011 21:00;91.0
08-07-2011 22:00;97.0
09-07-2011 0:00;
09-07-2011 12:00;
09-07-2011 13:00;89.0
09-07-2011 14:00;87.0
09-07-2011 15:00;86.0
09-07-2011 16:00;86.0
09-07-2011 17:00;87.0
09-07-2011 18:00;87.0
09-07-2011 19:00;91.0
09-07-2011 20:00;91.0
09-07-2011 21:00;91.0
09-07-2011 22:00;
10-07-2011 0:00;
10-07-2011 12:00;
10-07-2011 13:00;95.0
10-07-2011 14:00;93.0
10-07-2011 15:00;83.0
10-07-2011 16:00;83.0
10-07-2011 17:00;80.0
10-07-2011 18:00;78.0
10-07-2011 19:00;78.0
10-07-2011 20:00;78.0
10-07-2011 21:00;76.0
10-07-2011 22:00;89.0
11-07-2011 0:00;
11-07-2011 12:00;
11-07-2011 13:00;93.0
11-07-2011 14:00;93.0
11-07-2011 15:00;93.0
11-07-2011 16:00;95.0
11-07-2011 17:00;95.0
11-07-2011 18:00;95.0
11-07-2011 19:00;95.0
11-07-2011 20:00;95.0
11-07-2011 21:00;95.0
11-07-2011 22:00;98.0
12-07-2011 0:00;
12-07-2011 12:00;
12-07-2011 13:00;96.0
12-07-2011 14:00;88.0
12-07-2011 15:00;91.0
12-07-2011 16:00;72.0
12-07-2011 17:00;68.0
12-07-2011 18:00;67.0
12-07-2011 19:00;64.0
12-07-2011 20:00;63.0
12-07-2011 21:00;56.0
12-07-2011 22:00;71.0
13-07-2011 0:00;
13-07-2011 12:00;
13-07-2011 13:00;97.0
13-07-2011 14:00;92.0
13-07-2011 15:00;86.0
13-07-2011 16:00;80.0
13-07-2011 17:00;76.0
13-07-2011 18:00;71.0
13-07-2011 19:00;72.0
13-07-2011 20:00;67.0
13-07-2011 21:00;68.0
13-07-2011 22:00;73.0
14-07-2011 0:00;
14-07-2011 12:00;
14-07-2011 13:00;97.0
14-07-2011 14:00;97.0
14-07-2011 15:00;97.0
14-07-2011 16:00;97.0
14-07-2011 17:00;97.0
14-07-2011 18:00;97.0
14-07-2011 19:00;93.0
14-07-2011 20:00;95.0
14-07-2011 21:00;95.0
14-07-2011 22:00;95.0
15-07-2011 0:00;
15-07-2011 12:00;
15-07-2011 13:00;97.0
15-07-2011 14:00;97.0
15-07-2011 15:00;97.0
15-07-2011 16:00;97.0
15-07-2011 17:00;97.0
15-07-2011 18:00;97.0
15-07-2011 19:00;97.0
15-07-2011 20:00;97.0
15-07-2011 21:00;97.0
15-07-2011 22:00;97.0
16-07-2011 0:00;
16-07-2011 12:00;
16-07-2011 13:00;86.0
16-07-2011 14:00;94.0
16-07-2011 15:00;92.0
16-07-2011 16:00;92.0
16-07-2011 17:00;90.0
16-07-2011 18:00;93.0
16-07-2011 19:00;92.0
16-07-2011 20:00;92.0
16-07-2011 21:00;87.0
16-07-2011 22:00;86.0
17-07-2011 0:00;
17-07-2011 12:00;
17-07-2011 13:00;97.0
17-07-2011 14:00;97.0
17-07-2011 15:00;97.0
17-07-2011 16:00;97.0
17-07-2011 17:00;96.0
17-07-2011 18:00;96.0
17-07-2011 19:00;92.0
17-07-2011 20:00;93.0
17-07-2011 21:00;83.0
17-07-2011 22:00;94.0
18-07-2011 0:00;
18-07-2011 12:00;
18-07-2011 13:00;96.0
18-07-2011 13:25;
18-07-2011 14:00;98.0
18-07-2011 15:00;97.0
18-07-2011 16:00;94.0
18-07-2011 17:00;94.0
18-07-2011 18:00;91.0
18-07-2011 19:00;86.0
18-07-2011 20:00;86.0
18-07-2011 21:00;84.0
18-07-2011 22:00;89.0
19-07-2011 0:00;
19-07-2011 12:00;
19-07-2011 13:00;96.0
19-07-2011 14:00;98.0
19-07-2011 15:00;93.0
19-07-2011 16:00;91.0
19-07-2011 17:00;75.0
19-07-2011 18:00;64.0
19-07-2011 19:00;63.0
19-07-2011 20:00;68.0
19-07-2011 21:00;70.0
19-07-2011 22:00;86.0
20-07-2011 0:00;
20-07-2011 12:00;
20-07-2011 13:00;98.0
20-07-2011 14:00;94.0
20-07-2011 15:00;86.0
20-07-2011 16:00;77.0
20-07-2011 17:00;69.0
20-07-2011 18:00;66.0
20-07-2011 19:00;62.0
20-07-2011 20:00;59.0
20-07-2011 21:00;59.0
20-07-2011 22:00;75.0
21-07-2011 0:00;
21-07-2011 12:00;
21-07-2011 13:00;97.0
21-07-2011 14:00;93.0
21-07-2011 15:00;75.0
21-07-2011 16:00;77.0
21-07-2011 17:00;72.0
21-07-2011 18:00;72.0
21-07-2011 19:00;68.0
21-07-2011 20:00;68.0
21-07-2011 21:00;67.0
21-07-2011 22:00;77.0
22-07-2011 0:00;
22-07-2011 12:00;
22-07-2011 13:00;98.0
22-07-2011 14:00;98.0
22-07-2011 15:00;97.0
22-07-2011 16:00;87.0
22-07-2011 17:00;74.0
22-07-2011 18:00;68.0
22-07-2011 19:00;68.0
22-07-2011 20:00;63.0
22-07-2011 21:00;70.0
22-07-2011 22:00;85.0
23-07-2011 0:00;
23-07-2011 12:00;
23-07-2011 13:00;98.0
23-07-2011 14:00;98.0
23-07-2011 15:00;97.0
23-07-2011 16:00;87.0
23-07-2011 17:00;76.0
23-07-2011 18:00;68.0
23-07-2011 19:00;64.0
23-07-2011 20:00;59.0
23-07-2011 21:00;66.0
23-07-2011 22:00;83.0
24-07-2011 0:00;
24-07-2011 12:00;
24-07-2011 13:00;99.0
24-07-2011 14:00;99.0
24-07-2011 15:00;97.0
24-07-2011 16:00;97.0
24-07-2011 17:00;96.0
24-07-2011 18:00;96.0
24-07-2011 19:00;92.0
24-07-2011 20:00;91.0
24-07-2011 21:00;90.0
24-07-2011 22:00;90.0
25-07-2011 0:00;
25-07-2011 12:00;
25-07-2011 13:00;97.0
25-07-2011 14:00;97.0
25-07-2011 15:00;97.0
25-07-2011 16:00;95.0
25-07-2011 17:00;
25-07-2011 18:00;82.0
25-07-2011 19:00;82.0
25-07-2011 20:00;81.0
25-07-2011 21:00;88.0
25-07-2011 22:00;92.0
26-07-2011 0:00;
26-07-2011 12:00;
26-07-2011 13:00;98.0
26-07-2011 14:00;98.0
26-07-2011 15:00;97.0
26-07-2011 16:00;92.0
26-07-2011 17:00;78.0
26-07-2011 18:00;72.0
26-07-2011 19:00;73.0
26-07-2011 20:00;74.0
26-07-2011 21:00;76.0
26-07-2011 22:00;80.0
27-07-2011 0:00;
27-07-2011 12:00;
27-07-2011 13:00;94.0
27-07-2011 14:00;97.0
27-07-2011 15:00;97.0
27-07-2011 16:00;90.0
27-07-2011 17:00;88.0
27-07-2011 18:00;83.0
27-07-2011 19:00;81.0
27-07-2011 20:00;90.0
27-07-2011 21:00;97.0
27-07-2011 22:00;97.0
28-07-2011 0:00;
28-07-2011 12:00;
28-07-2011 13:00;97.0
28-07-2011 14:00;98.0
28-07-2011 15:00;95.0
28-07-2011 16:00;96.0
28-07-2011 17:00;95.0
28-07-2011 18:00;82.0
28-07-2011 19:00;92.0
28-07-2011 20:00;88.0
28-07-2011 21:00;75.0
28-07-2011 22:00;86.0
29-07-2011 0:00;
29-07-2011 12:00;99.0
29-07-2011 13:00;98.0
29-07-2011 14:00;100.0
29-07-2011 15:00;100.0
29-07-2011 16:00;100.0
29-07-2011 17:00;98.0
29-07-2011 18:00;99.0
29-07-2011 19:00;97.0
29-07-2011 20:00;87.0
29-07-2011 21:00;81.0
29-07-2011 22:00;92.0
30-07-2011 0:00;
30-07-2011 12:00;
30-07-2011 13:00;98.0
30-07-2011 14:00;97.0
30-07-2011 15:00;97.0
30-07-2011 16:00;94.0
30-07-2011 17:00;87.0
30-07-2011 18:00;79.0
30-07-2011 19:00;87.0
30-07-2011 20:00;90.0
30-07-2011 21:00;78.0
30-07-2011 22:00;90.0
31-07-2011 0:00;
31-07-2011 12:00;
31-07-2011 13:00;96.0
31-07-2011 14:00;96.0
31-07-2011 15:00;90.0
31-07-2011 16:00;75.0
31-07-2011 17:00;65.0
31-07-2011 18:00;53.0
31-07-2011 19:00;49.0
31-07-2011 20:00;44.0
31-07-2011 21:00;48.0
31-07-2011 22:00;58.0
01-08-2011 0:00;
01-08-2011 12:00;
01-08-2011 13:00;95.0
01-08-2011 14:00;87.0
01-08-2011 15:00;85.0
01-08-2011 16:00;81.0
01-08-2011 17:00;72.0
01-08-2011 18:00;67.0
01-08-2011 19:00;65.0
01-08-2011 20:00;68.0
01-08-2011 21:00;71.0
01-08-2011 22:00;81.0
02-08-2011 0:00;
02-08-2011 12:00;
02-08-2011 13:00;97.0
02-08-2011 14:00;91.0
02-08-2011 15:00;88.0
02-08-2011 16:00;80.0
02-08-2011 17:00;80.0
02-08-2011 18:00;83.0
02-08-2011 19:00;78.0
02-08-2011 20:00;76.0
02-08-2011 21:00;67.0
02-08-2011 22:00;80.0
03-08-2011 0:00;
03-08-2011 12:00;
03-08-2011 13:00;98.0
03-08-2011 14:00;98.0
03-08-2011 15:00;97.0
03-08-2011 16:00;94.0
03-08-2011 17:00;85.0
03-08-2011 18:00;79.0
03-08-2011 19:00;71.0
03-08-2011 20:00;66.0
03-08-2011 21:00;73.0
03-08-2011 22:00;81.0
04-08-2011 0:00;
04-08-2011 12:00;
04-08-2011 13:00;96.0
04-08-2011 14:00;94.0
04-08-2011 15:00;96.0
04-08-2011 16:00;97.0
04-08-2011 17:00;97.0
04-08-2011 18:00;97.0
04-08-2011 19:00;95.0
04-08-2011 20:00;97.0
04-08-2011 21:00;97.0
04-08-2011 22:00;97.0
05-08-2011 0:00;
05-08-2011 12:00;
05-08-2011 13:00;97.0
05-08-2011 14:00;94.0
05-08-2011 15:00;83.0
05-08-2011 16:00;91.0
05-08-2011 17:00;82.0
05-08-2011 18:00;87.0
05-08-2011 19:00;85.0
05-08-2011 20:00;82.0
05-08-2011 21:00;83.0
05-08-2011 22:00;87.0
06-08-2011 0:00;
06-08-2011 12:00;
06-08-2011 13:00;95.0
06-08-2011 14:00;95.0
06-08-2011 15:00;95.0
06-08-2011 16:00;97.0
06-08-2011 17:00;98.0
06-08-2011 18:00;98.0
06-08-2011 19:00;96.0
06-08-2011 20:00;94.0
06-08-2011 21:00;94.0
06-08-2011 22:00;94.0
07-08-2011 0:00;
07-08-2011 12:00;
07-08-2011 13:00;97.0
07-08-2011 14:00;97.0
07-08-2011 15:00;97.0
07-08-2011 16:00;96.0
07-08-2011 17:00;95.0
07-08-2011 18:00;93.0
07-08-2011 19:00;86.0
07-08-2011 20:00;86.0
07-08-2011 21:00;88.0
07-08-2011 22:00;95.0
08-08-2011 0:00;
08-08-2011 12:00;
08-08-2011 13:00;93.0
08-08-2011 14:00;89.0
08-08-2011 15:00;81.0
08-08-2011 16:00;71.0
08-08-2011 17:00;75.0
08-08-2011 18:00;73.0
08-08-2011 19:00;76.0
08-08-2011 20:00;82.0
08-08-2011 21:00;90.0
08-08-2011 22:00;83.0
09-08-2011 0:00;
09-08-2011 12:00;
09-08-2011 13:00;84.0
09-08-2011 14:00;80.0
09-08-2011 15:00;77.0
09-08-2011 16:00;72.0
09-08-2011 17:00;71.0
09-08-2011 18:00;77.0
09-08-2011 19:00;97.0
09-08-2011 20:00;97.0
09-08-2011 21:00;94.0
09-08-2011 22:00;98.0
10-08-2011 0:00;
10-08-2011 12:00;
10-08-2011 13:00;97.0
10-08-2011 14:00;93.0
10-08-2011 15:00;91.0
10-08-2011 16:00;82.0
10-08-2011 17:00;78.0
10-08-2011 18:00;62.0
10-08-2011 19:00;51.0
10-08-2011 20:00;51.0
10-08-2011 21:00;57.0
10-08-2011 22:00;67.0
11-08-2011 0:00;
11-08-2011 12:00;
11-08-2011 13:00;98.0
11-08-2011 14:00;82.0
11-08-2011 15:00;80.0
11-08-2011 16:00;96.0
11-08-2011 17:00;98.0
11-08-2011 18:00;98.0
11-08-2011 19:00;98.0
11-08-2011 20:00;98.0
11-08-2011 21:00;98.0
11-08-2011 22:00;97.0
12-08-2011 0:00;
12-08-2011 12:00;
12-08-2011 13:00;95.0
12-08-2011 14:00;93.0
12-08-2011 15:00;84.0
12-08-2011 16:00;67.0
12-08-2011 17:00;62.0
12-08-2011 18:00;56.0
12-08-2011 19:00;52.0
12-08-2011 20:00;83.0
12-08-2011 21:00;89.0
12-08-2011 22:00;78.0
13-08-2011 0:00;
13-08-2011 12:00;
13-08-2011 13:00;100.0
13-08-2011 14:00;96.0
13-08-2011 15:00;89.0
13-08-2011 16:00;86.0
13-08-2011 17:00;59.0
13-08-2011 18:00;54.0
13-08-2011 19:00;52.0
13-08-2011 20:00;56.0
13-08-2011 21:00;65.0
13-08-2011 22:00;74.0
14-08-2011 0:00;
14-08-2011 12:00;
14-08-2011 13:00;97.0
14-08-2011 14:00;87.0
14-08-2011 15:00;82.0
14-08-2011 16:00;66.0
14-08-2011 17:00;62.0
14-08-2011 18:00;58.0
14-08-2011 19:00;54.0
14-08-2011 20:00;55.0
14-08-2011 21:00;52.0
14-08-2011 22:00;57.0
15-08-2011 0:00;
15-08-2011 12:00;
15-08-2011 13:00;87.0
15-08-2011 14:00;85.0
15-08-2011 15:00;71.0
15-08-2011 16:00;60.0
15-08-2011 17:00;59.0
15-08-2011 18:00;63.0
15-08-2011 19:00;54.0
15-08-2011 20:00;59.0
15-08-2011 21:00;65.0
15-08-2011 22:00;69.0
16-08-2011 0:00;
16-08-2011 12:00;
16-08-2011 13:00;96.0
16-08-2011 14:00;96.0
16-08-2011 15:00;97.0
16-08-2011 16:00;93.0
16-08-2011 17:00;86.0
16-08-2011 18:00;95.0
16-08-2011 19:00;97.0
16-08-2011 20:00;95.0
16-08-2011 21:00;90.0
16-08-2011 22:00;90.0
17-08-2011 0:00;
17-08-2011 12:00;
17-08-2011 13:00;96.0
17-08-2011 14:00;90.0
17-08-2011 15:00;97.0
17-08-2011 16:00;97.0
17-08-2011 17:00;97.0
17-08-2011 18:00;97.0
17-08-2011 19:00;97.0
17-08-2011 20:00;97.0
17-08-2011 21:00;88.0
17-08-2011 22:00;90.0
18-08-2011 0:00;
18-08-2011 12:00;
18-08-2011 13:00;98.0
18-08-2011 14:00;97.0
18-08-2011 15:00;87.0
18-08-2011 16:00;79.0
18-08-2011 17:00;78.0
18-08-2011 18:00;63.0
18-08-2011 19:00;60.0
18-08-2011 20:00;57.0
18-08-2011 21:00;57.0
18-08-2011 22:00;64.0
19-08-2011 0:00;
19-08-2011 12:00;
19-08-2011 13:00;96.0
19-08-2011 14:00;90.0
19-08-2011 15:00;79.0
19-08-2011 16:00;66.0
19-08-2011 17:00;57.0
19-08-2011 18:00;49.0
19-08-2011 19:00;43.0
19-08-2011 20:00;42.0
19-08-2011 21:00;46.0
19-08-2011 22:00;61.0
20-08-2011 0:00;
20-08-2011 12:00;
20-08-2011 13:00;90.0
20-08-2011 14:00;76.0
20-08-2011 15:00;66.0
20-08-2011 16:00;57.0
20-08-2011 17:00;52.0
20-08-2011 18:00;46.0
20-08-2011 19:00;43.0
20-08-2011 20:00;39.0
20-08-2011 21:00;35.0
20-08-2011 22:00;34.0
21-08-2011 0:00;
21-08-2011 12:00;98.0
21-08-2011 13:00;98.0
21-08-2011 14:00;72.0
21-08-2011 15:00;57.0
21-08-2011 16:00;51.0
21-08-2011 17:00;44.0
21-08-2011 18:00;39.0
21-08-2011 19:00;35.0
21-08-2011 20:00;35.0
21-08-2011 21:00;36.0
21-08-2011 22:00;41.0
22-08-2011 0:00;
22-08-2011 12:00;96.0
22-08-2011 13:00;92.0
22-08-2011 14:00;76.0
22-08-2011 15:00;72.0
22-08-2011 16:00;64.0
22-08-2011 17:00;56.0
22-08-2011 18:00;52.0
22-08-2011 19:00;46.0
22-08-2011 20:00;52.0
22-08-2011 21:00;63.0
22-08-2011 22:00;68.0
23-08-2011 0:00;
23-08-2011 12:00;95.0
23-08-2011 13:00;95.0
23-08-2011 14:00;88.0
23-08-2011 15:00;77.0
23-08-2011 16:00;76.0
23-08-2011 17:00;73.0
23-08-2011 18:00;68.0
23-08-2011 19:00;78.0
23-08-2011 20:00;89.0
23-08-2011 21:00;95.0
23-08-2011 22:00;98.0
24-08-2011 0:00;
24-08-2011 12:00;97.0
24-08-2011 13:00;92.0
24-08-2011 14:00;89.0
24-08-2011 15:00;85.0
24-08-2011 16:00;78.0
24-08-2011 17:00;75.0
24-08-2011 18:00;73.0
24-08-2011 19:00;70.0
24-08-2011 20:00;71.0
24-08-2011 21:00;74.0
24-08-2011 22:00;82.0
25-08-2011 0:00;
25-08-2011 12:00;96.0
25-08-2011 13:00;96.0
25-08-2011 14:00;94.0
25-08-2011 15:00;91.0
25-08-2011 16:00;82.0
25-08-2011 17:00;81.0
25-08-2011 18:00;78.0
25-08-2011 19:00;82.0
25-08-2011 20:00;78.0
25-08-2011 21:00;82.0
25-08-2011 22:00;87.0
26-08-2011 0:00;
26-08-2011 12:00;99.0
26-08-2011 13:00;99.0
26-08-2011 14:00;96.0
26-08-2011 15:00;92.0
26-08-2011 16:00;88.0
26-08-2011 17:00;87.0
26-08-2011 18:00;82.0
26-08-2011 19:00;78.0
26-08-2011 20:00;73.0
26-08-2011 21:00;90.0
26-08-2011 22:00;94.0
27-08-2011 0:00;
27-08-2011 12:00;96.0
27-08-2011 13:00;97.0
27-08-2011 14:00;88.0
27-08-2011 15:00;83.0
27-08-2011 16:00;70.0
27-08-2011 17:00;70.0
27-08-2011 18:00;74.0
27-08-2011 19:00;77.0
27-08-2011 20:00;60.0
27-08-2011 21:00;61.0
27-08-2011 22:00;70.0
28-08-2011 0:00;
28-08-2011 12:00;80.0
28-08-2011 13:00;81.0
28-08-2011 14:00;72.0
28-08-2011 15:00;73.0
28-08-2011 16:00;88.0
28-08-2011 17:00;97.0
28-08-2011 18:00;95.0
28-08-2011 19:00;88.0
28-08-2011 20:00;95.0
28-08-2011 21:00;87.0
28-08-2011 22:00;85.0
29-08-2011 0:00;
29-08-2011 12:00;97.0
29-08-2011 13:00;96.0
29-08-2011 14:00;91.0
29-08-2011 15:00;83.0
29-08-2011 16:00;85.0
29-08-2011 17:00;86.0
29-08-2011 18:00;86.0
29-08-2011 19:00;87.0
29-08-2011 20:00;89.0
29-08-2011 21:00;94.0
29-08-2011 22:00;89.0
30-08-2011 0:00;
30-08-2011 12:00;98.0
30-08-2011 13:00;94.0
30-08-2011 14:00;90.0
30-08-2011 15:00;89.0
30-08-2011 16:00;84.0
30-08-2011 17:00;60.0
30-08-2011 18:00;52.0
30-08-2011 19:00;47.0
30-08-2011 20:00;48.0
30-08-2011 21:00;46.0
30-08-2011 22:00;53.0
31-08-2011 0:00;
31-08-2011 12:00;96.0
31-08-2011 13:00;94.0
31-08-2011 14:00;80.0
31-08-2011 15:00;65.0
31-08-2011 16:00;60.0
31-08-2011 17:00;54.0
31-08-2011 18:00;48.0
31-08-2011 19:00;43.0
31-08-2011 20:00;34.0
31-08-2011 21:00;33.0
31-08-2011 22:00;51.0
01-09-2011 0:00;
01-09-2011 12:00;95.0
01-09-2011 13:00;95.0
01-09-2011 14:00;87.0
01-09-2011 15:00;76.0
01-09-2011 16:00;66.0
01-09-2011 17:00;54.0
01-09-2011 18:00;43.0
01-09-2011 19:00;39.0
01-09-2011 20:00;41.0
01-09-2011 21:00;41.0
01-09-2011 22:00;73.0
02-09-2011 0:00;
02-09-2011 12:00;96.0
02-09-2011 13:00;96.0
02-09-2011 14:00;95.0
02-09-2011 15:00;91.0
02-09-2011 16:00;87.0
02-09-2011 17:00;83.0
02-09-2011 18:00;82.0
02-09-2011 19:00;88.0
02-09-2011 20:00;87.0
02-09-2011 21:00;87.0
02-09-2011 22:00;92.0
03-09-2011 0:00;
03-09-2011 12:00;99.0
03-09-2011 13:00;97.0
03-09-2011 14:00;97.0
03-09-2011 15:00;87.0
03-09-2011 16:00;78.0
03-09-2011 17:00;62.0
03-09-2011 18:00;52.0
03-09-2011 19:00;50.0
03-09-2011 20:00;57.0
03-09-2011 21:00;58.0
03-09-2011 22:00;58.0
04-09-2011 0:00;
04-09-2011 12:00;97.0
04-09-2011 13:00;95.0
04-09-2011 14:00;83.0
04-09-2011 15:00;83.0
04-09-2011 16:00;83.0
04-09-2011 17:00;95.0
04-09-2011 18:00;88.0
04-09-2011 19:00;95.0
04-09-2011 20:00;84.0
04-09-2011 21:00;84.0
04-09-2011 22:00;75.0
05-09-2011 0:00;
05-09-2011 12:00;97.0
05-09-2011 13:00;91.0
05-09-2011 14:00;86.0
05-09-2011 15:00;80.0
05-09-2011 16:00;68.0
05-09-2011 17:00;61.0
05-09-2011 18:00;56.0
05-09-2011 19:00;51.0
05-09-2011 20:00;47.0
05-09-2011 21:00;53.0
05-09-2011 22:00;60.0
06-09-2011 0:00;
06-09-2011 12:00;97.0
06-09-2011 13:00;96.0
06-09-2011 14:00;86.0
06-09-2011 15:00;67.0
06-09-2011 16:00;63.0
06-09-2011 17:00;59.0
06-09-2011 18:00;51.0
06-09-2011 19:00;50.0
06-09-2011 20:00;47.0
06-09-2011 21:00;46.0
06-09-2011 22:00;58.0
07-09-2011 0:00;
07-09-2011 12:00;98.0
07-09-2011 13:00;97.0
07-09-2011 14:00;91.0
07-09-2011 15:00;82.0
07-09-2011 16:00;61.0
07-09-2011 17:00;56.0
07-09-2011 18:00;52.0
07-09-2011 19:00;52.0
07-09-2011 20:00;43.0
07-09-2011 21:00;42.0
07-09-2011 22:00;47.0
08-09-2011 0:00;
08-09-2011 12:00;92.0
08-09-2011 13:00;92.0
08-09-2011 14:00;92.0
08-09-2011 15:00;95.0
08-09-2011 16:00;93.0
08-09-2011 17:00;83.0
08-09-2011 18:00;88.0
08-09-2011 19:00;93.0
08-09-2011 20:00;95.0
08-09-2011 21:00;95.0
08-09-2011 22:00;97.0
09-09-2011 0:00;
09-09-2011 12:00;95.0
09-09-2011 13:00;95.0
09-09-2011 14:00;95.0
09-09-2011 15:00;93.0
09-09-2011 16:00;93.0
09-09-2011 17:00;96.0
09-09-2011 18:00;98.0
09-09-2011 19:00;83.0
09-09-2011 20:00;82.0
09-09-2011 21:00;70.0
09-09-2011 22:00;71.0
10-09-2011 0:00;
10-09-2011 12:00;98.0
10-09-2011 13:00;93.0
10-09-2011 14:00;84.0
10-09-2011 15:00;73.0
10-09-2011 16:00;62.0
10-09-2011 17:00;57.0
10-09-2011 18:00;52.0
10-09-2011 19:00;48.0
10-09-2011 20:00;46.0
10-09-2011 21:00;48.0
10-09-2011 22:00;15.0
11-09-2011 0:00;
11-09-2011 12:00;98.0
11-09-2011 13:00;95.0
11-09-2011 14:00;83.0
11-09-2011 15:00;68.0
11-09-2011 16:00;62.0
11-09-2011 17:00;42.0
11-09-2011 18:00;47.0
11-09-2011 19:00;48.0
11-09-2011 20:00;48.0
11-09-2011 21:00;52.0
11-09-2011 22:00;57.0
12-09-2011 0:00;
12-09-2011 12:00;97.0
12-09-2011 13:00;90.0
12-09-2011 14:00;83.0
12-09-2011 15:00;71.0
12-09-2011 16:00;67.0
12-09-2011 17:00;60.0
12-09-2011 18:00;59.0
12-09-2011 19:00;52.0
12-09-2011 20:00;47.0
12-09-2011 21:00;51.0
12-09-2011 22:00;53.0
13-09-2011 0:00;
13-09-2011 12:00;97.0
13-09-2011 13:00;87.0
13-09-2011 14:00;72.0
13-09-2011 15:00;64.0
13-09-2011 16:00;60.0
13-09-2011 17:00;53.0
13-09-2011 18:00;51.0
13-09-2011 19:00;41.0
13-09-2011 20:00;46.0
13-09-2011 21:00;46.0
13-09-2011 22:00;51.0
14-09-2011 0:00;
14-09-2011 12:00;97.0
14-09-2011 13:00;93.0
14-09-2011 14:00;77.0
14-09-2011 15:00;71.0
14-09-2011 16:00;62.0
14-09-2011 17:00;62.0
14-09-2011 18:00;59.0
14-09-2011 19:00;55.0
14-09-2011 20:00;63.0
14-09-2011 21:00;66.0
14-09-2011 22:00;69.0
15-09-2011 0:00;
15-09-2011 12:00;88.0
15-09-2011 13:00;83.0
15-09-2011 14:00;81.0
15-09-2011 15:00;72.0
15-09-2011 16:00;68.0
15-09-2011 17:00;61.0
15-09-2011 18:00;53.0
15-09-2011 19:00;50.0
15-09-2011 20:00;48.0
15-09-2011 21:00;41.0
15-09-2011 22:00;72.0
16-09-2011 0:00;
16-09-2011 12:00;95.0
16-09-2011 13:00;88.0
16-09-2011 14:00;71.0
16-09-2011 15:00;67.0
16-09-2011 16:00;69.0
16-09-2011 17:00;54.0
16-09-2011 18:00;55.0
16-09-2011 19:00;44.0
16-09-2011 20:00;40.0
16-09-2011 21:00;45.0
16-09-2011 22:00;49.0
17-09-2011 0:00;
17-09-2011 12:00;88.0
17-09-2011 13:00;75.0
17-09-2011 14:00;59.0
17-09-2011 15:00;54.0
17-09-2011 16:00;51.0
17-09-2011 17:00;49.0
17-09-2011 18:00;48.0
17-09-2011 19:00;48.0
17-09-2011 20:00;49.0
17-09-2011 21:00;48.0
17-09-2011 22:00;50.0
18-09-2011 0:00;
18-09-2011 12:00;98.0
18-09-2011 13:00;96.0
18-09-2011 14:00;84.0
18-09-2011 15:00;64.0
18-09-2011 16:00;68.0
18-09-2011 17:00;67.0
18-09-2011 18:00;57.0
18-09-2011 19:00;47.0
18-09-2011 20:00;47.0
18-09-2011 21:00;41.0
18-09-2011 22:00;42.0
19-09-2011 0:00;
19-09-2011 12:00;99.0
19-09-2011 13:00;99.0
19-09-2011 14:00;97.0
19-09-2011 15:00;92.0
19-09-2011 16:00;87.0
19-09-2011 17:00;71.0
19-09-2011 18:00;61.0
19-09-2011 19:00;55.0
19-09-2011 20:00;51.0
19-09-2011 21:00;47.0
19-09-2011 22:00;49.0
19-09-2011 23:00;60.0
20-09-2011 0:00;
20-09-2011 12:00;97.0
20-09-2011 13:00;97.0
20-09-2011 14:00;97.0
20-09-2011 15:00;88.0
20-09-2011 16:00;75.0
20-09-2011 17:00;60.0
20-09-2011 18:00;55.0
20-09-2011 19:00;51.0
20-09-2011 20:00;48.0
20-09-2011 21:00;47.0
20-09-2011 22:00;52.0
20-09-2011 23:00;65.0
21-09-2011 0:00;
21-09-2011 12:00;97.0
21-09-2011 13:00;95.0
21-09-2011 14:00;91.0
21-09-2011 15:00;83.0
21-09-2011 16:00;79.0
21-09-2011 17:00;71.0
21-09-2011 18:00;62.0
21-09-2011 19:00;63.0
21-09-2011 20:00;70.0
21-09-2011 21:00;61.0
21-09-2011 22:00;57.0
21-09-2011 23:00;70.0
22-09-2011 0:00;
22-09-2011 12:00;98.0
22-09-2011 13:00;95.0
22-09-2011 14:00;95.0
22-09-2011 15:00;94.0
22-09-2011 16:00;87.0
22-09-2011 17:00;76.0
22-09-2011 18:00;71.0
22-09-2011 19:00;66.0
22-09-2011 20:00;63.0
22-09-2011 21:00;61.0
22-09-2011 22:00;67.0
22-09-2011 23:00;73.0
23-09-2011 0:00;
23-09-2011 12:00;99.0
23-09-2011 13:00;97.0
23-09-2011 14:00;93.0
23-09-2011 15:00;89.0
23-09-2011 16:00;77.0
23-09-2011 17:00;72.0
23-09-2011 18:00;62.0
23-09-2011 19:00;56.0
23-09-2011 20:00;57.0
23-09-2011 21:00;47.0
23-09-2011 22:00;54.0
23-09-2011 23:00;62.0
24-09-2011 0:00;
24-09-2011 12:00;97.0
24-09-2011 13:00;95.0
24-09-2011 14:00;86.0
24-09-2011 15:00;79.0
24-09-2011 16:00;67.0
24-09-2011 17:00;61.0
24-09-2011 18:00;54.0
24-09-2011 19:00;55.0
24-09-2011 20:00;52.0
24-09-2011 21:00;58.0
24-09-2011 22:00;63.0
24-09-2011 23:00;78.0
25-09-2011 0:00;
25-09-2011 12:00;98.0
25-09-2011 13:00;95.0
25-09-2011 14:00;91.0
25-09-2011 15:00;76.0
25-09-2011 16:00;69.0
25-09-2011 17:00;62.0
25-09-2011 18:00;48.0
25-09-2011 19:00;40.0
25-09-2011 20:00;39.0
25-09-2011 21:00;37.0
25-09-2011 22:00;37.0
25-09-2011 23:00;47.0
26-09-2011 0:00;
26-09-2011 12:00;95.0
26-09-2011 13:00;87.0
26-09-2011 14:00;82.0
26-09-2011 15:00;72.0
26-09-2011 16:00;61.0
26-09-2011 17:00;47.0
26-09-2011 18:00;48.0
26-09-2011 19:00;52.0
26-09-2011 20:00;52.0
26-09-2011 21:00;56.0
26-09-2011 22:00;65.0
26-09-2011 23:00;75.0
27-09-2011 0:00;
27-09-2011 12:00;97.0
27-09-2011 13:00;83.0
27-09-2011 14:00;57.0
27-09-2011 15:00;46.0
27-09-2011 16:00;37.0
27-09-2011 17:00;26.0
27-09-2011 18:00;28.0
27-09-2011 19:00;28.0
27-09-2011 20:00;37.0
27-09-2011 21:00;38.0
27-09-2011 22:00;40.0
27-09-2011 23:00;51.0
28-09-2011 0:00;
28-09-2011 12:00;98.0
28-09-2011 13:00;98.0
28-09-2011 14:00;98.0
28-09-2011 15:00;98.0
28-09-2011 16:00;96.0
28-09-2011 17:00;96.0
28-09-2011 18:00;96.0
28-09-2011 19:00;94.0
28-09-2011 20:00;92.0
28-09-2011 21:00;90.0
28-09-2011 22:00;94.0
28-09-2011 23:00;77.0
29-09-2011 0:00;
29-09-2011 12:00;94.0
29-09-2011 13:00;95.0
29-09-2011 14:00;84.0
29-09-2011 15:00;57.0
29-09-2011 16:00;57.0
29-09-2011 17:00;52.0
29-09-2011 18:00;50.0
29-09-2011 19:00;48.0
29-09-2011 20:00;46.0
29-09-2011 21:00;50.0
29-09-2011 22:00;53.0
29-09-2011 23:00;66.0
30-09-2011 0:00;
30-09-2011 12:00;97.0
30-09-2011 13:00;92.0
30-09-2011 14:00;82.0
30-09-2011 15:00;73.0
30-09-2011 16:00;67.0
30-09-2011 17:00;58.0
30-09-2011 18:00;55.0
30-09-2011 19:00;49.0
30-09-2011 20:00;46.0
30-09-2011 21:00;46.0
30-09-2011 22:00;65.0
30-09-2011 23:00;67.0
01-10-2011 0:00;
01-10-2011 12:00;93.0
01-10-2011 13:00;80.0
01-10-2011 14:00;68.0
01-10-2011 15:00;60.0
01-10-2011 16:00;56.0
01-10-2011 17:00;56.0
01-10-2011 18:00;51.0
01-10-2011 19:00;42.0
01-10-2011 20:00;40.0
01-10-2011 21:00;37.0
01-10-2011 22:00;38.0
01-10-2011 23:00;43.0
02-10-2011 0:00;
02-10-2011 12:00;94.0
02-10-2011 13:00;83.0
02-10-2011 14:00;63.0
02-10-2011 15:00;47.0
02-10-2011 16:00;45.0
02-10-2011 17:00;39.0
02-10-2011 18:00;35.0
02-10-2011 19:00;33.0
02-10-2011 20:00;39.0
02-10-2011 21:00;36.0
02-10-2011 22:00;37.0
02-10-2011 23:00;49.0
03-10-2011 0:00;
03-10-2011 12:00;95.0
03-10-2011 13:00;80.0
03-10-2011 14:00;70.0
03-10-2011 15:00;57.0
03-10-2011 16:00;49.0
03-10-2011 17:00;50.0
03-10-2011 18:00;55.0
03-10-2011 19:00;62.0
03-10-2011 20:00;68.0
03-10-2011 21:00;68.0
03-10-2011 22:00;74.0
03-10-2011 23:00;83.0
04-10-2011 0:00;
04-10-2011 12:00;88.0
04-10-2011 13:00;78.0
04-10-2011 14:00;76.0
04-10-2011 15:00;73.0
04-10-2011 16:00;67.0
04-10-2011 17:00;67.0
04-10-2011 18:00;72.0
04-10-2011 19:00;70.0
04-10-2011 20:00;70.0
04-10-2011 21:00;70.0
04-10-2011 22:00;73.0
04-10-2011 23:00;76.0
05-10-2011 0:00;
05-10-2011 12:00;97.0
05-10-2011 13:00;92.0
05-10-2011 14:00;77.0
05-10-2011 15:00;71.0
05-10-2011 16:00;67.0
05-10-2011 17:00;62.0
05-10-2011 18:00;60.0
05-10-2011 19:00;47.0
05-10-2011 20:00;55.0
05-10-2011 21:00;63.0
05-10-2011 22:00;74.0
05-10-2011 23:00;77.0
06-10-2011 0:00;
06-10-2011 12:00;96.0
06-10-2011 13:00;96.0
06-10-2011 14:00;98.0
06-10-2011 15:00;98.0
06-10-2011 16:00;98.0
06-10-2011 17:00;96.0
06-10-2011 18:00;96.0
06-10-2011 19:00;94.0
06-10-2011 20:00;88.0
06-10-2011 21:00;86.0
06-10-2011 22:00;60.0
06-10-2011 23:00;69.0
07-10-2011 0:00;
07-10-2011 12:00;94.0
07-10-2011 13:00;90.0
07-10-2011 14:00;80.0
07-10-2011 15:00;70.0
07-10-2011 16:00;64.0
07-10-2011 17:00;57.0
07-10-2011 18:00;51.0
07-10-2011 19:00;43.0
07-10-2011 20:00;54.0
07-10-2011 21:00;56.0
07-10-2011 22:00;64.0
07-10-2011 23:00;62.0
08-10-2011 0:00;
08-10-2011 12:00;98.0
08-10-2011 13:00;97.0
08-10-2011 14:00;88.0
08-10-2011 15:00;72.0
08-10-2011 16:00;69.0
08-10-2011 17:00;67.0
08-10-2011 18:00;62.0
08-10-2011 19:00;57.0
08-10-2011 20:00;53.0
08-10-2011 21:00;44.0
08-10-2011 22:00;47.0
08-10-2011 23:00;54.0
09-10-2011 0:00;
09-10-2011 12:00;99.0
09-10-2011 13:00;99.0
09-10-2011 14:00;97.0
09-10-2011 15:00;87.0
09-10-2011 16:00;78.0
09-10-2011 17:00;68.0
09-10-2011 18:00;57.0
09-10-2011 19:00;48.0
09-10-2011 20:00;51.0
09-10-2011 21:00;50.0
09-10-2011 22:00;47.0
09-10-2011 23:00;50.0
10-10-2011 0:00;
10-10-2011 12:00;95.0
10-10-2011 13:00;81.0
10-10-2011 14:00;69.0
10-10-2011 15:00;63.0
10-10-2011 16:00;64.0
10-10-2011 17:00;61.0
10-10-2011 18:00;56.0
10-10-2011 19:00;54.0
10-10-2011 20:00;54.0
10-10-2011 21:00;51.0
10-10-2011 22:00;51.0
10-10-2011 23:00;57.0
11-10-2011 0:00;
11-10-2011 12:00;97.0
11-10-2011 13:00;80.0
11-10-2011 14:00;70.0
11-10-2011 15:00;64.0
11-10-2011 16:00;58.0
11-10-2011 17:00;59.0
11-10-2011 18:00;56.0
11-10-2011 19:00;56.0
11-10-2011 20:00;56.0
11-10-2011 21:00;48.0
11-10-2011 22:00;50.0
11-10-2011 23:00;64.0
12-10-2011 0:00;
12-10-2011 12:00;97.0
12-10-2011 13:00;87.0
12-10-2011 14:00;63.0
12-10-2011 15:00;57.0
12-10-2011 16:00;60.0
12-10-2011 17:00;52.0
12-10-2011 18:00;55.0
12-10-2011 19:00;67.0
12-10-2011 20:00;53.0
12-10-2011 21:00;57.0
12-10-2011 22:00;61.0
12-10-2011 23:00;66.0
13-10-2011 0:00;
13-10-2011 12:00;96.0
13-10-2011 13:00;81.0
13-10-2011 14:00;68.0
13-10-2011 15:00;59.0
13-10-2011 16:00;52.0
13-10-2011 17:00;43.0
13-10-2011 18:00;51.0
13-10-2011 19:00;45.0
13-10-2011 20:00;38.0
13-10-2011 21:00;36.0
13-10-2011 22:00;36.0
13-10-2011 23:00;58.0
14-10-2011 0:00;
14-10-2011 12:00;95.0
14-10-2011 13:00;82.0
14-10-2011 14:00;73.0
14-10-2011 15:00;67.0
14-10-2011 16:00;63.0
14-10-2011 17:00;58.0
14-10-2011 18:00;46.0
14-10-2011 19:00;40.0
14-10-2011 20:00;43.0
14-10-2011 21:00;47.0
14-10-2011 22:00;49.0
14-10-2011 23:00;53.0
15-10-2011 0:00;
15-10-2011 12:00;97.0
15-10-2011 13:00;95.0
15-10-2011 14:00;91.0
15-10-2011 15:00;81.0
15-10-2011 16:00;69.0
15-10-2011 17:00;65.0
15-10-2011 18:00;65.0
15-10-2011 19:00;56.0
15-10-2011 20:00;58.0
15-10-2011 21:00;63.0
15-10-2011 22:00;71.0
15-10-2011 23:00;79.0
16-10-2011 0:00;
16-10-2011 12:00;99.0
16-10-2011 13:00;94.0
16-10-2011 14:00;80.0
16-10-2011 15:00;74.0
16-10-2011 16:00;70.0
16-10-2011 17:00;70.0
16-10-2011 18:00;62.0
16-10-2011 19:00;56.0
16-10-2011 20:00;49.0
16-10-2011 21:00;48.0
16-10-2011 22:00;47.0
16-10-2011 23:00;54.0
17-10-2011 0:00;
17-10-2011 12:00;93.0
17-10-2011 13:00;91.0
17-10-2011 14:00;82.0
17-10-2011 15:00;70.0
17-10-2011 16:00;57.0
17-10-2011 17:00;57.0
17-10-2011 18:00;54.0
17-10-2011 19:00;62.0
17-10-2011 20:00;67.0
17-10-2011 21:00;92.0
17-10-2011 22:00;92.0
17-10-2011 23:00;87.0
18-10-2011 0:00;
18-10-2011 12:00;97.0
18-10-2011 13:00;97.0
18-10-2011 14:00;85.0
18-10-2011 15:00;71.0
18-10-2011 16:00;65.0
18-10-2011 17:00;61.0
18-10-2011 18:00;51.0
18-10-2011 19:00;44.0
18-10-2011 20:00;43.0
18-10-2011 21:00;39.0
18-10-2011 22:00;40.0
18-10-2011 23:00;65.0
19-10-2011 0:00;
19-10-2011 12:00;97.0
19-10-2011 13:00;82.0
19-10-2011 14:00;70.0
19-10-2011 15:00;68.0
19-10-2011 16:00;59.0
19-10-2011 17:00;51.0
19-10-2011 18:00;43.0
19-10-2011 19:00;39.0
19-10-2011 20:00;39.0
19-10-2011 21:00;36.0
19-10-2011 22:00;33.0
19-10-2011 23:00;60.0
20-10-2011 0:00;
20-10-2011 12:00;94.0
20-10-2011 13:00;83.0
20-10-2011 14:00;71.0
20-10-2011 15:00;58.0
20-10-2011 16:00;54.0
20-10-2011 17:00;52.0
20-10-2011 18:00;48.0
20-10-2011 19:00;46.0
20-10-2011 20:00;44.0
20-10-2011 21:00;41.0
20-10-2011 22:00;42.0
20-10-2011 23:00;57.0
21-10-2011 0:00;
21-10-2011 12:00;87.0
21-10-2011 13:00;64.0
21-10-2011 14:00;52.0
21-10-2011 15:00;52.0
21-10-2011 16:00;52.0
21-10-2011 17:00;47.0
21-10-2011 18:00;48.0
21-10-2011 19:00;50.0
21-10-2011 20:00;55.0
21-10-2011 21:00;50.0
21-10-2011 22:00;52.0
21-10-2011 23:00;65.0
22-10-2011 0:00;
22-10-2011 12:00;89.0
22-10-2011 13:00;85.0
22-10-2011 14:00;70.0
22-10-2011 15:00;64.0
22-10-2011 16:00;57.0
22-10-2011 17:00;49.0
22-10-2011 18:00;45.0
22-10-2011 19:00;41.0
22-10-2011 20:00;38.0
22-10-2011 21:00;36.0
22-10-2011 22:00;37.0
22-10-2011 23:00;41.0
23-10-2011 0:00;
23-10-2011 12:00;92.0
23-10-2011 13:00;84.0
23-10-2011 14:00;72.0
23-10-2011 15:00;55.0
23-10-2011 16:00;49.0
23-10-2011 17:00;40.0
23-10-2011 18:00;39.0
23-10-2011 19:00;35.0
23-10-2011 20:00;31.0
23-10-2011 21:00;34.0
23-10-2011 22:00;34.0
23-10-2011 23:00;45.0
24-10-2011 0:00;
24-10-2011 12:00;91.0
24-10-2011 13:00;87.0
24-10-2011 14:00;84.0
24-10-2011 15:00;78.0
24-10-2011 16:00;72.0
24-10-2011 17:00;72.0
24-10-2011 18:00;64.0
24-10-2011 19:00;57.0
24-10-2011 20:00;52.0
24-10-2011 21:00;53.0
24-10-2011 22:00;51.0
24-10-2011 23:00;53.0
25-10-2011 0:00;
25-10-2011 12:00;92.0
25-10-2011 13:00;79.0
25-10-2011 14:00;72.0
25-10-2011 15:00;61.0
25-10-2011 16:00;58.0
25-10-2011 17:00;54.0
25-10-2011 18:00;52.0
25-10-2011 19:00;44.0
25-10-2011 20:00;42.0
25-10-2011 21:00;40.0
25-10-2011 22:00;38.0
25-10-2011 23:00;42.0
26-10-2011 0:00;
26-10-2011 12:00;93.0
26-10-2011 13:00;81.0
26-10-2011 14:00;73.0
26-10-2011 15:00;57.0
26-10-2011 16:00;51.0
26-10-2011 17:00;39.0
26-10-2011 18:00;34.0
26-10-2011 19:00;35.0
26-10-2011 20:00;34.0
26-10-2011 21:00;40.0
26-10-2011 22:00;42.0
26-10-2011 23:00;63.0
27-10-2011 0:00;
27-10-2011 12:00;92.0
27-10-2011 13:00;88.0
27-10-2011 14:00;84.0
27-10-2011 15:00;82.0
27-10-2011 16:00;76.0
27-10-2011 17:00;65.0
27-10-2011 18:00;56.0
27-10-2011 19:00;53.0
27-10-2011 20:00;45.0
27-10-2011 21:00;38.0
27-10-2011 22:00;46.0
27-10-2011 23:00;52.0
28-10-2011 0:00;
28-10-2011 12:00;95.0
28-10-2011 13:00;72.0
28-10-2011 14:00;54.0
28-10-2011 15:00;49.0
28-10-2011 16:00;42.0
28-10-2011 17:00;41.0
28-10-2011 18:00;39.0
28-10-2011 19:00;38.0
28-10-2011 20:00;38.0
28-10-2011 21:00;36.0
28-10-2011 22:00;37.0
28-10-2011 23:00;43.0
29-10-2011 0:00;
29-10-2011 12:00;91.0
29-10-2011 13:00;82.0
29-10-2011 14:00;70.0
29-10-2011 15:00;61.0
29-10-2011 16:00;56.0
29-10-2011 17:00;52.0
29-10-2011 18:00;48.0
29-10-2011 19:00;43.0
29-10-2011 20:00;41.0
29-10-2011 21:00;41.0
29-10-2011 22:00;37.0
29-10-2011 23:00;42.0
30-10-2011 0:00;
30-10-2011 12:00;90.0
30-10-2011 13:00;80.0
30-10-2011 14:00;74.0
30-10-2011 15:00;63.0
30-10-2011 16:00;57.0
30-10-2011 17:00;51.0
30-10-2011 18:00;41.0
30-10-2011 19:00;39.0
30-10-2011 20:00;37.0
30-10-2011 21:00;32.0
30-10-2011 22:00;31.0
30-10-2011 23:00;36.0
31-10-2011 0:00;
31-10-2011 12:00;87.0
31-10-2011 13:00;74.0
31-10-2011 14:00;70.0
31-10-2011 15:00;64.0
31-10-2011 16:00;58.0
31-10-2011 17:00;56.0
31-10-2011 18:00;46.0
31-10-2011 19:00;42.0
31-10-2011 20:00;51.0
31-10-2011 21:00;61.0
31-10-2011 22:00;66.0
31-10-2011 23:00;86.0
01-11-2011 0:00;
01-11-2011 12:00;96.0
01-11-2011 13:00;92.0
01-11-2011 14:00;96.0
01-11-2011 15:00;71.0
01-11-2011 16:00;68.0
01-11-2011 17:00;63.0
01-11-2011 18:00;63.0
01-11-2011 19:00;56.0
01-11-2011 20:00;68.0
01-11-2011 21:00;51.0
01-11-2011 22:00;53.0
01-11-2011 23:00;60.0
02-11-2011 0:00;
02-11-2011 12:00;97.0
02-11-2011 13:00;85.0
02-11-2011 14:00;67.0
02-11-2011 15:00;56.0
02-11-2011 16:00;51.0
02-11-2011 17:00;55.0
02-11-2011 18:00;41.0
02-11-2011 19:00;36.0
02-11-2011 20:00;37.0
02-11-2011 21:00;34.0
02-11-2011 22:00;34.0
02-11-2011 23:00;36.0
03-11-2011 0:00;
03-11-2011 12:00;90.0
03-11-2011 13:00;76.0
03-11-2011 14:00;67.0
03-11-2011 15:00;60.0
03-11-2011 16:00;44.0
03-11-2011 17:00;42.0
03-11-2011 18:00;39.0
03-11-2011 19:00;35.0
03-11-2011 20:00;35.0
03-11-2011 21:00;43.0
03-11-2011 22:00;50.0
03-11-2011 23:00;60.0
04-11-2011 0:00;
04-11-2011 12:00;88.0
04-11-2011 13:00;91.0
04-11-2011 14:00;81.0
04-11-2011 15:00;76.0
04-11-2011 16:00;70.0
04-11-2011 17:00;53.0
04-11-2011 18:00;41.0
04-11-2011 19:00;40.0
04-11-2011 20:00;35.0
04-11-2011 21:00;34.0
04-11-2011 22:00;38.0
04-11-2011 23:00;40.0
05-11-2011 0:00;
05-11-2011 12:00;90.0
05-11-2011 13:00;72.0
05-11-2011 14:00;66.0
05-11-2011 15:00;52.0
05-11-2011 16:00;46.0
05-11-2011 17:00;38.0
05-11-2011 18:00;35.0
05-11-2011 19:00;32.0
05-11-2011 20:00;24.0
05-11-2011 21:00;27.0
05-11-2011 22:00;28.0
05-11-2011 23:00;32.0
06-11-2011 0:00;
06-11-2011 12:00;86.0
06-11-2011 13:00;78.0
06-11-2011 14:00;78.0
06-11-2011 15:00;73.0
06-11-2011 16:00;70.0
06-11-2011 17:00;60.0
06-11-2011 18:00;53.0
06-11-2011 19:00;47.0
06-11-2011 20:00;42.0
06-11-2011 21:00;37.0
06-11-2011 22:00;42.0
06-11-2011 23:00;62.0
07-11-2011 0:00;
07-11-2011 12:00;87.0
07-11-2011 13:00;78.0
07-11-2011 14:00;64.0
07-11-2011 15:00;57.0
07-11-2011 16:00;47.0
07-11-2011 17:00;44.0
07-11-2011 18:00;39.0
07-11-2011 19:00;33.0
07-11-2011 20:00;34.0
07-11-2011 21:00;36.0
07-11-2011 22:00;36.0
07-11-2011 23:00;45.0
08-11-2011 0:00;
08-11-2011 12:00;96.0
08-11-2011 13:00;85.0
08-11-2011 14:00;75.0
08-11-2011 15:00;64.0
08-11-2011 16:00;59.0
08-11-2011 17:00;59.0
08-11-2011 18:00;76.0
08-11-2011 19:00;89.0
08-11-2011 20:00;98.0
08-11-2011 21:00;93.0
08-11-2011 22:00;87.0
08-11-2011 23:00;85.0
09-11-2011 0:00;
09-11-2011 12:00;96.0
09-11-2011 13:00;83.0
09-11-2011 14:00;62.0
09-11-2011 15:00;57.0
09-11-2011 16:00;49.0
09-11-2011 17:00;51.0
09-11-2011 18:00;48.0
09-11-2011 19:00;49.0
09-11-2011 20:00;45.0
09-11-2011 21:00;45.0
09-11-2011 22:00;47.0
09-11-2011 23:00;53.0
10-11-2011 0:00;
10-11-2011 12:00;81.0
10-11-2011 13:00;63.0
10-11-2011 14:00;58.0
10-11-2011 15:00;52.0
10-11-2011 16:00;43.0
10-11-2011 17:00;48.0
10-11-2011 18:00;43.0
10-11-2011 19:00;41.0
10-11-2011 20:00;40.0
10-11-2011 21:00;42.0
10-11-2011 22:00;40.0
10-11-2011 23:00;45.0
11-11-2011 0:00;
11-11-2011 12:00;85.0
11-11-2011 13:00;78.0
11-11-2011 14:00;70.0
11-11-2011 15:00;62.0
11-11-2011 16:00;58.0
11-11-2011 17:00;49.0
11-11-2011 18:00;48.0
11-11-2011 19:00;43.0
11-11-2011 20:00;36.0
11-11-2011 21:00;37.0
11-11-2011 22:00;36.0
11-11-2011 23:00;44.0
12-11-2011 0:00;
12-11-2011 12:00;91.0
12-11-2011 13:00;82.0
12-11-2011 14:00;72.0
12-11-2011 15:00;70.0
12-11-2011 16:00;64.0
12-11-2011 17:00;59.0
12-11-2011 18:00;53.0
12-11-2011 19:00;44.0
12-11-2011 20:00;50.0
12-11-2011 21:00;56.0
12-11-2011 22:00;63.0
12-11-2011 23:00;81.0
13-11-2011 0:00;
13-11-2011 12:00;85.0
13-11-2011 13:00;82.0
13-11-2011 14:00;75.0
13-11-2011 15:00;72.0
13-11-2011 16:00;72.0
13-11-2011 17:00;68.0
13-11-2011 18:00;72.0
13-11-2011 19:00;69.0
13-11-2011 20:00;63.0
13-11-2011 21:00;61.0
13-11-2011 22:00;63.0
13-11-2011 23:00;68.0
14-11-2011 0:00;
14-11-2011 12:00;97.0
14-11-2011 13:00;97.0
14-11-2011 14:00;88.0
14-11-2011 15:00;77.0
14-11-2011 16:00;68.0
14-11-2011 17:00;60.0
14-11-2011 18:00;54.0
14-11-2011 19:00;47.0
14-11-2011 20:00;47.0
14-11-2011 21:00;43.0
14-11-2011 22:00;44.0
14-11-2011 23:00;50.0
15-11-2011 0:00;
15-11-2011 12:00;86.0
15-11-2011 13:00;96.0
15-11-2011 14:00;82.0
15-11-2011 15:00;80.0
15-11-2011 16:00;73.0
15-11-2011 17:00;67.0
15-11-2011 18:00;59.0
15-11-2011 19:00;56.0
15-11-2011 20:00;47.0
15-11-2011 21:00;43.0
15-11-2011 22:00;56.0
15-11-2011 23:00;65.0
16-11-2011 0:00;78.0
16-11-2011 12:00;90.0
16-11-2011 13:00;76.0
16-11-2011 14:00;71.0
16-11-2011 15:00;68.0
16-11-2011 16:00;63.0
16-11-2011 17:00;62.0
16-11-2011 18:00;59.0
16-11-2011 19:00;59.0
16-11-2011 20:00;59.0
16-11-2011 21:00;66.0
16-11-2011 22:00;66.0
16-11-2011 23:00;73.0
17-11-2011 0:00;78.0
17-11-2011 12:00;94.0
17-11-2011 13:00;88.0
17-11-2011 14:00;82.0
17-11-2011 15:00;68.0
17-11-2011 16:00;63.0
17-11-2011 17:00;57.0
17-11-2011 18:00;56.0
17-11-2011 19:00;62.0
17-11-2011 20:00;62.0
17-11-2011 21:00;63.0
17-11-2011 22:00;68.0
17-11-2011 23:00;73.0
18-11-2011 0:00;81.0
18-11-2011 12:00;81.0
18-11-2011 13:00;83.0
18-11-2011 14:00;77.0
18-11-2011 15:00;72.0
18-11-2011 16:00;72.0
18-11-2011 17:00;87.0
18-11-2011 18:00;82.0
18-11-2011 19:00;77.0
18-11-2011 20:00;74.0
18-11-2011 21:00;72.0
18-11-2011 22:00;74.0
18-11-2011 23:00;78.0
19-11-2011 0:00;86.0
19-11-2011 12:00;95.0
19-11-2011 13:00;79.0
19-11-2011 14:00;66.0
19-11-2011 15:00;65.0
19-11-2011 16:00;53.0
19-11-2011 17:00;42.0
19-11-2011 18:00;40.0
19-11-2011 19:00;37.0
19-11-2011 20:00;37.0
19-11-2011 21:00;37.0
19-11-2011 22:00;52.0
19-11-2011 23:00;62.0
20-11-2011 0:00;80.0
20-11-2011 12:00;88.0
20-11-2011 13:00;89.0
20-11-2011 14:00;81.0
20-11-2011 15:00;71.0
20-11-2011 16:00;58.0
20-11-2011 17:00;54.0
20-11-2011 18:00;51.0
20-11-2011 19:00;48.0
20-11-2011 20:00;54.0
20-11-2011 21:00;53.0
20-11-2011 22:00;51.0
20-11-2011 23:00;57.0
21-11-2011 0:00;65.0
21-11-2011 12:00;83.0
21-11-2011 13:00;71.0
21-11-2011 14:00;63.0
21-11-2011 15:00;47.0
21-11-2011 16:00;48.0
21-11-2011 17:00;44.0
21-11-2011 18:00;37.0
21-11-2011 19:00;38.0
21-11-2011 20:00;30.0
21-11-2011 21:00;32.0
21-11-2011 22:00;32.0
21-11-2011 23:00;33.0
22-11-2011 0:00;42.0
22-11-2011 12:00;92.0
22-11-2011 13:00;77.0
22-11-2011 14:00;62.0
22-11-2011 15:00;54.0
22-11-2011 16:00;46.0
22-11-2011 17:00;35.0
22-11-2011 18:00;37.0
22-11-2011 19:00;31.0
22-11-2011 20:00;28.0
22-11-2011 21:00;28.0
22-11-2011 22:00;43.0
22-11-2011 23:00;52.0
23-11-2011 0:00;62.0
23-11-2011 12:00;76.0
23-11-2011 13:00;73.0
23-11-2011 14:00;67.0
23-11-2011 15:00;59.0
23-11-2011 16:00;55.0
23-11-2011 17:00;58.0
23-11-2011 18:00;84.0
23-11-2011 19:00;84.0
23-11-2011 20:00;77.0
23-11-2011 21:00;76.0
24-11-2011 0:00;
24-11-2011 12:00;86.0
24-11-2011 13:00;72.0
24-11-2011 14:00;58.0
24-11-2011 15:00;57.0
24-11-2011 16:00;52.0
24-11-2011 17:00;46.0
24-11-2011 18:00;44.0
24-11-2011 19:00;39.0
24-11-2011 20:00;37.0
24-11-2011 21:00;39.0
25-11-2011 0:00;
25-11-2011 12:00;83.0
25-11-2011 13:00;67.0
25-11-2011 14:00;62.0
25-11-2011 15:00;56.0
25-11-2011 16:00;52.0
25-11-2011 17:00;45.0
25-11-2011 18:00;42.0
25-11-2011 19:00;36.0
25-11-2011 20:00;35.0
25-11-2011 21:00;35.0
26-11-2011 0:00;
26-11-2011 12:00;97.0
26-11-2011 13:00;96.0
26-11-2011 14:00;91.0
26-11-2011 15:00;66.0
26-11-2011 16:00;55.0
26-11-2011 17:00;45.0
26-11-2011 18:00;42.0
26-11-2011 19:00;37.0
26-11-2011 20:00;29.0
26-11-2011 21:00;26.0
27-11-2011 0:00;
27-11-2011 12:00;92.0
27-11-2011 13:00;77.0
27-11-2011 14:00;68.0
27-11-2011 15:00;61.0
27-11-2011 16:00;54.0
27-11-2011 17:00;62.0
27-11-2011 18:00;45.0
27-11-2011 19:00;45.0
27-11-2011 20:00;42.0
27-11-2011 21:00;43.0
28-11-2011 0:00;
28-11-2011 12:00;78.0
28-11-2011 13:00;61.0
28-11-2011 14:00;53.0
28-11-2011 15:00;48.0
28-11-2011 16:00;40.0
28-11-2011 17:00;34.0
28-11-2011 18:00;34.0
28-11-2011 19:00;33.0
28-11-2011 20:00;31.0
28-11-2011 21:00;31.0
29-11-2011 0:00;
29-11-2011 12:00;69.0
29-11-2011 13:00;63.0
29-11-2011 14:00;54.0
29-11-2011 15:00;48.0
29-11-2011 16:00;44.0
29-11-2011 17:00;36.0
29-11-2011 18:00;34.0
29-11-2011 19:00;32.0
29-11-2011 20:00;25.0
29-11-2011 21:00;27.0
30-11-2011 0:00;
30-11-2011 12:00;82.0
30-11-2011 13:00;70.0
30-11-2011 14:00;62.0
30-11-2011 15:00;52.0
30-11-2011 16:00;44.0
30-11-2011 17:00;40.0
30-11-2011 18:00;34.0
30-11-2011 19:00;27.0
30-11-2011 20:00;29.0
30-11-2011 21:00;24.0
01-12-2011 0:00;48.0
01-12-2011 12:00;72.0
01-12-2011 13:00;58.0
01-12-2011 14:00;56.0
01-12-2011 15:00;47.0
01-12-2011 16:00;43.0
01-12-2011 17:00;42.0
01-12-2011 18:00;36.0
01-12-2011 19:00;36.0
01-12-2011 20:00;48.0
01-12-2011 21:00;44.0
02-12-2011 0:00;73.0
02-12-2011 12:00;92.0
02-12-2011 13:00;92.0
02-12-2011 14:00;83.0
02-12-2011 15:00;73.0
02-12-2011 16:00;63.0
02-12-2011 17:00;67.0
02-12-2011 18:00;60.0
02-12-2011 19:00;56.0
02-12-2011 20:00;48.0
02-12-2011 21:00;44.0
03-12-2011 0:00;71.0
03-12-2011 12:00;80.0
03-12-2011 13:00;67.0
03-12-2011 14:00;60.0
03-12-2011 15:00;55.0
03-12-2011 16:00;52.0
03-12-2011 17:00;44.0
03-12-2011 18:00;42.0
03-12-2011 19:00;41.0
03-12-2011 20:00;48.0
03-12-2011 21:00;52.0
04-12-2011 0:00;
04-12-2011 12:00;88.0
04-12-2011 13:00;62.0
04-12-2011 14:00;53.0
04-12-2011 15:00;44.0
04-12-2011 16:00;41.0
04-12-2011 17:00;38.0
04-12-2011 18:00;37.0
04-12-2011 19:00;32.0
04-12-2011 20:00;28.0
04-12-2011 21:00;31.0
05-12-2011 0:00;
05-12-2011 12:00;86.0
05-12-2011 13:00;79.0
05-12-2011 14:00;67.0
05-12-2011 15:00;59.0
05-12-2011 16:00;47.0
05-12-2011 17:00;40.0
05-12-2011 18:00;32.0
05-12-2011 19:00;28.0
05-12-2011 20:00;26.0
05-12-2011 21:00;28.0
06-12-2011 0:00;
06-12-2011 12:00;92.0
06-12-2011 13:00;79.0
06-12-2011 14:00;67.0
06-12-2011 15:00;62.0
06-12-2011 16:00;57.0
06-12-2011 17:00;48.0
06-12-2011 18:00;43.0
06-12-2011 19:00;38.0
06-12-2011 20:00;36.0
06-12-2011 21:00;39.0
07-12-2011 0:00;
07-12-2011 12:00;85.0
07-12-2011 13:00;75.0
07-12-2011 14:00;70.0
07-12-2011 15:00;63.0
07-12-2011 16:00;55.0
07-12-2011 17:00;45.0
07-12-2011 18:00;39.0
07-12-2011 19:00;34.0
07-12-2011 20:00;33.0
07-12-2011 21:00;33.0
08-12-2011 0:00;54.0
08-12-2011 12:00;87.0
08-12-2011 13:00;75.0
08-12-2011 14:00;64.0
08-12-2011 15:00;56.0
08-12-2011 16:00;51.0
08-12-2011 17:00;44.0
08-12-2011 18:00;37.0
08-12-2011 19:00;37.0
08-12-2011 20:00;32.0
08-12-2011 21:00;31.0
09-12-2011 0:00;
09-12-2011 12:00;80.0
09-12-2011 13:00;74.0
09-12-2011 14:00;65.0
09-12-2011 15:00;60.0
09-12-2011 16:00;52.0
09-12-2011 17:00;42.0
09-12-2011 18:00;37.0
09-12-2011 19:00;31.0
09-12-2011 20:00;28.0
09-12-2011 21:00;25.0
10-12-2011 0:00;
10-12-2011 12:00;86.0
10-12-2011 13:00;81.0
10-12-2011 14:00;63.0
10-12-2011 15:00;56.0
10-12-2011 16:00;52.0
10-12-2011 17:00;42.0
10-12-2011 18:00;42.0
10-12-2011 19:00;37.0
10-12-2011 20:00;42.0
10-12-2011 21:00;42.0
11-12-2011 0:00;
11-12-2011 12:00;73.0
11-12-2011 13:00;60.0
11-12-2011 14:00;52.0
11-12-2011 15:00;45.0
11-12-2011 16:00;37.0
11-12-2011 17:00;37.0
11-12-2011 18:00;37.0
11-12-2011 19:00;37.0
11-12-2011 20:00;36.0
11-12-2011 21:00;36.0
12-12-2011 0:00;
12-12-2011 12:00;84.0
12-12-2011 13:00;74.0
12-12-2011 14:00;65.0
12-12-2011 15:00;56.0
12-12-2011 16:00;49.0
12-12-2011 17:00;42.0
12-12-2011 18:00;38.0
12-12-2011 19:00;33.0
12-12-2011 20:00;32.0
12-12-2011 21:00;30.0
13-12-2011 0:00;
13-12-2011 12:00;83.0
13-12-2011 13:00;70.0
13-12-2011 14:00;55.0
13-12-2011 15:00;48.0
13-12-2011 16:00;43.0
13-12-2011 17:00;37.0
13-12-2011 18:00;32.0
13-12-2011 19:00;30.0
13-12-2011 20:00;27.0
13-12-2011 21:00;29.0
14-12-2011 0:00;
14-12-2011 12:00;83.0
14-12-2011 13:00;73.0
14-12-2011 14:00;69.0
14-12-2011 15:00;64.0
14-12-2011 16:00;58.0
14-12-2011 17:00;50.0
14-12-2011 18:00;42.0
14-12-2011 19:00;39.0
14-12-2011 20:00;37.0
14-12-2011 21:00;40.0
15-12-2011 0:00;
15-12-2011 12:00;88.0
15-12-2011 13:00;83.0
15-12-2011 14:00;75.0
15-12-2011 15:00;68.0
15-12-2011 16:00;63.0
15-12-2011 17:00;58.0
15-12-2011 18:00;56.0
15-12-2011 19:00;50.0
15-12-2011 20:00;50.0
15-12-2011 21:00;48.0
16-12-2011 0:00;
16-12-2011 12:00;94.0
16-12-2011 13:00;78.0
16-12-2011 14:00;82.0
16-12-2011 15:00;72.0
16-12-2011 16:00;69.0
16-12-2011 17:00;60.0
16-12-2011 18:00;59.0
16-12-2011 19:00;59.0
16-12-2011 20:00;59.0
16-12-2011 21:00;57.0
17-12-2011 0:00;
17-12-2011 12:00;85.0
17-12-2011 13:00;72.0
17-12-2011 14:00;65.0
17-12-2011 15:00;62.0
17-12-2011 16:00;54.0
17-12-2011 17:00;43.0
17-12-2011 18:00;37.0
17-12-2011 19:00;31.0
17-12-2011 20:00;29.0
17-12-2011 21:00;27.0
18-12-2011 0:00;63.0
18-12-2011 12:00;82.0
18-12-2011 13:00;70.0
18-12-2011 14:00;61.0
18-12-2011 15:00;54.0
18-12-2011 16:00;48.0
18-12-2011 17:00;44.0
18-12-2011 18:00;41.0
18-12-2011 19:00;37.0
18-12-2011 20:00;37.0
18-12-2011 21:00;37.0
19-12-2011 0:00;61.0
19-12-2011 12:00;76.0
19-12-2011 13:00;56.0
19-12-2011 14:00;53.0
19-12-2011 15:00;49.0
19-12-2011 16:00;47.0
19-12-2011 17:00;37.0
19-12-2011 18:00;34.0
19-12-2011 19:00;31.0
19-12-2011 20:00;34.0
19-12-2011 21:00;42.0
20-12-2011 0:00;52.0
20-12-2011 12:00;87.0
20-12-2011 13:00;63.0
20-12-2011 14:00;47.0
20-12-2011 15:00;54.0
20-12-2011 16:00;42.0
20-12-2011 17:00;36.0
20-12-2011 18:00;37.0
20-12-2011 19:00;37.0
20-12-2011 20:00;39.0
20-12-2011 21:00;40.0
21-12-2011 0:00;51.0
21-12-2011 12:00;70.0
21-12-2011 13:00;53.0
21-12-2011 14:00;49.0
21-12-2011 15:00;44.0
21-12-2011 16:00;40.0
21-12-2011 17:00;40.0
21-12-2011 18:00;34.0
21-12-2011 19:00;33.0
21-12-2011 20:00;31.0
21-12-2011 21:00;32.0
22-12-2011 0:00;38.0
22-12-2011 12:00;60.0
22-12-2011 13:00;52.0
22-12-2011 14:00;48.0
22-12-2011 15:00;41.0
22-12-2011 16:00;38.0
22-12-2011 17:00;38.0
22-12-2011 18:00;36.0
22-12-2011 19:00;36.0
22-12-2011 20:00;33.0
22-12-2011 21:00;35.0
23-12-2011 0:00;47.0
23-12-2011 12:00;78.0
23-12-2011 13:00;67.0
23-12-2011 14:00;57.0
23-12-2011 15:00;50.0
23-12-2011 16:00;43.0
23-12-2011 17:00;36.0
23-12-2011 18:00;37.0
23-12-2011 19:00;33.0
23-12-2011 20:00;31.0
23-12-2011 21:00;31.0
23-12-2011 22:00;30.0
23-12-2011 23:00;32.0
24-12-2011 0:00;34.0
24-12-2011 12:00;71.0
24-12-2011 13:00;57.0
24-12-2011 14:00;47.0
24-12-2011 15:00;35.0
24-12-2011 16:00;27.0
24-12-2011 17:00;24.0
24-12-2011 18:00;22.0
24-12-2011 19:00;30.0
24-12-2011 20:00;30.0
24-12-2011 21:00;17.0
24-12-2011 22:00;18.0
24-12-2011 23:00;19.0
25-12-2011 0:00;22.0
25-12-2011 12:00;67.0
25-12-2011 13:00;58.0
25-12-2011 14:00;52.0
25-12-2011 15:00;42.0
25-12-2011 16:00;35.0
25-12-2011 17:00;32.0
25-12-2011 18:00;28.0
25-12-2011 19:00;23.0
25-12-2011 20:00;23.0
25-12-2011 21:00;23.0
25-12-2011 22:00;25.0
25-12-2011 23:00;25.0
26-12-2011 0:00;33.0
26-12-2011 12:00;73.0
26-12-2011 13:00;66.0
26-12-2011 14:00;51.0
26-12-2011 15:00;44.0
26-12-2011 16:00;40.0
26-12-2011 17:00;35.0
26-12-2011 18:00;32.0
26-12-2011 19:00;29.0
26-12-2011 20:00;25.0
26-12-2011 21:00;25.0
26-12-2011 22:00;25.0
26-12-2011 23:00;26.0
27-12-2011 0:00;30.0
27-12-2011 12:00;88.0
27-12-2011 13:00;73.0
27-12-2011 14:00;62.0
27-12-2011 15:00;57.0
27-12-2011 16:00;48.0
27-12-2011 17:00;43.0
27-12-2011 18:00;32.0
27-12-2011 19:00;33.0
27-12-2011 20:00;24.0
27-12-2011 21:00;28.0
27-12-2011 22:00;31.0
27-12-2011 23:00;33.0
28-12-2011 0:00;42.0
28-12-2011 12:00;84.0
28-12-2011 13:00;72.0
28-12-2011 14:00;66.0
28-12-2011 15:00;62.0
28-12-2011 16:00;56.0
28-12-2011 17:00;53.0
28-12-2011 18:00;43.0
28-12-2011 19:00;36.0
28-12-2011 20:00;34.0
28-12-2011 21:00;37.0
28-12-2011 22:00;45.0
28-12-2011 23:00;43.0
29-12-2011 0:00;48.0
29-12-2011 12:00;68.0
29-12-2011 13:00;63.0
29-12-2011 14:00;57.0
29-12-2011 15:00;49.0
29-12-2011 16:00;37.0
29-12-2011 17:00;29.0
29-12-2011 18:00;25.0
29-12-2011 19:00;21.0
29-12-2011 20:00;23.0
29-12-2011 21:00;22.0
29-12-2011 22:00;23.0
29-12-2011 23:00;25.0
30-12-2011 0:00;29.0
30-12-2011 12:00;77.0
30-12-2011 13:00;71.0
30-12-2011 14:00;64.0
30-12-2011 15:00;55.0
30-12-2011 16:00;47.0
30-12-2011 17:00;41.0
30-12-2011 18:00;37.0
30-12-2011 19:00;33.0
30-12-2011 20:00;29.0
30-12-2011 21:00;28.0
30-12-2011 22:00;28.0
30-12-2011 23:00;30.0
31-12-2011 0:00;36.0
31-12-2011 12:00;82.0
31-12-2011 13:00;72.0
31-12-2011 14:00;62.0
31-12-2011 15:00;56.0
31-12-2011 16:00;50.0
31-12-2011 17:00;48.0
31-12-2011 18:00;46.0
31-12-2011 19:00;37.0
31-12-2011 20:00;44.0
31-12-2011 21:00;46.0
31-12-2011 22:00;45.0
31-12-2011 23:00;46.0
