momento;Ts_Valor
01-01-2011 12:00;9.2
01-01-2011 13:00;15.0
01-01-2011 14:00;15.6
01-01-2011 15:00;17.8
01-01-2011 16:00;21.2
01-01-2011 17:00;23.8
01-01-2011 18:00;26.4
01-01-2011 19:00;27.6
01-01-2011 20:00;28.8
01-01-2011 21:00;26.6
02-01-2011 12:00;15.2
02-01-2011 13:00;15.8
02-01-2011 14:00;17.0
02-01-2011 15:00;18.0
02-01-2011 16:00;19.4
02-01-2011 17:00;21.2
02-01-2011 18:00;23.6
02-01-2011 19:00;25.0
02-01-2011 20:00;24.4
02-01-2011 21:00;22.0
03-01-2011 12:00;17.4
03-01-2011 13:00;19.0
03-01-2011 14:00;20.6
03-01-2011 15:00;22.0
03-01-2011 16:00;23.0
03-01-2011 17:00;24.2
03-01-2011 18:00;25.8
03-01-2011 19:00;25.0
03-01-2011 20:00;23.8
03-01-2011 21:00;24.4
04-01-2011 12:00;14.2
04-01-2011 13:00;15.2
04-01-2011 14:00;17.6
04-01-2011 15:00;18.6
04-01-2011 16:00;20.2
04-01-2011 17:00;22.0
04-01-2011 18:00;22.6
04-01-2011 19:00;22.2
04-01-2011 20:00;22.4
04-01-2011 21:00;22.4
05-01-2011 12:00;13.6
05-01-2011 13:00;15.4
05-01-2011 14:00;18.4
05-01-2011 15:00;20.4
05-01-2011 16:00;22.4
05-01-2011 18:00;25.6
05-01-2011 18:01;24.4
05-01-2011 19:00;27.2
05-01-2011 20:00;27.6
05-01-2011 21:00;27.8
06-01-2011 12:00;15.6
06-01-2011 13:00;18.4
06-01-2011 14:00;21.0
06-01-2011 15:00;23.4
06-01-2011 16:00;26.2
06-01-2011 17:00;28.0
06-01-2011 18:00;29.6
06-01-2011 19:00;30.8
06-01-2011 20:00;31.4
06-01-2011 21:00;31.8
07-01-2011 12:00;16.2
07-01-2011 13:00;16.6
07-01-2011 14:00;17.0
07-01-2011 15:00;17.8
07-01-2011 16:00;18.6
07-01-2011 17:00;20.0
07-01-2011 18:00;20.2
07-01-2011 19:00;20.8
07-01-2011 20:00;21.6
07-01-2011 21:00;21.8
08-01-2011 12:00;13.6
08-01-2011 13:00;16.4
08-01-2011 14:00;19.0
08-01-2011 15:00;21.4
08-01-2011 16:00;24.2
08-01-2011 17:00;25.2
08-01-2011 18:00;27.2
08-01-2011 19:00;28.2
08-01-2011 20:00;28.8
08-01-2011 21:00;28.8
09-01-2011 12:00;13.8
09-01-2011 13:00;16.8
09-01-2011 14:00;19.4
09-01-2011 15:00;22.6
09-01-2011 16:00;25.4
09-01-2011 17:00;27.6
09-01-2011 18:00;29.8
09-01-2011 19:00;31.6
09-01-2011 20:00;32.6
09-01-2011 21:00;32.2
10-01-2011 12:00;13.6
10-01-2011 13:00;15.8
10-01-2011 14:00;18.0
10-01-2011 15:00;20.6
10-01-2011 16:00;23.2
10-01-2011 17:00;24.8
10-01-2011 18:00;26.6
10-01-2011 19:00;28.4
10-01-2011 20:00;29.2
10-01-2011 21:00;29.2
11-01-2011 12:00;12.6
11-01-2011 13:00;15.2
11-01-2011 14:00;18.0
11-01-2011 15:00;20.4
11-01-2011 16:00;23.4
11-01-2011 17:00;25.6
11-01-2011 18:00;27.4
11-01-2011 19:00;28.4
11-01-2011 20:00;29.4
11-01-2011 21:00;29.8
12-01-2011 12:00;15.6
12-01-2011 13:00;17.8
12-01-2011 14:00;20.0
12-01-2011 15:00;23.0
12-01-2011 17:00;26.6
12-01-2011 18:00;27.8
12-01-2011 19:00;29.2
12-01-2011 20:00;30.0
12-01-2011 21:00;30.2
13-01-2011 12:00;15.8
13-01-2011 13:00;18.2
13-01-2011 14:00;20.0
13-01-2011 15:00;21.4
13-01-2011 16:00;23.2
13-01-2011 17:00;24.6
13-01-2011 18:00;25.0
13-01-2011 19:00;25.8
13-01-2011 20:00;25.4
14-01-2011 12:00;14.6
14-01-2011 13:00;17.0
14-01-2011 14:00;19.2
14-01-2011 15:00;21.0
14-01-2011 16:00;23.0
14-01-2011 17:00;24.2
14-01-2011 18:00;27.0
14-01-2011 19:00;28.0
14-01-2011 20:00;28.8
15-01-2011 0:00;21.6
15-01-2011 12:00;8.2
15-01-2011 18:00;22.3
16-01-2011 0:00;21.4
16-01-2011 12:00;12.2
16-01-2011 18:00;19.5
17-01-2011 0:00;18.8
17-01-2011 12:00;10.6
17-01-2011 13:00;14.8
17-01-2011 14:00;17.0
17-01-2011 15:00;19.0
17-01-2011 16:00;20.2
17-01-2011 17:00;22.0
17-01-2011 18:00;23.0
17-01-2011 19:00;24.0
17-01-2011 20:00;24.6
18-01-2011 12:00;12.6
18-01-2011 13:00;15.4
18-01-2011 14:00;17.8
18-01-2011 15:00;20.6
18-01-2011 16:00;22.2
18-01-2011 17:00;24.0
18-01-2011 18:00;25.4
18-01-2011 19:00;25.8
18-01-2011 20:00;26.0
19-01-2011 12:00;15.4
19-01-2011 13:00;16.4
19-01-2011 14:00;18.2
19-01-2011 15:00;19.6
19-01-2011 16:00;21.0
19-01-2011 17:00;22.0
19-01-2011 18:00;23.0
19-01-2011 19:00;23.6
19-01-2011 20:00;24.0
20-01-2011 12:00;12.4
20-01-2011 13:00;15.0
20-01-2011 14:00;17.6
20-01-2011 15:00;20.0
20-01-2011 16:00;22.2
20-01-2011 17:00;24.0
20-01-2011 18:00;25.0
20-01-2011 19:00;26.0
20-01-2011 20:00;26.6
21-01-2011 12:00;13.0
21-01-2011 13:00;16.0
21-01-2011 14:00;19.0
21-01-2011 15:00;22.0
21-01-2011 16:00;24.0
21-01-2011 17:00;26.6
21-01-2011 18:00;27.2
21-01-2011 19:00;28.4
21-01-2011 20:00;29.0
24-01-2011 12:00;18.0
24-01-2011 13:00;18.4
24-01-2011 14:00;20.2
24-01-2011 15:00;21.6
24-01-2011 16:00;23.0
24-01-2011 17:00;26.2
24-01-2011 18:00;27.4
24-01-2011 19:00;28.6
24-01-2011 20:00;29.6
25-01-2011 12:00;18.6
25-01-2011 13:00;20.2
25-01-2011 14:00;22.0
25-01-2011 15:00;23.4
25-01-2011 16:00;25.0
25-01-2011 17:00;26.0
25-01-2011 18:00;27.6
25-01-2011 19:00;29.0
25-01-2011 20:00;29.4
26-01-2011 12:00;16.2
26-01-2011 13:00;18.6
26-01-2011 14:00;21.0
26-01-2011 15:00;23.4
26-01-2011 16:00;26.0
26-01-2011 17:00;28.2
26-01-2011 18:00;29.2
26-01-2011 19:00;30.6
26-01-2011 20:00;31.2
27-01-2011 12:00;17.0
27-01-2011 13:00;18.6
27-01-2011 14:00;20.0
27-01-2011 15:00;22.0
27-01-2011 16:00;23.6
27-01-2011 17:00;25.0
27-01-2011 18:00;26.2
27-01-2011 19:00;26.8
27-01-2011 20:00;27.0
28-01-2011 12:00;12.6
28-01-2011 13:00;15.6
28-01-2011 14:00;19.0
28-01-2011 15:00;21.8
28-01-2011 16:00;24.0
28-01-2011 17:00;26.0
28-01-2011 18:00;27.4
28-01-2011 19:00;29.0
28-01-2011 20:00;30.0
31-01-2011 12:00;15.0
31-01-2011 13:00;15.4
31-01-2011 14:00;18.8
31-01-2011 15:00;20.6
31-01-2011 16:00;22.2
31-01-2011 17:00;23.2
31-01-2011 18:00;24.0
31-01-2011 19:00;24.6
31-01-2011 20:00;25.0
01-02-2011 12:00;10.6
01-02-2011 13:00;13.6
01-02-2011 14:00;17.4
01-02-2011 15:00;20.0
01-02-2011 16:00;23.0
01-02-2011 17:00;25.4
01-02-2011 18:00;27.6
01-02-2011 19:00;28.6
01-02-2011 20:00;29.6
02-02-2011 12:00;11.6
02-02-2011 13:00;16.6
02-02-2011 14:00;19.0
02-02-2011 15:00;22.0
02-02-2011 16:00;23.2
02-02-2011 17:00;23.8
02-02-2011 18:00;25.6
02-02-2011 19:00;26.2
02-02-2011 20:00;26.0
03-02-2011 12:00;12.6
03-02-2011 13:00;15.2
03-02-2011 14:00;17.2
03-02-2011 15:00;19.4
03-02-2011 16:00;21.2
03-02-2011 17:00;22.6
03-02-2011 18:00;23.8
03-02-2011 19:00;24.6
03-02-2011 20:00;24.6
03-02-2011 21:00;24.4
04-02-2011 12:00;13.4
04-02-2011 13:00;16.2
04-02-2011 14:00;18.4
04-02-2011 15:00;21.0
04-02-2011 16:00;24.2
04-02-2011 17:00;26.2
04-02-2011 18:00;27.8
04-02-2011 19:00;28.4
04-02-2011 20:00;29.0
04-02-2011 21:00;28.8
05-02-2011 12:00;12.8
05-02-2011 13:00;15.2
05-02-2011 14:00;18.2
05-02-2011 15:00;20.4
05-02-2011 16:00;22.8
05-02-2011 17:00;25.4
05-02-2011 18:00;27.6
05-02-2011 19:00;29.0
05-02-2011 20:00;31.0
05-02-2011 21:00;31.0
06-02-2011 12:00;12.2
06-02-2011 13:00;15.6
06-02-2011 14:00;17.8
06-02-2011 15:00;20.2
06-02-2011 16:00;22.6
06-02-2011 17:00;24.8
06-02-2011 18:00;27.2
06-02-2011 19:00;27.4
06-02-2011 20:00;27.2
06-02-2011 21:00;28.8
07-02-2011 12:00;12.2
07-02-2011 13:00;16.6
07-02-2011 14:00;19.2
07-02-2011 15:00;21.2
07-02-2011 16:00;23.8
07-02-2011 17:00;26.0
07-02-2011 18:00;28.4
07-02-2011 19:00;30.2
07-02-2011 20:00;31.2
07-02-2011 21:00;31.4
08-02-2011 12:00;15.6
08-02-2011 13:00;19.2
08-02-2011 14:00;21.6
08-02-2011 15:00;23.6
08-02-2011 16:00;26.2
08-02-2011 17:00;28.8
08-02-2011 18:00;30.0
08-02-2011 19:00;31.2
08-02-2011 20:00;31.8
08-02-2011 21:00;30.4
09-02-2011 12:00;13.8
09-02-2011 13:00;16.2
09-02-2011 14:00;18.6
09-02-2011 15:00;22.0
09-02-2011 16:00;24.6
09-02-2011 17:00;26.6
09-02-2011 18:00;28.0
09-02-2011 19:00;29.6
09-02-2011 20:00;30.6
09-02-2011 21:00;30.0
10-02-2011 12:00;13.0
10-02-2011 13:00;15.6
10-02-2011 14:00;19.0
10-02-2011 15:00;21.4
10-02-2011 16:00;23.8
10-02-2011 17:00;25.4
10-02-2011 18:00;27.0
10-02-2011 19:00;22.8
10-02-2011 20:00;27.8
10-02-2011 21:00;28.2
11-02-2011 12:00;12.8
11-02-2011 13:00;15.6
11-02-2011 14:00;18.0
11-02-2011 15:00;19.0
11-02-2011 16:00;20.4
11-02-2011 17:00;20.8
11-02-2011 18:00;21.6
11-02-2011 19:00;24.8
11-02-2011 20:00;24.0
11-02-2011 21:00;25.0
12-02-2011 12:00;17.0
12-02-2011 13:00;17.6
12-02-2011 14:00;18.0
12-02-2011 15:00;17.0
12-02-2011 16:00;17.0
12-02-2011 17:00;17.4
12-02-2011 18:00;18.0
12-02-2011 19:00;19.0
12-02-2011 20:00;19.2
12-02-2011 21:00;19.0
13-02-2011 12:00;15.0
13-02-2011 13:00;17.4
13-02-2011 14:00;19.4
13-02-2011 15:00;19.0
13-02-2011 16:00;21.0
13-02-2011 17:00;23.0
13-02-2011 18:00;24.4
13-02-2011 19:00;25.4
13-02-2011 20:00;25.8
13-02-2011 21:00;26.0
14-02-2011 12:00;12.4
14-02-2011 13:00;15.6
14-02-2011 14:00;18.2
14-02-2011 15:00;21.6
14-02-2011 16:00;24.8
14-02-2011 17:00;28.0
14-02-2011 18:00;29.4
14-02-2011 19:00;31.4
14-02-2011 20:00;33.0
14-02-2011 21:00;33.2
15-02-2011 12:00;14.8
15-02-2011 13:00;17.8
15-02-2011 14:00;20.6
15-02-2011 15:00;22.4
15-02-2011 16:00;25.0
15-02-2011 17:00;26.2
15-02-2011 18:00;28.6
15-02-2011 19:00;29.2
15-02-2011 20:00;30.6
15-02-2011 21:00;29.2
16-02-2011 12:00;11.8
16-02-2011 13:00;14.0
16-02-2011 14:00;15.4
16-02-2011 15:00;15.2
16-02-2011 16:00;16.0
16-02-2011 17:00;16.4
16-02-2011 18:00;17.4
16-02-2011 19:00;20.4
16-02-2011 20:00;20.8
16-02-2011 21:00;21.0
17-02-2011 12:00;9.2
17-02-2011 13:00;15.8
17-02-2011 14:00;19.4
17-02-2011 15:00;21.4
17-02-2011 16:00;23.4
17-02-2011 17:00;25.0
17-02-2011 18:00;26.4
17-02-2011 19:00;27.2
17-02-2011 20:00;27.6
17-02-2011 21:00;27.4
18-02-2011 12:00;12.0
18-02-2011 13:00;14.4
18-02-2011 14:00;18.2
18-02-2011 15:00;21.0
18-02-2011 16:00;24.2
18-02-2011 17:00;26.6
18-02-2011 18:00;29.2
18-02-2011 19:00;32.0
18-02-2011 20:00;33.2
18-02-2011 21:00;34.4
19-02-2011 12:00;16.6
19-02-2011 13:00;18.6
19-02-2011 14:00;20.8
19-02-2011 15:00;22.6
19-02-2011 16:00;25.2
19-02-2011 17:00;26.2
19-02-2011 18:00;28.0
19-02-2011 19:00;28.6
19-02-2011 20:00;29.4
19-02-2011 21:00;30.0
20-02-2011 12:00;13.2
20-02-2011 13:00;17.0
20-02-2011 14:00;19.0
20-02-2011 15:00;21.2
20-02-2011 16:00;22.4
20-02-2011 17:00;24.8
20-02-2011 18:00;25.6
20-02-2011 19:00;27.2
20-02-2011 20:00;27.0
20-02-2011 21:00;27.6
21-02-2011 12:00;12.6
21-02-2011 13:00;16.2
21-02-2011 14:00;18.0
21-02-2011 15:00;20.0
21-02-2011 16:00;21.8
21-02-2011 17:00;23.8
21-02-2011 18:00;25.4
21-02-2011 19:00;26.4
21-02-2011 20:00;27.8
21-02-2011 21:00;27.0
22-02-2011 12:00;15.0
22-02-2011 13:00;15.4
22-02-2011 14:00;16.4
22-02-2011 15:00;17.6
22-02-2011 16:00;19.8
22-02-2011 17:00;22.6
22-02-2011 18:00;23.6
22-02-2011 19:00;25.6
22-02-2011 20:00;26.6
22-02-2011 21:00;26.4
23-02-2011 12:00;13.2
23-02-2011 13:00;14.4
23-02-2011 14:00;16.8
23-02-2011 15:00;19.0
23-02-2011 16:00;22.4
23-02-2011 17:00;22.2
23-02-2011 18:00;21.8
23-02-2011 19:00;19.4
23-02-2011 20:00;20.8
23-02-2011 21:00;23.0
24-02-2011 12:00;12.0
24-02-2011 13:00;15.2
24-02-2011 14:00;17.8
24-02-2011 15:00;20.0
24-02-2011 16:00;22.0
24-02-2011 17:00;24.0
24-02-2011 18:00;26.8
24-02-2011 19:00;28.0
24-02-2011 20:00;28.4
24-02-2011 21:00;28.8
25-02-2011 12:00;11.6
25-02-2011 13:00;16.0
25-02-2011 14:00;18.0
25-02-2011 15:00;20.0
25-02-2011 16:00;22.8
25-02-2011 17:00;25.0
25-02-2011 18:00;27.2
25-02-2011 19:00;29.0
25-02-2011 20:00;30.0
25-02-2011 21:00;31.0
26-02-2011 12:00;10.8
26-02-2011 13:00;14.6
26-02-2011 14:00;18.2
26-02-2011 15:00;22.0
26-02-2011 16:00;25.4
26-02-2011 17:00;27.8
26-02-2011 18:00;29.2
26-02-2011 19:00;30.8
26-02-2011 20:00;31.6
26-02-2011 21:00;32.2
27-02-2011 12:00;12.4
27-02-2011 13:00;14.8
27-02-2011 14:00;18.2
27-02-2011 15:00;21.2
27-02-2011 16:00;24.4
27-02-2011 17:00;27.0
27-02-2011 18:00;29.8
27-02-2011 19:00;31.4
27-02-2011 20:00;32.4
27-02-2011 21:00;32.8
28-02-2011 12:00;11.6
28-02-2011 13:00;15.8
28-02-2011 14:00;19.0
28-02-2011 15:00;22.0
28-02-2011 16:00;25.0
28-02-2011 17:00;27.0
28-02-2011 18:00;29.8
28-02-2011 19:00;31.2
28-02-2011 20:00;32.0
28-02-2011 21:00;32.4
10-05-2011 12:00;3.0
01-06-2011 0:00;4.0
01-06-2011 12:00;1.6
01-06-2011 13:00;4.0
01-06-2011 14:00;6.4
01-06-2011 14:05;6.4
01-06-2011 15:00;6.0
01-06-2011 15:25;6.4
01-06-2011 16:00;6.8
01-06-2011 17:00;7.6
01-06-2011 18:00;8.6
01-06-2011 19:00;9.2
01-06-2011 20:00;10.0
01-06-2011 21:00;9.8
01-06-2011 22:00;8.6
02-06-2011 0:00;6.0
02-06-2011 12:00;5.6
02-06-2011 13:00;6.0
02-06-2011 14:00;8.0
02-06-2011 15:00;9.4
02-06-2011 16:00;11.4
02-06-2011 17:00;13.4
02-06-2011 18:00;13.4
02-06-2011 19:00;14.4
02-06-2011 20:00;14.4
02-06-2011 21:00;13.8
02-06-2011 22:00;8.6
03-06-2011 0:00;11.0
03-06-2011 12:00;5.0
03-06-2011 13:00;5.7
03-06-2011 14:00;9.6
03-06-2011 15:00;12.0
03-06-2011 16:00;13.5
03-06-2011 17:00;15.0
03-06-2011 18:00;16.2
03-06-2011 19:00;16.8
03-06-2011 20:00;17.0
03-06-2011 21:00;16.6
03-06-2011 22:00;14.6
04-06-2011 0:00;8.0
04-06-2011 12:00;8.0
04-06-2011 13:00;8.0
04-06-2011 14:00;9.0
04-06-2011 15:00;10.8
04-06-2011 16:00;13.0
04-06-2011 17:00;13.8
04-06-2011 18:00;14.0
04-06-2011 19:00;14.2
04-06-2011 20:00;13.6
04-06-2011 21:00;12.6
04-06-2011 22:00;11.8
05-06-2011 0:00;11.0
05-06-2011 12:00;9.8
05-06-2011 13:00;10.6
05-06-2011 14:00;11.8
05-06-2011 15:00;12.2
05-06-2011 16:00;13.2
05-06-2011 17:00;14.0
05-06-2011 18:00;14.4
05-06-2011 19:00;14.4
05-06-2011 20:00;13.4
05-06-2011 21:00;12.4
05-06-2011 22:00;11.4
06-06-2011 0:00;8.0
06-06-2011 12:00;8.0
06-06-2011 13:00;8.6
06-06-2011 14:00;10.2
06-06-2011 15:00;13.2
06-06-2011 16:00;14.4
06-06-2011 17:00;13.8
06-06-2011 18:00;12.6
06-06-2011 19:00;13.2
06-06-2011 20:00;13.2
06-06-2011 21:00;13.6
06-06-2011 22:00;13.2
07-06-2011 0:00;11.6
07-06-2011 12:00;10.4
07-06-2011 13:00;11.0
07-06-2011 14:00;11.0
07-06-2011 15:00;11.4
07-06-2011 16:00;11.6
07-06-2011 17:00;11.2
07-06-2011 18:00;11.4
07-06-2011 19:00;11.4
07-06-2011 20:00;12.8
07-06-2011 21:00;13.2
07-06-2011 22:00;11.4
08-06-2011 0:00;11.0
08-06-2011 12:00;9.8
08-06-2011 13:00;10.6
08-06-2011 14:00;11.6
08-06-2011 15:00;11.6
08-06-2011 16:00;12.4
08-06-2011 17:00;14.2
08-06-2011 18:00;13.4
08-06-2011 19:00;14.8
08-06-2011 20:00;14.0
08-06-2011 21:00;13.6
08-06-2011 22:00;12.4
09-06-2011 0:00;10.0
09-06-2011 12:00;8.0
09-06-2011 13:00;8.4
09-06-2011 14:00;9.6
09-06-2011 15:00;12.6
09-06-2011 16:00;12.6
09-06-2011 17:00;13.6
09-06-2011 18:00;14.0
09-06-2011 19:00;14.4
09-06-2011 20:00;14.4
09-06-2011 21:00;14.2
09-06-2011 22:00;13.0
10-06-2011 0:00;11.0
10-06-2011 12:00;4.8
10-06-2011 13:00;4.8
10-06-2011 14:00;7.6
10-06-2011 15:00;9.8
10-06-2011 16:00;13.0
10-06-2011 17:00;14.6
10-06-2011 18:00;15.8
10-06-2011 19:00;17.0
10-06-2011 20:00;16.2
10-06-2011 21:00;15.6
10-06-2011 22:00;15.2
11-06-2011 0:00;8.5
11-06-2011 12:00;9.0
11-06-2011 13:00;9.0
11-06-2011 14:00;9.6
11-06-2011 15:00;10.6
11-06-2011 16:00;11.2
11-06-2011 17:00;11.4
11-06-2011 18:00;11.6
11-06-2011 19:00;11.8
11-06-2011 20:00;11.8
11-06-2011 21:00;12.0
11-06-2011 22:00;11.0
12-06-2011 0:00;10.8
12-06-2011 12:00;2.0
12-06-2011 13:00;2.6
12-06-2011 14:00;6.0
12-06-2011 15:00;9.0
12-06-2011 16:00;11.4
12-06-2011 17:00;12.6
12-06-2011 18:00;13.2
12-06-2011 19:00;13.4
12-06-2011 20:00;13.0
12-06-2011 21:00;12.4
12-06-2011 22:00;9.4
13-06-2011 0:00;7.0
13-06-2011 12:00;0.0
13-06-2011 13:00;0.6
13-06-2011 14:00;2.4
13-06-2011 15:00;4.6
13-06-2011 16:00;7.2
13-06-2011 17:00;9.2
13-06-2011 18:00;11.4
13-06-2011 19:00;13.2
13-06-2011 20:00;13.4
13-06-2011 21:00;12.4
13-06-2011 22:00;10.4
14-06-2011 0:00;1.0
14-06-2011 12:00;1.0
14-06-2011 13:00;1.0
14-06-2011 14:00;2.6
14-06-2011 15:00;3.6
14-06-2011 16:00;4.6
14-06-2011 17:00;5.0
14-06-2011 18:00;5.2
14-06-2011 19:00;6.0
14-06-2011 20:00;6.2
14-06-2011 21:00;6.2
14-06-2011 22:00;5.4
15-06-2011 0:00;5.4
15-06-2011 12:00;4.6
15-06-2011 13:00;4.8
15-06-2011 14:00;5.4
15-06-2011 15:00;7.2
15-06-2011 16:00;8.8
15-06-2011 17:00;9.4
15-06-2011 18:00;9.0
15-06-2011 19:00;9.0
15-06-2011 20:00;9.0
15-06-2011 21:00;7.8
15-06-2011 22:00;7.8
16-06-2011 0:00;7.6
16-06-2011 12:00;6.4
16-06-2011 13:00;7.6
16-06-2011 14:00;8.4
16-06-2011 15:00;9.0
16-06-2011 16:00;10.0
16-06-2011 17:00;10.4
16-06-2011 18:00;11.6
16-06-2011 19:00;11.6
16-06-2011 20:00;11.8
16-06-2011 21:00;11.2
16-06-2011 22:00;10.0
17-06-2011 0:00;10.0
17-06-2011 12:00;9.4
17-06-2011 13:00;7.8
17-06-2011 14:00;10.0
17-06-2011 15:00;10.0
17-06-2011 16:00;10.6
17-06-2011 17:00;11.4
17-06-2011 18:00;11.8
17-06-2011 19:00;12.0
17-06-2011 20:00;12.2
17-06-2011 21:00;11.8
17-06-2011 22:00;11.0
18-06-2011 0:00;12.0
18-06-2011 12:00;10.8
18-06-2011 15:00;
19-06-2011 0:00;10.0
19-06-2011 12:00;9.0
20-06-2011 0:00;9.5
20-06-2011 12:00;11.0
20-06-2011 13:00;11.6
20-06-2011 14:00;12.2
20-06-2011 15:00;13.6
20-06-2011 16:00;13.6
20-06-2011 17:00;14.2
20-06-2011 18:00;14.6
20-06-2011 19:00;13.8
20-06-2011 20:00;13.8
20-06-2011 21:00;13.6
20-06-2011 22:00;12.2
21-06-2011 0:00;10.8
21-06-2011 12:00;5.0
21-06-2011 13:00;6.0
21-06-2011 14:00;7.0
21-06-2011 15:00;8.4
21-06-2011 16:00;10.0
21-06-2011 17:00;10.8
21-06-2011 18:00;12.6
21-06-2011 19:00;12.0
21-06-2011 20:00;12.2
21-06-2011 21:00;11.6
21-06-2011 22:00;10.0
22-06-2011 0:00;9.0
22-06-2011 12:00;3.0
22-06-2011 13:00;3.6
22-06-2011 14:00;3.8
22-06-2011 15:00;3.6
22-06-2011 16:00;4.8
22-06-2011 17:00;4.8
22-06-2011 18:00;5.6
22-06-2011 19:00;6.2
22-06-2011 20:00;6.6
22-06-2011 21:00;6.6
22-06-2011 22:00;6.6
23-06-2011 0:00;6.0
23-06-2011 12:00;4.6
23-06-2011 13:00;5.2
23-06-2011 14:00;6.0
23-06-2011 15:00;7.0
23-06-2011 16:00;8.0
23-06-2011 17:00;8.6
23-06-2011 18:00;10.0
23-06-2011 19:00;11.0
23-06-2011 20:00;11.0
23-06-2011 21:00;10.8
23-06-2011 22:00;9.8
24-06-2011 0:00;6.0
24-06-2011 12:00;3.2
24-06-2011 13:00;3.6
24-06-2011 14:00;5.8
24-06-2011 15:00;7.4
24-06-2011 16:00;8.2
24-06-2011 17:00;9.0
24-06-2011 18:00;10.0
24-06-2011 19:00;10.0
24-06-2011 20:00;10.0
24-06-2011 21:00;8.8
24-06-2011 22:00;6.4
25-06-2011 0:00;4.8
25-06-2011 12:00;-1.2
25-06-2011 13:00;-0.6
25-06-2011 14:00;1.0
25-06-2011 15:00;3.0
25-06-2011 16:00;5.6
25-06-2011 17:00;7.6
25-06-2011 18:00;9.2
25-06-2011 19:00;10.0
25-06-2011 20:00;10.2
25-06-2011 21:00;9.4
25-06-2011 22:00;7.4
26-06-2011 0:00;6.4
26-06-2011 12:00;0.0
26-06-2011 13:00;0.0
26-06-2011 14:00;2.6
26-06-2011 15:00;5.8
26-06-2011 16:00;5.8
26-06-2011 17:00;11.2
26-06-2011 18:00;13.2
26-06-2011 19:00;14.6
26-06-2011 20:00;15.2
26-06-2011 21:00;14.6
26-06-2011 22:00;12.6
27-06-2011 0:00;11.6
27-06-2011 12:00;0.0
27-06-2011 13:00;1.4
27-06-2011 14:00;6.0
27-06-2011 15:00;9.6
27-06-2011 16:00;12.4
27-06-2011 17:00;14.0
27-06-2011 18:00;15.0
27-06-2011 19:00;15.4
27-06-2011 20:00;15.0
27-06-2011 21:00;14.2
27-06-2011 22:00;12.4
28-06-2011 0:00;9.6
28-06-2011 12:00;8.0
28-06-2011 13:00;8.2
28-06-2011 14:00;8.2
28-06-2011 15:00;9.0
28-06-2011 16:00;10.4
28-06-2011 17:00;10.6
28-06-2011 18:00;11.0
28-06-2011 19:00;10.4
28-06-2011 20:00;9.4
28-06-2011 21:00;9.0
28-06-2011 22:00;8.8
29-06-2011 0:00;8.4
29-06-2011 12:00;9.8
29-06-2011 13:00;10.0
29-06-2011 14:00;11.0
29-06-2011 15:00;11.8
29-06-2011 16:00;12.0
29-06-2011 17:00;12.6
29-06-2011 18:00;12.0
29-06-2011 19:00;11.6
29-06-2011 20:00;10.2
29-06-2011 21:00;9.4
29-06-2011 22:00;8.6
30-06-2011 0:00;5.0
30-06-2011 12:00;-2.0
30-06-2011 13:00;-1.6
30-06-2011 14:00;1.4
30-06-2011 15:00;4.4
30-06-2011 16:00;6.0
30-06-2011 17:00;8.0
30-06-2011 18:00;8.6
30-06-2011 19:00;9.0
30-06-2011 20:00;8.6
30-06-2011 21:00;8.2
30-06-2011 22:00;6.0
01-07-2011 0:00;3.0
01-07-2011 12:00;-0.6
01-07-2011 13:00;0.0
01-07-2011 14:00;2.4
01-07-2011 15:00;4.6
01-07-2011 16:00;7.0
01-07-2011 17:00;8.4
01-07-2011 18:00;9.6
01-07-2011 19:00;10.2
01-07-2011 20:00;10.2
01-07-2011 21:00;9.0
01-07-2011 22:00;7.0
02-07-2011 0:00;3.5
02-07-2011 12:00;-1.6
02-07-2011 13:00;-1.4
02-07-2011 14:00;-1.2
02-07-2011 15:00;-0.4
02-07-2011 16:00;0.0
02-07-2011 17:00;0.8
02-07-2011 17:27;1.2
02-07-2011 18:00;2.6
02-07-2011 19:00;5.8
02-07-2011 20:00;8.2
02-07-2011 21:00;9.0
02-07-2011 22:00;6.8
03-07-2011 0:00;6.2
03-07-2011 6:00;
03-07-2011 12:00;-2.0
03-07-2011 13:00;-1.4
03-07-2011 14:00;0.6
03-07-2011 15:00;3.0
03-07-2011 16:00;6.0
03-07-2011 17:00;9.4
03-07-2011 18:00;11.2
03-07-2011 19:00;13.4
03-07-2011 20:00;14.2
03-07-2011 21:00;14.2
03-07-2011 22:00;11.4
04-07-2011 0:00;4.0
04-07-2011 6:00;
04-07-2011 12:00;-2.8
04-07-2011 13:00;-2.0
04-07-2011 14:00;1.0
04-07-2011 15:00;5.0
04-07-2011 16:00;7.8
04-07-2011 17:00;10.0
04-07-2011 18:00;10.8
04-07-2011 19:00;11.6
04-07-2011 20:00;11.8
04-07-2011 21:00;12.2
04-07-2011 22:00;9.2
05-07-2011 0:00;1.8
05-07-2011 6:00;
05-07-2011 12:00;4.0
05-07-2011 13:00;4.4
05-07-2011 14:00;5.0
05-07-2011 15:00;6.0
05-07-2011 16:00;8.0
05-07-2011 17:00;9.0
05-07-2011 18:00;9.4
05-07-2011 19:00;10.0
05-07-2011 20:00;9.6
05-07-2011 21:00;8.6
05-07-2011 22:00;6.6
06-07-2011 0:00;4.4
06-07-2011 12:00;1.8
06-07-2011 13:00;2.0
06-07-2011 14:00;2.0
06-07-2011 15:00;2.4
06-07-2011 16:00;2.6
06-07-2011 17:00;2.8
06-07-2011 18:00;3.2
06-07-2011 19:00;3.4
06-07-2011 20:00;4.0
06-07-2011 21:00;4.0
06-07-2011 22:00;3.4
07-07-2011 0:00;3.0
07-07-2011 12:00;-1.0
07-07-2011 13:00;-0.8
07-07-2011 14:00;0.2
07-07-2011 15:00;1.4
07-07-2011 16:00;3.0
07-07-2011 17:00;5.8
07-07-2011 18:00;7.8
07-07-2011 19:00;9.8
07-07-2011 20:00;11.0
07-07-2011 21:00;11.4
07-07-2011 22:00;9.4
08-07-2011 0:00;7.0
08-07-2011 12:00;3.4
08-07-2011 13:00;3.6
08-07-2011 14:00;4.2
08-07-2011 15:00;4.6
08-07-2011 16:00;5.4
08-07-2011 17:00;5.8
08-07-2011 18:00;7.0
08-07-2011 19:00;7.8
08-07-2011 20:00;8.6
08-07-2011 21:00;8.8
08-07-2011 22:00;7.6
09-07-2011 0:00;7.0
09-07-2011 12:00;9.0
09-07-2011 13:00;9.6
09-07-2011 14:00;10.0
09-07-2011 15:00;10.8
09-07-2011 16:00;11.4
09-07-2011 17:00;11.2
09-07-2011 18:00;12.2
09-07-2011 19:00;11.8
09-07-2011 20:00;11.8
09-07-2011 21:00;11.4
09-07-2011 22:00;11.0
10-07-2011 0:00;11.8
10-07-2011 12:00;9.6
10-07-2011 13:00;9.8
10-07-2011 14:00;12.0
10-07-2011 15:00;13.4
10-07-2011 16:00;14.0
10-07-2011 17:00;14.4
10-07-2011 18:00;14.8
10-07-2011 19:00;14.6
10-07-2011 20:00;14.8
10-07-2011 21:00;15.0
10-07-2011 22:00;13.4
11-07-2011 0:00;10.8
11-07-2011 12:00;10.0
11-07-2011 13:00;10.2
11-07-2011 14:00;10.6
11-07-2011 15:00;10.8
11-07-2011 16:00;10.8
11-07-2011 17:00;10.8
11-07-2011 18:00;11.2
11-07-2011 19:00;11.4
11-07-2011 20:00;11.4
11-07-2011 21:00;11.4
11-07-2011 22:00;11.2
12-07-2011 0:00;10.8
12-07-2011 12:00;10.0
12-07-2011 13:00;10.4
12-07-2011 14:00;12.6
12-07-2011 15:00;13.6
12-07-2011 16:00;14.2
12-07-2011 17:00;15.2
12-07-2011 18:00;15.0
12-07-2011 19:00;15.2
12-07-2011 20:00;15.4
12-07-2011 21:00;15.6
12-07-2011 22:00;14.0
13-07-2011 0:00;13.0
13-07-2011 12:00;1.4
13-07-2011 13:00;2.0
13-07-2011 14:00;5.8
13-07-2011 15:00;8.4
13-07-2011 16:00;10.4
13-07-2011 17:00;12.0
13-07-2011 18:00;12.8
13-07-2011 19:00;13.4
13-07-2011 20:00;13.4
13-07-2011 21:00;13.0
13-07-2011 22:00;12.0
14-07-2011 0:00;11.0
14-07-2011 12:00;7.0
14-07-2011 13:00;7.2
14-07-2011 14:00;7.0
14-07-2011 15:00;7.2
14-07-2011 16:00;7.2
14-07-2011 17:00;7.2
14-07-2011 18:00;7.4
14-07-2011 19:00;8.8
14-07-2011 20:00;8.8
14-07-2011 21:00;8.6
14-07-2011 22:00;8.6
15-07-2011 0:00;8.4
15-07-2011 12:00;6.0
15-07-2011 13:00;6.8
15-07-2011 14:00;7.2
15-07-2011 15:00;7.0
15-07-2011 16:00;7.0
15-07-2011 17:00;7.4
15-07-2011 18:00;7.6
15-07-2011 19:00;7.4
15-07-2011 20:00;7.6
15-07-2011 21:00;7.6
15-07-2011 22:00;7.4
16-07-2011 0:00;7.0
16-07-2011 12:00;4.6
16-07-2011 13:00;5.6
16-07-2011 14:00;6.0
16-07-2011 15:00;6.8
16-07-2011 16:00;8.0
16-07-2011 17:00;8.4
16-07-2011 18:00;7.2
16-07-2011 19:00;7.6
16-07-2011 20:00;7.6
16-07-2011 21:00;8.2
16-07-2011 22:00;8.2
17-07-2011 0:00;8.0
17-07-2011 12:00;4.0
17-07-2011 13:00;5.0
17-07-2011 14:00;5.6
17-07-2011 15:00;5.2
17-07-2011 16:00;5.2
17-07-2011 17:00;6.0
17-07-2011 18:00;6.0
17-07-2011 19:00;6.0
17-07-2011 20:00;5.0
17-07-2011 21:00;5.2
17-07-2011 22:00;5.2
18-07-2011 0:00;5.0
18-07-2011 12:00;-1.0
18-07-2011 13:00;-0.8
18-07-2011 13:25;
18-07-2011 14:00;1.1
18-07-2011 15:00;2.4
18-07-2011 15:30;2.6
18-07-2011 16:00;4.4
18-07-2011 17:00;4.0
18-07-2011 18:00;4.8
18-07-2011 19:00;5.6
18-07-2011 20:00;5.6
18-07-2011 21:00;6.4
18-07-2011 22:00;5.2
19-07-2011 0:00;3.0
19-07-2011 12:00;-0.2
19-07-2011 13:00;0.2
19-07-2011 14:00;-0.4
19-07-2011 15:00;0.6
19-07-2011 16:00;3.0
19-07-2011 17:00;5.4
19-07-2011 18:00;7.0
19-07-2011 19:00;8.2
19-07-2011 20:00;8.2
19-07-2011 21:00;8.2
19-07-2011 22:00;5.8
20-07-2011 0:00;4.0
20-07-2011 12:00;0.6
20-07-2011 13:00;1.2
20-07-2011 14:00;3.4
20-07-2011 15:00;6.4
20-07-2011 16:00;8.0
20-07-2011 17:00;9.8
20-07-2011 18:00;10.6
20-07-2011 19:00;11.2
20-07-2011 20:00;11.6
20-07-2011 21:00;11.6
20-07-2011 22:00;10.0
21-07-2011 0:00;9.0
21-07-2011 12:00;4.0
21-07-2011 13:00;4.8
21-07-2011 14:00;7.2
21-07-2011 15:00;10.2
21-07-2011 16:00;12.4
21-07-2011 17:00;14.0
21-07-2011 18:00;14.4
21-07-2011 19:00;15.2
21-07-2011 20:00;15.2
21-07-2011 21:00;14.8
21-07-2011 22:00;12.8
22-07-2011 0:00;8.0
22-07-2011 12:00;3.0
22-07-2011 13:00;3.2
22-07-2011 14:00;3.6
22-07-2011 15:00;5.0
22-07-2011 16:00;7.2
22-07-2011 17:00;10.0
22-07-2011 18:00;12.8
22-07-2011 19:00;14.2
22-07-2011 20:00;15.0
22-07-2011 21:00;15.0
22-07-2011 22:00;13.4
23-07-2011 0:00;6.0
23-07-2011 12:00;2.4
23-07-2011 13:00;2.6
23-07-2011 14:00;3.4
23-07-2011 15:00;5.4
23-07-2011 16:00;7.6
23-07-2011 17:00;9.8
23-07-2011 18:00;12.0
23-07-2011 19:00;14.0
23-07-2011 20:00;14.4
23-07-2011 21:00;14.4
23-07-2011 22:00;12.6
24-07-2011 0:00;13.0
24-07-2011 12:00;4.0
24-07-2011 13:00;5.0
24-07-2011 14:00;5.2
24-07-2011 15:00;5.4
24-07-2011 16:00;6.4
24-07-2011 17:00;6.8
24-07-2011 18:00;8.0
24-07-2011 19:00;8.6
24-07-2011 20:00;8.8
24-07-2011 21:00;8.6
24-07-2011 22:00;8.6
25-07-2011 0:00;8.0
25-07-2011 12:00;7.0
25-07-2011 13:00;7.4
25-07-2011 14:00;7.2
25-07-2011 15:00;8.4
25-07-2011 16:00;8.8
25-07-2011 17:00;9.8
25-07-2011 18:00;11.6
25-07-2011 19:00;11.6
25-07-2011 20:00;11.2
25-07-2011 21:00;10.6
25-07-2011 22:00;10.0
26-07-2011 0:00;9.0
26-07-2011 12:00;0.0
26-07-2011 13:00;1.0
26-07-2011 14:00;2.6
26-07-2011 15:00;4.2
26-07-2011 16:00;6.6
26-07-2011 17:00;8.8
26-07-2011 18:00;10.2
26-07-2011 19:00;11.2
26-07-2011 20:00;11.8
26-07-2011 21:00;11.8
26-07-2011 22:00;11.0
27-07-2011 0:00;7.0
27-07-2011 12:00;5.0
27-07-2011 13:00;5.8
27-07-2011 14:00;7.0
27-07-2011 15:00;7.6
27-07-2011 16:00;8.6
27-07-2011 17:00;9.0
27-07-2011 18:00;9.8
27-07-2011 19:00;10.4
27-07-2011 20:00;9.8
27-07-2011 21:00;8.2
27-07-2011 22:00;8.6
28-07-2011 0:00;9.0
28-07-2011 12:00;7.6
28-07-2011 13:00;8.4
28-07-2011 14:00;9.2
28-07-2011 15:00;10.0
28-07-2011 16:00;9.4
28-07-2011 17:00;10.2
28-07-2011 18:00;11.8
28-07-2011 19:00;10.0
28-07-2011 20:00;11.0
28-07-2011 21:00;11.2
28-07-2011 22:00;10.2
29-07-2011 0:00;5.0
29-07-2011 12:00;-0.6
29-07-2011 13:00;-0.4
29-07-2011 14:00;0.0
29-07-2011 15:00;1.2
29-07-2011 16:00;2.6
29-07-2011 17:00;3.6
29-07-2011 18:00;4.6
29-07-2011 19:00;5.2
29-07-2011 20:00;7.0
29-07-2011 21:00;8.2
29-07-2011 22:00;7.0
30-07-2011 0:00;3.0
30-07-2011 12:00;0.0
30-07-2011 13:00;0.2
30-07-2011 14:00;2.4
30-07-2011 15:00;3.4
30-07-2011 16:00;5.8
30-07-2011 17:00;7.6
30-07-2011 18:00;9.6
30-07-2011 19:00;7.8
30-07-2011 20:00;8.0
30-07-2011 21:00;9.0
30-07-2011 22:00;7.6
31-07-2011 0:00;4.8
31-07-2011 12:00;-2.8
31-07-2011 13:00;-2.6
31-07-2011 14:00;0.4
31-07-2011 15:00;2.8
31-07-2011 16:00;5.8
31-07-2011 17:00;8.0
31-07-2011 18:00;10.4
31-07-2011 19:00;11.6
31-07-2011 20:00;12.2
31-07-2011 21:00;12.0
31-07-2011 22:00;11.0
01-08-2011 0:00;4.0
01-08-2011 12:00;1.0
01-08-2011 13:00;2.4
01-08-2011 14:00;5.4
01-08-2011 15:00;6.8
01-08-2011 16:00;8.2
01-08-2011 17:00;9.4
01-08-2011 18:00;10.2
01-08-2011 19:00;9.8
01-08-2011 20:00;9.8
01-08-2011 21:00;9.2
01-08-2011 22:00;8.6
02-08-2011 0:00;8.0
02-08-2011 12:00;5.4
02-08-2011 13:00;6.0
02-08-2011 14:00;7.6
02-08-2011 15:00;8.2
02-08-2011 16:00;9.0
02-08-2011 17:00;9.0
02-08-2011 18:00;9.2
02-08-2011 19:00;10.2
02-08-2011 20:00;11.2
02-08-2011 21:00;11.2
02-08-2011 22:00;9.8
03-08-2011 0:00;6.0
03-08-2011 12:00;-0.8
03-08-2011 13:00;-0.2
03-08-2011 14:00;0.2
03-08-2011 15:00;2.6
03-08-2011 16:00;5.2
03-08-2011 17:00;8.6
03-08-2011 18:00;9.8
03-08-2011 19:00;11.2
03-08-2011 20:00;12.2
03-08-2011 21:00;11.4
03-08-2011 22:00;10.0
04-08-2011 0:00;8.0
04-08-2011 12:00;3.0
04-08-2011 13:00;4.2
04-08-2011 14:00;6.2
04-08-2011 15:00;6.4
04-08-2011 16:00;7.2
04-08-2011 17:00;7.0
04-08-2011 18:00;8.0
04-08-2011 19:00;8.8
04-08-2011 20:00;8.6
04-08-2011 21:00;8.6
04-08-2011 22:00;8.2
05-08-2011 0:00;8.0
05-08-2011 12:00;7.2
05-08-2011 13:00;7.8
05-08-2011 14:00;8.2
05-08-2011 15:00;9.6
05-08-2011 16:00;9.0
05-08-2011 17:00;11.2
05-08-2011 18:00;10.6
05-08-2011 19:00;11.6
05-08-2011 20:00;11.6
05-08-2011 21:00;11.2
05-08-2011 22:00;10.8
06-08-2011 0:00;9.0
06-08-2011 12:00;8.0
06-08-2011 13:00;8.6
06-08-2011 14:00;8.6
06-08-2011 15:00;9.0
06-08-2011 16:00;9.0
06-08-2011 17:00;9.4
06-08-2011 18:00;10.0
06-08-2011 19:00;10.4
06-08-2011 20:00;11.0
06-08-2011 21:00;11.0
06-08-2011 22:00;10.6
07-08-2011 0:00;9.8
07-08-2011 12:00;4.8
07-08-2011 13:00;5.2
07-08-2011 14:00;5.8
07-08-2011 15:00;7.0
07-08-2011 16:00;7.8
07-08-2011 17:00;8.4
07-08-2011 18:00;9.6
07-08-2011 19:00;10.2
07-08-2011 20:00;10.0
07-08-2011 21:00;10.0
07-08-2011 22:00;9.6
08-08-2011 0:00;9.0
08-08-2011 12:00;9.8
08-08-2011 13:00;10.4
08-08-2011 14:00;12.0
08-08-2011 15:00;14.0
08-08-2011 16:00;16.2
08-08-2011 17:00;15.8
08-08-2011 18:00;15.6
08-08-2011 19:00;15.0
08-08-2011 20:00;14.4
08-08-2011 21:00;14.0
08-08-2011 22:00;14.0
09-08-2011 0:00;12.0
09-08-2011 12:00;10.8
09-08-2011 13:00;11.8
09-08-2011 14:00;12.4
09-08-2011 15:00;13.0
09-08-2011 16:00;14.0
09-08-2011 17:00;14.6
09-08-2011 18:00;14.6
09-08-2011 19:00;13.6
09-08-2011 20:00;13.4
09-08-2011 21:00;13.6
09-08-2011 22:00;13.2
10-08-2011 0:00;12.0
10-08-2011 12:00;11.0
10-08-2011 13:00;11.8
10-08-2011 14:00;12.6
10-08-2011 15:00;13.2
10-08-2011 16:00;14.6
10-08-2011 17:00;15.2
10-08-2011 18:00;16.8
10-08-2011 19:00;17.6
10-08-2011 20:00;17.6
10-08-2011 21:00;15.6
10-08-2011 22:00;14.6
11-08-2011 0:00;12.6
11-08-2011 12:00;10.0
11-08-2011 13:00;10.2
11-08-2011 14:00;11.2
11-08-2011 15:00;11.6
11-08-2011 16:00;10.8
11-08-2011 17:00;10.6
11-08-2011 18:00;10.8
11-08-2011 19:00;11.2
11-08-2011 20:00;11.6
11-08-2011 21:00;12.0
11-08-2011 22:00;12.6
12-08-2011 0:00;11.0
12-08-2011 12:00;7.0
12-08-2011 13:00;8.4
12-08-2011 14:00;11.0
12-08-2011 15:00;11.4
12-08-2011 16:00;13.2
12-08-2011 17:00;14.0
12-08-2011 18:00;13.8
12-08-2011 19:00;14.8
12-08-2011 20:00;12.4
12-08-2011 21:00;11.6
12-08-2011 22:00;12.0
13-08-2011 0:00;12.0
13-08-2011 12:00;1.8
13-08-2011 13:00;1.8
13-08-2011 14:00;4.8
13-08-2011 15:00;7.0
13-08-2011 16:00;9.2
13-08-2011 17:00;12.0
13-08-2011 18:00;13.0
13-08-2011 19:00;13.6
13-08-2011 20:00;13.8
13-08-2011 21:00;12.8
13-08-2011 22:00;12.0
14-08-2011 0:00;7.0
14-08-2011 12:00;2.0
14-08-2011 13:00;2.0
14-08-2011 14:00;4.2
14-08-2011 15:00;6.4
14-08-2011 16:00;8.0
14-08-2011 17:00;10.0
14-08-2011 18:00;11.4
14-08-2011 19:00;12.4
14-08-2011 20:00;12.6
14-08-2011 21:00;13.0
14-08-2011 22:00;11.8
15-08-2011 0:00;6.0
15-08-2011 12:00;6.4
15-08-2011 13:00;7.4
15-08-2011 14:00;8.2
15-08-2011 15:00;9.0
15-08-2011 16:00;11.0
15-08-2011 17:00;11.8
15-08-2011 18:00;11.2
15-08-2011 19:00;12.0
15-08-2011 20:00;11.6
15-08-2011 21:00;11.2
15-08-2011 22:00;9.6
16-08-2011 0:00;10.0
16-08-2011 12:00;7.4
16-08-2011 13:00;7.8
16-08-2011 14:00;7.8
16-08-2011 15:00;8.4
16-08-2011 16:00;9.2
16-08-2011 17:00;10.2
16-08-2011 18:00;9.4
16-08-2011 19:00;8.2
16-08-2011 20:00;8.8
16-08-2011 21:00;9.0
16-08-2011 22:00;8.6
17-08-2011 0:00;8.0
17-08-2011 12:00;7.8
17-08-2011 13:00;8.4
17-08-2011 14:00;9.0
17-08-2011 15:00;8.8
17-08-2011 16:00;7.0
17-08-2011 17:00;6.8
17-08-2011 18:00;7.2
17-08-2011 19:00;7.8
17-08-2011 20:00;8.4
17-08-2011 21:00;9.4
17-08-2011 22:00;9.2
18-08-2011 0:00;6.0
18-08-2011 12:00;3.0
18-08-2011 13:00;4.0
18-08-2011 14:00;5.4
18-08-2011 15:00;7.0
18-08-2011 16:00;8.4
18-08-2011 17:00;9.0
18-08-2011 18:00;10.2
18-08-2011 19:00;11.0
18-08-2011 20:00;11.4
18-08-2011 21:00;11.2
18-08-2011 22:00;10.2
19-08-2011 0:00;6.0
19-08-2011 12:00;-1.0
19-08-2011 13:00;0.4
19-08-2011 14:00;1.8
19-08-2011 15:00;4.2
19-08-2011 16:00;7.0
19-08-2011 17:00;9.0
19-08-2011 18:00;10.8
19-08-2011 19:00;12.6
19-08-2011 20:00;13.2
19-08-2011 21:00;13.0
19-08-2011 22:00;11.6
20-08-2011 0:00;5.0
20-08-2011 12:00;0.8
20-08-2011 13:00;1.4
20-08-2011 14:00;4.2
20-08-2011 15:00;7.0
20-08-2011 16:00;10.0
20-08-2011 17:00;13.1
20-08-2011 18:00;15.6
20-08-2011 19:00;17.6
20-08-2011 20:00;19.4
20-08-2011 21:00;19.8
20-08-2011 22:00;18.2
21-08-2011 0:00;17.0
21-08-2011 12:00;-1.6
21-08-2011 13:00;1.4
21-08-2011 14:00;5.4
21-08-2011 15:00;8.8
21-08-2011 16:00;11.6
21-08-2011 17:00;13.2
21-08-2011 18:00;15.2
21-08-2011 19:00;16.6
21-08-2011 20:00;17.2
21-08-2011 21:00;17.6
21-08-2011 22:00;16.6
22-08-2011 0:00;5.0
22-08-2011 12:00;-1.0
22-08-2011 13:00;2.4
22-08-2011 14:00;5.8
22-08-2011 15:00;9.8
22-08-2011 16:00;11.6
22-08-2011 17:00;13.6
22-08-2011 18:00;14.4
22-08-2011 19:00;15.6
22-08-2011 20:00;15.2
22-08-2011 21:00;14.4
22-08-2011 22:00;14.0
23-08-2011 0:00;12.0
23-08-2011 12:00;7.6
23-08-2011 13:00;8.0
23-08-2011 14:00;9.0
23-08-2011 15:00;11.0
23-08-2011 16:00;12.2
23-08-2011 17:00;13.2
23-08-2011 18:00;12.0
23-08-2011 19:00;12.0
23-08-2011 20:00;12.4
23-08-2011 21:00;10.4
23-08-2011 22:00;9.6
24-08-2011 0:00;9.0
24-08-2011 12:00;6.8
24-08-2011 13:00;7.0
24-08-2011 14:00;7.0
24-08-2011 15:00;8.2
24-08-2011 16:00;9.6
24-08-2011 17:00;10.6
24-08-2011 18:00;11.2
24-08-2011 19:00;12.4
24-08-2011 20:00;13.0
24-08-2011 21:00;12.4
24-08-2011 22:00;11.8
25-08-2011 0:00;11.0
25-08-2011 12:00;9.0
25-08-2011 13:00;9.6
25-08-2011 14:00;10.6
25-08-2011 15:00;11.3
25-08-2011 16:00;11.8
25-08-2011 17:00;12.0
25-08-2011 18:00;12.6
25-08-2011 19:00;12.2
25-08-2011 20:00;12.4
25-08-2011 21:00;12.0
25-08-2011 22:00;11.0
26-08-2011 0:00;10.0
26-08-2011 12:00;7.8
26-08-2011 13:00;8.2
26-08-2011 14:00;9.2
26-08-2011 15:00;9.8
26-08-2011 16:00;10.4
26-08-2011 17:00;10.6
26-08-2011 18:00;11.2
26-08-2011 19:00;11.6
26-08-2011 20:00;11.8
26-08-2011 21:00;10.8
26-08-2011 22:00;10.0
27-08-2011 0:00;10.0
27-08-2011 12:00;8.0
27-08-2011 13:00;8.4
27-08-2011 14:00;9.0
27-08-2011 15:00;9.8
27-08-2011 16:00;12.4
27-08-2011 17:00;12.8
27-08-2011 18:00;12.0
27-08-2011 19:00;11.2
27-08-2011 20:00;13.8
27-08-2011 21:00;13.0
27-08-2011 22:00;12.0
28-08-2011 0:00;10.0
28-08-2011 12:00;9.0
28-08-2011 13:00;9.6
28-08-2011 14:00;10.4
28-08-2011 15:00;10.6
28-08-2011 16:00;8.8
28-08-2011 17:00;8.2
28-08-2011 18:00;8.0
28-08-2011 19:00;9.0
28-08-2011 20:00;6.4
28-08-2011 21:00;7.4
28-08-2011 22:00;9.4
29-08-2011 0:00;8.0
29-08-2011 12:00;6.8
29-08-2011 13:00;7.6
29-08-2011 14:00;9.0
29-08-2011 15:00;10.0
29-08-2011 16:00;9.4
29-08-2011 17:00;9.8
29-08-2011 18:00;8.4
29-08-2011 19:00;8.0
29-08-2011 20:00;8.4
29-08-2011 21:00;8.0
29-08-2011 22:00;8.4
30-08-2011 0:00;7.0
30-08-2011 12:00;1.2
30-08-2011 13:00;3.6
30-08-2011 14:00;6.2
30-08-2011 15:00;7.2
30-08-2011 16:00;10.0
30-08-2011 17:00;13.0
30-08-2011 18:00;14.0
30-08-2011 19:00;15.4
30-08-2011 20:00;15.4
30-08-2011 21:00;15.6
30-08-2011 22:00;14.4
31-08-2011 0:00;9.8
31-08-2011 12:00;0.4
31-08-2011 13:00;2.4
31-08-2011 14:00;5.4
31-08-2011 15:00;7.8
31-08-2011 16:00;11.2
31-08-2011 17:00;13.4
31-08-2011 18:00;16.4
31-08-2011 19:00;17.6
31-08-2011 20:00;18.4
31-08-2011 21:00;19.0
31-08-2011 22:00;17.6
01-09-2011 0:00;9.0
01-09-2011 12:00;1.0
01-09-2011 13:00;3.8
01-09-2011 14:00;7.2
01-09-2011 15:00;9.8
01-09-2011 16:00;12.0
01-09-2011 17:00;13.6
01-09-2011 18:00;15.2
01-09-2011 19:00;17.0
01-09-2011 20:00;17.2
01-09-2011 21:00;17.0
01-09-2011 22:00;14.0
02-09-2011 0:00;10.0
02-09-2011 12:00;7.6
02-09-2011 13:00;7.6
02-09-2011 14:00;8.6
02-09-2011 15:00;9.4
02-09-2011 16:00;10.4
02-09-2011 17:00;11.2
02-09-2011 18:00;12.0
02-09-2011 19:00;11.8
02-09-2011 20:00;12.6
02-09-2011 21:00;12.6
02-09-2011 22:00;12.6
03-09-2011 0:00;11.6
03-09-2011 12:00;7.6
03-09-2011 13:00;7.6
03-09-2011 14:00;9.0
03-09-2011 15:00;10.4
03-09-2011 16:00;11.6
03-09-2011 17:00;13.4
03-09-2011 18:00;13.6
03-09-2011 19:00;14.4
03-09-2011 20:00;12.8
03-09-2011 21:00;13.6
03-09-2011 22:00;13.4
04-09-2011 0:00;8.0
04-09-2011 12:00;5.8
04-09-2011 13:00;7.0
04-09-2011 14:00;9.0
04-09-2011 15:00;9.4
04-09-2011 16:00;10.0
04-09-2011 17:00;7.8
04-09-2011 18:00;9.4
04-09-2011 19:00;8.0
04-09-2011 20:00;10.4
04-09-2011 21:00;10.4
04-09-2011 22:00;10.6
05-09-2011 0:00;6.8
05-09-2011 12:00;0.8
05-09-2011 13:00;3.4
05-09-2011 14:00;6.6
05-09-2011 15:00;9.0
05-09-2011 16:00;10.6
05-09-2011 17:00;11.6
05-09-2011 18:00;12.8
05-09-2011 19:00;14.0
05-09-2011 20:00;14.0
05-09-2011 21:00;13.2
05-09-2011 22:00;12.2
06-09-2011 0:00;8.0
06-09-2011 12:00;4.6
06-09-2011 13:00;5.2
06-09-2011 14:00;6.8
06-09-2011 15:00;10.6
06-09-2011 16:00;12.0
06-09-2011 17:00;12.6
06-09-2011 18:00;13.6
06-09-2011 19:00;14.0
06-09-2011 20:00;14.2
06-09-2011 21:00;14.0
06-09-2011 22:00;13.2
07-09-2011 0:00;7.0
07-09-2011 12:00;2.2
07-09-2011 13:00;4.0
07-09-2011 14:00;5.6
07-09-2011 15:00;8.2
07-09-2011 16:00;11.6
07-09-2011 17:00;13.6
07-09-2011 18:00;14.4
07-09-2011 19:00;15.4
07-09-2011 20:00;15.8
07-09-2011 21:00;16.2
07-09-2011 22:00;15.8
08-09-2011 0:00;8.0
08-09-2011 12:00;6.0
08-09-2011 13:00;7.4
08-09-2011 14:00;8.4
08-09-2011 15:00;8.8
08-09-2011 16:00;9.8
08-09-2011 17:00;10.2
08-09-2011 18:00;10.4
08-09-2011 19:00;10.0
08-09-2011 20:00;9.2
08-09-2011 21:00;9.2
08-09-2011 22:00;9.0
09-09-2011 0:00;8.0
09-09-2011 12:00;10.4
09-09-2011 13:00;10.8
09-09-2011 14:00;11.2
09-09-2011 15:00;12.0
09-09-2011 16:00;13.2
09-09-2011 17:00;13.8
09-09-2011 18:00;12.8
09-09-2011 19:00;13.0
09-09-2011 20:00;12.2
09-09-2011 21:00;12.0
09-09-2011 22:00;11.4
10-09-2011 0:00;10.0
10-09-2011 12:00;3.0
10-09-2011 13:00;6.2
10-09-2011 14:00;9.6
10-09-2011 15:00;11.4
10-09-2011 16:00;13.2
10-09-2011 17:00;14.6
10-09-2011 18:00;15.4
10-09-2011 19:00;16.0
10-09-2011 20:00;16.6
10-09-2011 21:00;16.2
10-09-2011 22:00;15.2
11-09-2011 0:00;12.0
11-09-2011 12:00;3.4
11-09-2011 13:00;6.6
11-09-2011 14:00;10.0
11-09-2011 15:00;12.6
11-09-2011 16:00;14.8
11-09-2011 17:00;17.2
11-09-2011 18:00;18.4
11-09-2011 19:00;19.2
11-09-2011 20:00;19.4
11-09-2011 21:00;19.8
11-09-2011 22:00;19.0
12-09-2011 0:00;11.0
12-09-2011 12:00;7.0
12-09-2011 13:00;10.2
12-09-2011 14:00;12.8
12-09-2011 15:00;15.4
12-09-2011 16:00;17.0
12-09-2011 17:00;18.6
12-09-2011 18:00;19.4
12-09-2011 19:00;19.6
12-09-2011 20:00;19.2
12-09-2011 21:00;18.4
12-09-2011 22:00;17.0
13-09-2011 0:00;12.0
13-09-2011 12:00;5.6
13-09-2011 13:00;8.0
13-09-2011 14:00;10.4
13-09-2011 15:00;12.8
13-09-2011 16:00;15.2
13-09-2011 17:00;16.8
13-09-2011 18:00;18.4
13-09-2011 19:00;20.0
13-09-2011 20:00;20.6
13-09-2011 21:00;20.4
13-09-2011 22:00;19.6
14-09-2011 0:00;12.0
14-09-2011 12:00;7.0
14-09-2011 13:00;10.2
14-09-2011 14:00;12.2
14-09-2011 15:00;14.8
14-09-2011 16:00;17.2
14-09-2011 17:00;17.6
14-09-2011 18:00;19.4
14-09-2011 19:00;20.2
14-09-2011 20:00;19.4
14-09-2011 21:00;19.0
14-09-2011 22:00;17.6
15-09-2011 0:00;12.0
15-09-2011 12:00;11.8
15-09-2011 13:00;11.4
15-09-2011 14:00;11.6
15-09-2011 15:00;13.2
15-09-2011 16:00;14.8
15-09-2011 17:00;16.6
15-09-2011 18:00;17.2
15-09-2011 19:00;18.0
15-09-2011 20:00;18.4
15-09-2011 21:00;17.6
15-09-2011 22:00;14.0
16-09-2011 0:00;11.0
16-09-2011 12:00;8.4
16-09-2011 13:00;9.8
16-09-2011 14:00;11.2
16-09-2011 15:00;11.6
16-09-2011 16:00;11.6
16-09-2011 17:00;13.4
16-09-2011 18:00;14.2
16-09-2011 19:00;15.0
16-09-2011 20:00;14.8
16-09-2011 21:00;14.8
16-09-2011 22:00;13.8
17-09-2011 0:00;6.2
17-09-2011 12:00;4.2
17-09-2011 13:00;6.0
17-09-2011 14:00;9.0
17-09-2011 15:00;11.2
17-09-2011 16:00;14.0
17-09-2011 17:00;15.0
17-09-2011 18:00;16.4
17-09-2011 19:00;17.6
17-09-2011 20:00;18.4
17-09-2011 21:00;18.8
17-09-2011 22:00;18.0
18-09-2011 0:00;8.0
18-09-2011 12:00;2.8
18-09-2011 13:00;7.4
18-09-2011 14:00;9.2
18-09-2011 15:00;11.8
18-09-2011 16:00;14.2
18-09-2011 17:00;16.0
18-09-2011 18:00;17.2
18-09-2011 19:00;18.6
18-09-2011 20:00;19.4
18-09-2011 21:00;19.6
18-09-2011 22:00;19.8
19-09-2011 0:00;14.0
19-09-2011 12:00;5.4
19-09-2011 13:00;5.4
19-09-2011 14:00;6.0
19-09-2011 15:00;8.0
19-09-2011 16:00;10.4
19-09-2011 17:00;13.6
19-09-2011 18:00;16.6
19-09-2011 19:00;18.6
19-09-2011 20:00;19.6
19-09-2011 21:00;20.0
19-09-2011 22:00;18.8
19-09-2011 23:00;16.8
20-09-2011 0:00;13.0
20-09-2011 12:00;7.4
20-09-2011 13:00;6.8
20-09-2011 14:00;7.8
20-09-2011 15:00;9.6
20-09-2011 16:00;13.0
20-09-2011 17:00;15.8
20-09-2011 18:00;18.2
20-09-2011 19:00;20.2
20-09-2011 20:00;21.2
20-09-2011 21:00;21.4
20-09-2011 22:00;20.4
20-09-2011 23:00;18.2
21-09-2011 0:00;14.0
21-09-2011 12:00;8.4
21-09-2011 13:00;9.6
21-09-2011 14:00;10.4
21-09-2011 15:00;12.4
21-09-2011 16:00;14.0
21-09-2011 17:00;16.0
21-09-2011 18:00;17.6
21-09-2011 19:00;18.4
21-09-2011 20:00;18.0
21-09-2011 21:00;17.4
21-09-2011 22:00;18.6
21-09-2011 23:00;16.6
22-09-2011 0:00;11.0
22-09-2011 12:00;10.0
22-09-2011 13:00;10.4
22-09-2011 14:00;10.6
22-09-2011 15:00;11.0
22-09-2011 16:00;12.2
22-09-2011 17:00;14.0
22-09-2011 18:00;14.8
22-09-2011 19:00;15.6
22-09-2011 20:00;16.2
22-09-2011 21:00;15.6
22-09-2011 22:00;15.2
22-09-2011 23:00;14.6
23-09-2011 0:00;12.0
23-09-2011 12:00;6.8
23-09-2011 13:00;7.6
23-09-2011 14:00;10.0
23-09-2011 15:00;11.4
23-09-2011 16:00;13.6
23-09-2011 17:00;15.8
23-09-2011 18:00;17.6
23-09-2011 19:00;18.8
23-09-2011 20:00;19.6
23-09-2011 21:00;20.0
23-09-2011 22:00;19.4
23-09-2011 23:00;18.0
24-09-2011 0:00;13.0
24-09-2011 12:00;7.4
24-09-2011 13:00;9.2
24-09-2011 14:00;11.4
24-09-2011 15:00;13.6
24-09-2011 16:00;17.0
24-09-2011 17:00;18.0
24-09-2011 18:00;20.0
24-09-2011 19:00;20.4
24-09-2011 20:00;21.0
24-09-2011 21:00;20.6
24-09-2011 22:00;20.0
24-09-2011 23:00;18.0
25-09-2011 0:00;14.0
25-09-2011 12:00;10.4
25-09-2011 13:00;11.2
25-09-2011 14:00;12.2
25-09-2011 15:00;15.2
25-09-2011 16:00;17.0
25-09-2011 17:00;18.6
25-09-2011 18:00;19.8
25-09-2011 19:00;20.4
25-09-2011 20:00;20.6
25-09-2011 21:00;20.0
25-09-2011 22:00;18.6
25-09-2011 23:00;17.0
26-09-2011 0:00;12.0
26-09-2011 12:00;7.2
26-09-2011 13:00;8.6
26-09-2011 14:00;9.8
26-09-2011 15:00;11.8
26-09-2011 16:00;15.6
26-09-2011 17:00;17.8
26-09-2011 18:00;19.0
26-09-2011 19:00;19.4
26-09-2011 20:00;19.4
26-09-2011 21:00;19.2
26-09-2011 22:00;18.6
26-09-2011 23:00;17.4
27-09-2011 0:00;14.0
27-09-2011 12:00;11.8
27-09-2011 13:00;13.0
27-09-2011 14:00;16.0
27-09-2011 15:00;18.2
27-09-2011 16:00;19.4
27-09-2011 17:00;20.4
27-09-2011 18:00;20.2
27-09-2011 19:00;20.0
27-09-2011 20:00;20.2
27-09-2011 21:00;20.4
27-09-2011 22:00;20.0
27-09-2011 23:00;18.8
28-09-2011 0:00;16.0
28-09-2011 12:00;10.6
28-09-2011 13:00;11.4
28-09-2011 14:00;10.8
28-09-2011 15:00;11.4
28-09-2011 16:00;12.2
28-09-2011 17:00;12.4
28-09-2011 18:00;13.4
28-09-2011 19:00;13.6
28-09-2011 20:00;14.6
28-09-2011 21:00;14.8
28-09-2011 22:00;14.4
28-09-2011 23:00;13.6
29-09-2011 0:00;11.0
29-09-2011 12:00;5.6
29-09-2011 13:00;9.2
29-09-2011 14:00;12.0
29-09-2011 15:00;14.8
29-09-2011 16:00;15.6
29-09-2011 17:00;16.8
29-09-2011 18:00;17.0
29-09-2011 19:00;18.0
29-09-2011 20:00;18.2
29-09-2011 21:00;17.0
29-09-2011 22:00;17.0
29-09-2011 23:00;14.4
30-09-2011 0:00;11.0
30-09-2011 12:00;6.6
30-09-2011 13:00;8.0
30-09-2011 14:00;9.8
30-09-2011 15:00;12.2
30-09-2011 16:00;14.4
30-09-2011 17:00;15.6
30-09-2011 18:00;16.6
30-09-2011 19:00;18.4
30-09-2011 20:00;18.6
30-09-2011 21:00;18.6
30-09-2011 22:00;15.2
30-09-2011 23:00;13.0
01-10-2011 0:00;12.0
01-10-2011 12:00;7.2
01-10-2011 13:00;10.4
01-10-2011 14:00;13.2
01-10-2011 15:00;15.2
01-10-2011 16:00;16.0
01-10-2011 17:00;17.0
01-10-2011 18:00;17.6
01-10-2011 19:00;18.2
01-10-2011 20:00;18.6
01-10-2011 21:00;18.6
01-10-2011 22:00;17.8
01-10-2011 23:00;15.6
02-10-2011 0:00;10.4
02-10-2011 12:00;5.8
02-10-2011 13:00;8.6
02-10-2011 14:00;12.0
02-10-2011 15:00;15.0
02-10-2011 16:00;17.4
02-10-2011 17:00;19.6
02-10-2011 18:00;20.6
02-10-2011 19:00;21.6
02-10-2011 20:00;21.2
02-10-2011 21:00;21.6
02-10-2011 22:00;20.6
02-10-2011 23:00;18.0
03-10-2011 0:00;11.0
03-10-2011 12:00;7.6
03-10-2011 13:00;12.0
03-10-2011 14:00;14.0
03-10-2011 15:00;17.0
03-10-2011 16:00;19.2
03-10-2011 17:00;20.0
03-10-2011 18:00;20.4
03-10-2011 19:00;18.4
03-10-2011 20:00;16.8
03-10-2011 21:00;16.6
03-10-2011 22:00;15.2
03-10-2011 23:00;14.0
04-10-2011 0:00;10.0
04-10-2011 12:00;11.0
04-10-2011 13:00;12.7
04-10-2011 14:00;13.6
04-10-2011 15:00;14.4
04-10-2011 16:00;14.8
04-10-2011 17:00;14.8
04-10-2011 18:00;14.6
04-10-2011 19:00;15.2
04-10-2011 20:00;14.8
04-10-2011 21:00;14.8
04-10-2011 22:00;13.8
04-10-2011 23:00;13.0
05-10-2011 0:00;12.0
05-10-2011 12:00;9.0
05-10-2011 13:00;10.8
05-10-2011 14:00;13.4
05-10-2011 15:00;14.8
05-10-2011 16:00;16.6
05-10-2011 17:00;18.2
05-10-2011 18:00;18.8
05-10-2011 19:00;20.0
05-10-2011 20:00;19.8
05-10-2011 21:00;18.6
05-10-2011 22:00;15.6
05-10-2011 23:00;14.4
06-10-2011 0:00;13.0
06-10-2011 12:00;12.4
06-10-2011 13:00;12.4
06-10-2011 14:00;12.4
06-10-2011 15:00;12.0
06-10-2011 16:00;12.6
06-10-2011 17:00;13.0
06-10-2011 18:00;13.6
06-10-2011 19:00;13.6
06-10-2011 20:00;14.6
06-10-2011 21:00;14.6
06-10-2011 22:00;15.4
06-10-2011 23:00;13.8
07-10-2011 0:00;8.0
07-10-2011 12:00;6.0
07-10-2011 13:00;8.8
07-10-2011 14:00;11.2
07-10-2011 15:00;12.8
07-10-2011 16:00;14.0
07-10-2011 17:00;14.8
07-10-2011 18:00;15.2
07-10-2011 19:00;16.4
07-10-2011 20:00;13.8
07-10-2011 21:00;12.4
07-10-2011 22:00;10.8
07-10-2011 23:00;11.0
08-10-2011 0:00;6.0
08-10-2011 12:00;3.0
08-10-2011 13:00;5.8
08-10-2011 14:00;9.0
08-10-2011 15:00;11.6
08-10-2011 16:00;13.2
08-10-2011 17:00;14.0
08-10-2011 18:00;15.0
08-10-2011 19:00;15.4
08-10-2011 20:00;16.4
08-10-2011 21:00;16.8
08-10-2011 22:00;16.2
08-10-2011 23:00;15.0
09-10-2011 0:00;7.0
09-10-2011 12:00;5.8
09-10-2011 13:00;6.0
09-10-2011 14:00;7.2
09-10-2011 15:00;10.2
09-10-2011 16:00;12.8
09-10-2011 17:00;15.2
09-10-2011 18:00;17.2
09-10-2011 19:00;18.4
09-10-2011 20:00;19.4
09-10-2011 21:00;18.8
09-10-2011 22:00;17.2
09-10-2011 23:00;14.8
10-10-2011 0:00;7.8
10-10-2011 12:00;7.4
10-10-2011 13:00;9.2
10-10-2011 14:00;11.4
10-10-2011 15:00;13.0
10-10-2011 16:00;14.0
10-10-2011 17:00;14.8
10-10-2011 18:00;14.8
10-10-2011 19:00;14.8
10-10-2011 20:00;14.6
10-10-2011 21:00;15.0
10-10-2011 22:00;15.0
10-10-2011 23:00;14.4
11-10-2011 0:00;8.0
11-10-2011 12:00;5.2
11-10-2011 13:00;8.2
11-10-2011 14:00;9.8
11-10-2011 15:00;10.8
11-10-2011 16:00;12.2
11-10-2011 17:00;13.0
11-10-2011 18:00;13.6
11-10-2011 19:00;13.6
11-10-2011 20:00;14.0
11-10-2011 21:00;13.4
11-10-2011 22:00;12.2
11-10-2011 23:00;11.0
12-10-2011 0:00;10.0
12-10-2011 12:00;6.8
12-10-2011 13:00;9.2
12-10-2011 14:00;11.0
12-10-2011 15:00;12.0
12-10-2011 16:00;12.8
12-10-2011 17:00;13.6
12-10-2011 18:00;13.8
12-10-2011 19:00;13.0
12-10-2011 20:00;13.6
12-10-2011 21:00;12.6
12-10-2011 22:00;11.8
12-10-2011 23:00;11.2
13-10-2011 0:00;6.0
13-10-2011 12:00;6.6
13-10-2011 13:00;9.4
13-10-2011 14:00;12.0
13-10-2011 15:00;14.2
13-10-2011 16:00;15.6
13-10-2011 17:00;17.2
13-10-2011 18:00;18.4
13-10-2011 19:00;18.6
13-10-2011 20:00;19.4
13-10-2011 21:00;19.4
13-10-2011 22:00;19.4
13-10-2011 23:00;17.0
14-10-2011 0:00;9.0
14-10-2011 12:00;7.6
14-10-2011 13:00;11.2
14-10-2011 14:00;13.6
14-10-2011 15:00;15.4
14-10-2011 16:00;17.0
14-10-2011 17:00;18.4
14-10-2011 18:00;19.6
14-10-2011 19:00;20.0
14-10-2011 20:00;20.2
14-10-2011 21:00;20.0
14-10-2011 22:00;18.6
14-10-2011 23:00;15.8
15-10-2011 0:00;7.0
15-10-2011 12:00;7.4
15-10-2011 13:00;9.4
15-10-2011 14:00;10.6
15-10-2011 15:00;13.2
15-10-2011 16:00;15.2
15-10-2011 17:00;17.0
15-10-2011 18:00;17.4
15-10-2011 19:00;18.0
15-10-2011 20:00;18.0
15-10-2011 21:00;16.6
15-10-2011 22:00;15.6
15-10-2011 23:00;14.0
16-10-2011 0:00;10.0
16-10-2011 12:00;9.2
16-10-2011 13:00;9.8
16-10-2011 14:00;11.8
16-10-2011 15:00;12.0
16-10-2011 16:00;12.4
16-10-2011 17:00;13.2
16-10-2011 18:00;14.2
16-10-2011 19:00;15.6
16-10-2011 20:00;17.0
16-10-2011 21:00;17.4
16-10-2011 22:00;16.6
16-10-2011 23:00;14.8
17-10-2011 0:00;11.0
17-10-2011 12:00;7.6
17-10-2011 13:00;8.6
17-10-2011 14:00;10.4
17-10-2011 15:00;12.4
17-10-2011 16:00;15.6
17-10-2011 17:00;15.4
17-10-2011 18:00;16.0
17-10-2011 19:00;15.0
17-10-2011 20:00;13.8
17-10-2011 21:00;12.1
17-10-2011 22:00;11.6
17-10-2011 23:00;11.2
18-10-2011 0:00;10.0
18-10-2011 12:00;5.2
18-10-2011 13:00;8.0
18-10-2011 14:00;12.6
18-10-2011 15:00;15.4
18-10-2011 16:00;17.4
18-10-2011 17:00;19.0
18-10-2011 18:00;20.0
18-10-2011 19:00;21.0
18-10-2011 20:00;22.0
18-10-2011 21:00;22.2
18-10-2011 22:00;21.8
18-10-2011 23:00;19.0
19-10-2011 0:00;14.0
19-10-2011 12:00;8.6
19-10-2011 13:00;12.0
19-10-2011 14:00;14.6
19-10-2011 15:00;16.2
19-10-2011 16:00;19.2
19-10-2011 17:00;21.2
19-10-2011 18:00;22.8
19-10-2011 19:00;24.0
19-10-2011 20:00;24.0
19-10-2011 21:00;24.0
19-10-2011 22:00;23.6
19-10-2011 23:00;20.4
20-10-2011 0:00;13.0
20-10-2011 12:00;10.2
20-10-2011 13:00;12.4
20-10-2011 14:00;15.0
20-10-2011 15:00;18.0
20-10-2011 16:00;20.0
20-10-2011 17:00;21.6
20-10-2011 18:00;22.8
20-10-2011 19:00;23.6
20-10-2011 20:00;23.8
20-10-2011 21:00;23.8
20-10-2011 22:00;23.4
20-10-2011 23:00;22.0
21-10-2011 0:00;14.0
21-10-2011 12:00;10.8
21-10-2011 13:00;12.8
21-10-2011 14:00;14.2
21-10-2011 15:00;15.6
21-10-2011 16:00;17.2
21-10-2011 17:00;18.8
21-10-2011 18:00;19.6
21-10-2011 19:00;19.4
21-10-2011 20:00;18.8
21-10-2011 21:00;19.0
21-10-2011 22:00;18.2
21-10-2011 23:00;17.0
22-10-2011 0:00;11.0
22-10-2011 12:00;7.4
22-10-2011 13:00;9.0
22-10-2011 14:00;12.0
22-10-2011 15:00;14.0
22-10-2011 16:00;16.8
22-10-2011 17:00;18.4
22-10-2011 18:00;19.8
22-10-2011 19:00;21.0
22-10-2011 20:00;21.4
22-10-2011 21:00;22.0
22-10-2011 22:00;21.4
22-10-2011 23:00;20.0
23-10-2011 0:00;12.0
23-10-2011 12:00;8.2
23-10-2011 13:00;11.0
23-10-2011 14:00;14.6
23-10-2011 15:00;18.0
23-10-2011 16:00;19.6
23-10-2011 17:00;20.4
23-10-2011 18:00;21.4
23-10-2011 19:00;22.0
23-10-2011 20:00;22.0
23-10-2011 21:00;22.6
23-10-2011 22:00;22.2
23-10-2011 23:00;20.0
24-10-2011 0:00;12.0
24-10-2011 12:00;9.6
24-10-2011 13:00;11.2
24-10-2011 14:00;11.6
24-10-2011 15:00;13.0
24-10-2011 16:00;15.0
24-10-2011 17:00;15.8
24-10-2011 18:00;17.8
24-10-2011 19:00;19.0
24-10-2011 20:00;20.4
24-10-2011 21:00;20.8
24-10-2011 22:00;19.8
24-10-2011 23:00;19.2
25-10-2011 0:00;18.0
25-10-2011 12:00;8.4
25-10-2011 13:00;10.6
25-10-2011 14:00;13.2
25-10-2011 15:00;15.6
25-10-2011 16:00;17.2
25-10-2011 17:00;18.8
25-10-2011 18:00;20.4
25-10-2011 19:00;21.2
25-10-2011 20:00;20.0
25-10-2011 21:00;22.2
25-10-2011 22:00;22.0
25-10-2011 23:00;20.6
26-10-2011 0:00;14.0
26-10-2011 12:00;10.0
26-10-2011 13:00;12.8
26-10-2011 14:00;15.4
26-10-2011 15:00;18.4
26-10-2011 16:00;20.2
26-10-2011 17:00;21.8
26-10-2011 18:00;23.0
26-10-2011 19:00;24.0
26-10-2011 20:00;24.4
26-10-2011 21:00;22.6
26-10-2011 22:00;20.4
26-10-2011 23:00;16.8
27-10-2011 0:00;13.0
27-10-2011 12:00;8.6
27-10-2011 13:00;10.2
27-10-2011 14:00;11.0
27-10-2011 15:00;11.6
27-10-2011 16:00;12.6
27-10-2011 17:00;14.6
27-10-2011 18:00;16.4
27-10-2011 19:00;18.0
27-10-2011 20:00;19.0
27-10-2011 21:00;19.0
27-10-2011 22:00;17.4
27-10-2011 23:00;15.0
28-10-2011 0:00;12.0
28-10-2011 12:00;7.2
28-10-2011 13:00;11.4
28-10-2011 14:00;14.6
28-10-2011 15:00;16.6
28-10-2011 16:00;18.0
28-10-2011 17:00;18.6
28-10-2011 18:00;19.6
28-10-2011 19:00;20.0
28-10-2011 20:00;20.0
28-10-2011 21:00;19.6
28-10-2011 22:00;19.0
28-10-2011 23:00;17.4
29-10-2011 0:00;13.0
29-10-2011 12:00;9.4
29-10-2011 13:00;11.4
29-10-2011 14:00;14.0
29-10-2011 15:00;16.0
29-10-2011 16:00;17.6
29-10-2011 17:00;19.4
29-10-2011 18:00;20.2
29-10-2011 19:00;21.4
29-10-2011 20:00;22.0
29-10-2011 21:00;22.0
29-10-2011 22:00;21.2
29-10-2011 23:00;19.8
30-10-2011 0:00;15.0
30-10-2011 12:00;9.6
30-10-2011 13:00;12.2
30-10-2011 14:00;14.4
30-10-2011 15:00;17.0
30-10-2011 16:00;19.8
30-10-2011 17:00;22.4
30-10-2011 18:00;24.0
30-10-2011 19:00;25.6
30-10-2011 20:00;26.6
30-10-2011 21:00;27.4
30-10-2011 22:00;27.2
30-10-2011 23:00;25.6
31-10-2011 0:00;22.0
31-10-2011 12:00;14.0
31-10-2011 13:00;16.6
31-10-2011 14:00;18.6
31-10-2011 15:00;20.4
31-10-2011 16:00;22.4
31-10-2011 17:00;24.0
31-10-2011 18:00;25.2
31-10-2011 19:00;26.6
31-10-2011 20:00;25.4
31-10-2011 21:00;22.0
31-10-2011 22:00;20.0
31-10-2011 23:00;15.8
01-11-2011 0:00;12.0
01-11-2011 12:00;10.8
01-11-2011 13:00;11.6
01-11-2011 14:00;12.2
01-11-2011 15:00;13.6
01-11-2011 16:00;14.0
01-11-2011 17:00;14.8
01-11-2011 18:00;15.4
01-11-2011 19:00;16.2
01-11-2011 20:00;16.8
01-11-2011 21:00;16.6
01-11-2011 22:00;16.4
01-11-2011 23:00;15.8
02-11-2011 0:00;12.0
02-11-2011 12:00;7.0
02-11-2011 13:00;10.0
02-11-2011 14:00;14.2
02-11-2011 15:00;16.8
02-11-2011 16:00;18.6
02-11-2011 17:00;19.6
02-11-2011 18:00;21.0
02-11-2011 19:00;21.8
02-11-2011 20:00;22.4
02-11-2011 21:00;22.8
02-11-2011 22:00;22.4
02-11-2011 23:00;20.8
03-11-2011 0:00;14.0
03-11-2011 12:00;9.0
03-11-2011 13:00;12.2
03-11-2011 14:00;15.4
03-11-2011 15:00;13.6
03-11-2011 16:00;20.0
03-11-2011 17:00;21.2
03-11-2011 18:00;22.2
03-11-2011 19:00;23.0
03-11-2011 20:00;23.8
03-11-2011 21:00;23.4
03-11-2011 22:00;21.4
03-11-2011 23:00;18.4
04-11-2011 0:00;13.0
04-11-2011 12:00;10.4
04-11-2011 13:00;11.0
04-11-2011 14:00;13.2
04-11-2011 15:00;15.2
04-11-2011 16:00;17.0
04-11-2011 17:00;19.0
04-11-2011 18:00;20.6
04-11-2011 19:00;22.0
04-11-2011 20:00;22.6
04-11-2011 21:00;23.0
04-11-2011 22:00;22.4
04-11-2011 23:00;21.0
05-11-2011 0:00;15.0
05-11-2011 12:00;9.4
05-11-2011 13:00;12.8
05-11-2011 14:00;16.2
05-11-2011 15:00;19.4
05-11-2011 16:00;21.2
05-11-2011 17:00;22.8
05-11-2011 18:00;24.2
05-11-2011 19:00;25.0
05-11-2011 20:00;26.6
05-11-2011 21:00;25.2
05-11-2011 22:00;24.6
05-11-2011 23:00;23.2
06-11-2011 0:00;15.0
06-11-2011 12:00;10.6
06-11-2011 13:00;12.8
06-11-2011 14:00;13.2
06-11-2011 15:00;15.2
06-11-2011 16:00;17.2
06-11-2011 17:00;19.6
06-11-2011 18:00;22.6
06-11-2011 19:00;23.2
06-11-2011 20:00;24.0
06-11-2011 21:00;24.8
06-11-2011 22:00;23.6
06-11-2011 23:00;20.0
07-11-2011 0:00;14.0
07-11-2011 12:00;12.6
07-11-2011 13:00;15.0
07-11-2011 14:00;17.6
07-11-2011 15:00;20.0
07-11-2011 16:00;21.4
07-11-2011 17:00;22.0
07-11-2011 18:00;23.4
07-11-2011 19:00;24.4
07-11-2011 20:00;23.8
07-11-2011 21:00;24.0
07-11-2011 22:00;22.4
07-11-2011 23:00;19.4
08-11-2011 0:00;13.0
08-11-2011 12:00;12.4
08-11-2011 13:00;14.0
08-11-2011 14:00;15.6
08-11-2011 15:00;17.0
08-11-2011 16:00;17.6
08-11-2011 17:00;17.0
08-11-2011 18:00;15.4
08-11-2011 19:00;13.2
08-11-2011 20:00;11.4
08-11-2011 21:00;11.4
08-11-2011 22:00;12.0
08-11-2011 23:00;12.4
09-11-2011 0:00;9.5
09-11-2011 12:00;10.4
09-11-2011 13:00;11.1
09-11-2011 14:00;12.6
09-11-2011 15:00;13.8
09-11-2011 16:00;14.4
09-11-2011 17:00;15.0
09-11-2011 18:00;15.7
09-11-2011 19:00;15.6
09-11-2011 20:00;16.6
09-11-2011 21:00;17.1
09-11-2011 22:00;16.6
09-11-2011 23:00;15.2
10-11-2011 0:00;
10-11-2011 12:00;9.2
10-11-2011 13:00;12.3
10-11-2011 14:00;14.2
10-11-2011 15:00;15.7
10-11-2011 16:00;16.7
10-11-2011 17:00;18.4
10-11-2011 18:00;19.4
10-11-2011 19:00;20.5
10-11-2011 20:00;20.9
10-11-2011 21:00;21.2
10-11-2011 22:00;20.4
10-11-2011 23:00;19.4
11-11-2011 0:00;15.0
11-11-2011 12:00;9.0
11-11-2011 13:00;11.6
11-11-2011 14:00;14.0
11-11-2011 15:00;16.8
11-11-2011 16:00;19.2
11-11-2011 17:00;21.4
11-11-2011 18:00;22.6
11-11-2011 19:00;24.0
11-11-2011 20:00;25.0
11-11-2011 21:00;25.4
11-11-2011 22:00;25.2
11-11-2011 23:00;24.4
12-11-2011 0:00;19.0
12-11-2011 12:00;12.0
12-11-2011 13:00;14.4
12-11-2011 14:00;17.0
12-11-2011 15:00;19.0
12-11-2011 16:00;20.6
12-11-2011 17:00;22.0
12-11-2011 18:00;23.0
12-11-2011 19:00;24.0
12-11-2011 20:00;24.8
12-11-2011 21:00;23.4
12-11-2011 22:00;21.0
12-11-2011 23:00;17.6
13-11-2011 0:00;12.0
13-11-2011 12:00;13.6
13-11-2011 13:00;14.4
13-11-2011 14:00;16.0
13-11-2011 15:00;16.6
13-11-2011 16:00;17.4
13-11-2011 17:00;18.0
13-11-2011 18:00;18.2
13-11-2011 19:00;19.0
13-11-2011 20:00;20.4
13-11-2011 21:00;20.6
13-11-2011 22:00;20.0
13-11-2011 23:00;20.0
14-11-2011 0:00;13.0
14-11-2011 12:00;12.2
14-11-2011 13:00;13.2
14-11-2011 14:00;14.8
14-11-2011 15:00;17.6
14-11-2011 16:00;20.0
14-11-2011 17:00;22.2
14-11-2011 18:00;24.0
14-11-2011 19:00;25.7
14-11-2011 20:00;26.2
14-11-2011 21:00;26.6
14-11-2011 22:00;25.8
14-11-2011 23:00;24.2
15-11-2011 0:00;21.0
15-11-2011 12:00;15.6
15-11-2011 13:00;14.6
15-11-2011 14:00;18.0
15-11-2011 15:00;19.0
15-11-2011 16:00;20.8
15-11-2011 17:00;22.6
15-11-2011 18:00;24.4
15-11-2011 19:00;26.0
15-11-2011 20:00;27.0
15-11-2011 21:00;27.6
15-11-2011 22:00;25.4
15-11-2011 23:00;23.4
16-11-2011 0:00;17.4
16-11-2011 12:00;16.4
16-11-2011 13:00;18.0
16-11-2011 14:00;19.4
16-11-2011 15:00;20.8
16-11-2011 16:00;22.0
16-11-2011 17:00;23.2
16-11-2011 18:00;24.4
16-11-2011 19:00;24.2
16-11-2011 20:00;24.2
16-11-2011 21:00;23.0
16-11-2011 22:00;22.8
16-11-2011 23:00;19.8
17-11-2011 0:00;17.4
17-11-2011 12:00;13.8
17-11-2011 13:00;14.6
17-11-2011 14:00;15.8
17-11-2011 15:00;18.0
17-11-2011 16:00;18.8
17-11-2011 17:00;20.0
17-11-2011 18:00;20.8
17-11-2011 19:00;21.0
17-11-2011 20:00;21.0
17-11-2011 21:00;21.8
17-11-2011 22:00;19.8
17-11-2011 23:00;17.6
18-11-2011 0:00;15.2
18-11-2011 12:00;11.6
18-11-2011 13:00;12.4
18-11-2011 14:00;13.8
18-11-2011 15:00;15.2
18-11-2011 16:00;15.2
18-11-2011 17:00;14.8
18-11-2011 18:00;14.8
18-11-2011 19:00;15.0
18-11-2011 20:00;15.2
18-11-2011 21:00;15.4
18-11-2011 22:00;15.2
18-11-2011 23:00;14.8
19-11-2011 0:00;14.6
19-11-2011 12:00;10.0
19-11-2011 13:00;13.6
19-11-2011 14:00;15.8
19-11-2011 15:00;16.6
19-11-2011 16:00;18.2
19-11-2011 17:00;19.6
19-11-2011 18:00;20.8
19-11-2011 19:00;20.8
19-11-2011 20:00;21.0
19-11-2011 21:00;20.8
19-11-2011 22:00;19.6
19-11-2011 23:00;17.2
20-11-2011 0:00;14.4
20-11-2011 12:00;10.6
20-11-2011 13:00;11.6
20-11-2011 14:00;13.6
20-11-2011 15:00;16.0
20-11-2011 16:00;18.0
20-11-2011 17:00;19.0
20-11-2011 18:00;18.8
20-11-2011 19:00;19.8
20-11-2011 20:00;20.0
20-11-2011 21:00;19.0
20-11-2011 22:00;18.6
20-11-2011 23:00;17.4
21-11-2011 0:00;15.6
21-11-2011 12:00;11.2
21-11-2011 13:00;12.8
21-11-2011 14:00;14.4
21-11-2011 15:00;16.8
21-11-2011 16:00;18.4
21-11-2011 17:00;19.2
21-11-2011 18:00;20.6
21-11-2011 19:00;21.4
21-11-2011 20:00;22.6
21-11-2011 21:00;22.4
21-11-2011 22:00;22.2
21-11-2011 23:00;21.4
22-11-2011 0:00;19.2
22-11-2011 12:00;11.0
22-11-2011 13:00;14.2
22-11-2011 14:00;17.2
22-11-2011 15:00;19.0
22-11-2011 16:00;22.4
22-11-2011 17:00;23.4
22-11-2011 18:00;24.2
22-11-2011 19:00;24.8
22-11-2011 20:00;23.6
22-11-2011 21:00;23.6
22-11-2011 22:00;20.4
22-11-2011 23:00;18.4
23-11-2011 0:00;16.8
23-11-2011 12:00;14.4
23-11-2011 13:00;15.8
23-11-2011 14:00;17.0
23-11-2011 15:00;18.6
23-11-2011 16:00;20.6
23-11-2011 17:00;20.8
23-11-2011 18:00;18.8
23-11-2011 19:00;19.0
23-11-2011 20:00;20.0
23-11-2011 21:00;19.7
24-11-2011 0:00;
24-11-2011 12:00;13.5
24-11-2011 13:00;15.7
24-11-2011 14:00;17.3
24-11-2011 15:00;18.7
24-11-2011 16:00;19.7
24-11-2011 17:00;21.7
24-11-2011 18:00;22.6
24-11-2011 19:00;23.5
24-11-2011 20:00;23.9
24-11-2011 21:00;23.9
25-11-2011 0:00;17.0
25-11-2011 12:00;14.0
25-11-2011 13:00;16.6
25-11-2011 14:00;18.4
25-11-2011 15:00;20.0
25-11-2011 16:00;21.6
25-11-2011 17:00;23.4
25-11-2011 18:00;24.2
25-11-2011 19:00;25.0
25-11-2011 20:00;25.2
25-11-2011 21:00;25.0
26-11-2011 0:00;19.0
26-11-2011 12:00;8.8
26-11-2011 13:00;9.8
26-11-2011 14:00;12.8
26-11-2011 15:00;16.4
26-11-2011 16:00;19.6
26-11-2011 17:00;22.2
26-11-2011 18:00;24.0
26-11-2011 19:00;25.0
26-11-2011 20:00;25.6
26-11-2011 21:00;27.0
27-11-2011 0:00;19.0
27-11-2011 12:00;11.0
27-11-2011 13:00;13.2
27-11-2011 14:00;15.0
27-11-2011 15:00;16.6
27-11-2011 16:00;18.0
27-11-2011 17:00;20.0
27-11-2011 18:00;20.8
27-11-2011 19:00;22.4
27-11-2011 20:00;21.6
27-11-2011 21:00;22.4
28-11-2011 0:00;
28-11-2011 12:00;8.8
28-11-2011 13:00;17.5
28-11-2011 14:00;20.3
28-11-2011 15:00;22.4
28-11-2011 16:00;23.9
28-11-2011 17:00;25.2
28-11-2011 18:00;26.2
28-11-2011 19:00;26.9
28-11-2011 20:00;27.0
28-11-2011 21:00;27.4
29-11-2011 0:00;
29-11-2011 12:00;13.9
29-11-2011 13:00;16.7
29-11-2011 14:00;19.5
29-11-2011 15:00;21.5
29-11-2011 16:00;22.7
29-11-2011 17:00;24.2
29-11-2011 18:00;25.3
29-11-2011 19:00;26.0
29-11-2011 20:00;26.5
29-11-2011 21:00;26.1
30-11-2011 0:00;
30-11-2011 12:00;11.2
30-11-2011 13:00;14.1
30-11-2011 14:00;17.3
30-11-2011 15:00;19.8
30-11-2011 16:00;22.9
30-11-2011 17:00;25.4
30-11-2011 18:00;27.3
30-11-2011 19:00;29.5
30-11-2011 20:00;30.7
30-11-2011 21:00;31.0
01-12-2011 0:00;24.0
01-12-2011 12:00;17.0
01-12-2011 13:00;19.8
01-12-2011 14:00;21.6
01-12-2011 15:00;23.6
01-12-2011 16:00;25.2
01-12-2011 17:00;27.0
01-12-2011 18:00;28.4
01-12-2011 19:00;28.4
01-12-2011 20:00;25.0
01-12-2011 21:00;24.2
02-12-2011 0:00;15.0
02-12-2011 12:00;12.2
02-12-2011 13:00;12.8
02-12-2011 14:00;13.4
02-12-2011 15:00;15.2
02-12-2011 16:00;16.8
02-12-2011 17:00;17.4
02-12-2011 18:00;19.2
02-12-2011 19:00;20.0
02-12-2011 20:00;21.2
02-12-2011 21:00;22.0
03-12-2011 0:00;15.0
03-12-2011 12:00;13.8
03-12-2011 13:00;16.4
03-12-2011 14:00;18.0
03-12-2011 15:00;19.4
03-12-2011 16:00;21.2
03-12-2011 17:00;22.6
03-12-2011 18:00;23.2
03-12-2011 19:00;23.6
03-12-2011 20:00;22.8
03-12-2011 21:00;22.0
04-12-2011 0:00;19.0
04-12-2011 12:00;12.4
04-12-2011 13:00;16.6
04-12-2011 14:00;19.0
04-12-2011 15:00;21.6
04-12-2011 16:00;22.4
04-12-2011 17:00;23.6
04-12-2011 18:00;24.2
04-12-2011 19:00;25.0
04-12-2011 20:00;25.6
04-12-2011 21:00;25.6
05-12-2011 0:00;24.0
05-12-2011 12:00;13.8
05-12-2011 13:00;15.7
05-12-2011 14:00;18.5
05-12-2011 15:00;21.1
05-12-2011 16:00;23.3
05-12-2011 17:00;25.3
05-12-2011 18:00;26.6
05-12-2011 19:00;27.8
05-12-2011 20:00;29.9
05-12-2011 21:00;28.1
06-12-2011 0:00;23.0
06-12-2011 12:00;14.5
06-12-2011 13:00;17.0
06-12-2011 14:00;19.8
06-12-2011 15:00;21.9
06-12-2011 16:00;24.0
06-12-2011 17:00;26.8
06-12-2011 18:00;27.3
06-12-2011 19:00;28.5
06-12-2011 20:00;29.6
06-12-2011 21:00;29.5
07-12-2011 0:00;22.0
07-12-2011 12:00;15.8
07-12-2011 13:00;18.1
07-12-2011 14:00;20.2
07-12-2011 15:00;22.1
07-12-2011 16:00;23.9
07-12-2011 17:00;25.5
07-12-2011 18:00;27.3
07-12-2011 19:00;28.5
07-12-2011 20:00;28.8
07-12-2011 21:00;29.3
08-12-2011 0:00;22.4
08-12-2011 12:00;15.6
08-12-2011 13:00;18.4
08-12-2011 14:00;20.6
08-12-2011 15:00;24.6
08-12-2011 16:00;25.3
08-12-2011 17:00;27.0
08-12-2011 18:00;28.2
08-12-2011 19:00;29.2
08-12-2011 20:00;30.2
08-12-2011 21:00;30.0
09-12-2011 0:00;18.0
09-12-2011 12:00;15.4
09-12-2011 13:00;18.2
09-12-2011 14:00;20.6
09-12-2011 15:00;23.2
09-12-2011 16:00;25.2
09-12-2011 17:00;27.0
09-12-2011 18:00;28.8
09-12-2011 19:00;29.8
09-12-2011 20:00;30.2
09-12-2011 21:00;30.8
10-12-2011 0:00;18.0
10-12-2011 12:00;13.8
10-12-2011 13:00;16.6
10-12-2011 14:00;18.6
10-12-2011 15:00;20.8
10-12-2011 16:00;22.8
10-12-2011 17:00;24.8
10-12-2011 18:00;25.4
10-12-2011 19:00;26.0
10-12-2011 20:00;26.4
10-12-2011 21:00;26.6
11-12-2011 0:00;18.0
11-12-2011 12:00;13.2
11-12-2011 13:00;16.0
11-12-2011 14:00;18.4
11-12-2011 15:00;20.4
11-12-2011 16:00;22.6
11-12-2011 17:00;23.6
11-12-2011 18:00;24.6
11-12-2011 19:00;25.0
11-12-2011 20:00;25.3
11-12-2011 21:00;24.9
12-12-2011 0:00;20.0
12-12-2011 12:00;13.6
12-12-2011 13:00;15.9
12-12-2011 14:00;18.3
12-12-2011 15:00;20.8
12-12-2011 16:00;22.5
12-12-2011 17:00;24.8
12-12-2011 18:00;26.2
12-12-2011 19:00;27.4
12-12-2011 20:00;28.5
12-12-2011 21:00;28.5
13-12-2011 0:00;24.0
13-12-2011 12:00;13.4
13-12-2011 13:00;20.5
13-12-2011 14:00;23.2
13-12-2011 15:00;25.5
13-12-2011 16:00;27.0
13-12-2011 17:00;29.1
13-12-2011 18:00;30.5
13-12-2011 19:00;32.0
13-12-2011 20:00;32.7
13-12-2011 21:00;33.4
14-12-2011 0:00;25.0
14-12-2011 12:00;18.0
14-12-2011 13:00;20.3
14-12-2011 14:00;22.0
14-12-2011 15:00;23.7
14-12-2011 16:00;25.5
14-12-2011 17:00;27.3
14-12-2011 18:00;29.2
14-12-2011 19:00;29.9
14-12-2011 20:00;31.0
14-12-2011 21:00;30.5
15-12-2011 0:00;16.0
15-12-2011 12:00;15.4
15-12-2011 13:00;17.0
15-12-2011 14:00;19.2
15-12-2011 15:00;20.8
15-12-2011 16:00;22.4
15-12-2011 17:00;23.2
15-12-2011 18:00;24.6
15-12-2011 19:00;26.0
15-12-2011 20:00;26.6
15-12-2011 21:00;27.4
16-12-2011 0:00;18.5
16-12-2011 12:00;14.5
16-12-2011 13:00;17.7
16-12-2011 14:00;17.1
16-12-2011 15:00;20.0
16-12-2011 16:00;20.9
16-12-2011 17:00;23.0
16-12-2011 18:00;23.7
16-12-2011 19:00;24.8
16-12-2011 20:00;24.5
16-12-2011 21:00;25.9
17-12-2011 0:00;17.0
17-12-2011 12:00;16.6
17-12-2011 13:00;19.0
17-12-2011 14:00;21.6
17-12-2011 15:00;23.8
17-12-2011 16:00;26.0
17-12-2011 17:00;27.6
17-12-2011 18:00;29.2
17-12-2011 19:00;30.0
17-12-2011 20:00;30.4
17-12-2011 21:00;30.4
18-12-2011 0:00;20.0
18-12-2011 12:00;18.7
18-12-2011 13:00;21.3
18-12-2011 14:00;23.3
18-12-2011 15:00;25.0
18-12-2011 16:00;25.9
18-12-2011 17:00;26.9
18-12-2011 18:00;27.8
18-12-2011 19:00;28.3
18-12-2011 20:00;29.0
18-12-2011 21:00;29.2
19-12-2011 0:00;18.0
19-12-2011 12:00;14.6
19-12-2011 13:00;17.6
19-12-2011 14:00;19.4
19-12-2011 15:00;21.6
19-12-2011 16:00;23.4
19-12-2011 17:00;24.6
19-12-2011 18:00;25.8
19-12-2011 19:00;26.6
19-12-2011 20:00;24.4
19-12-2011 21:00;26.4
20-12-2011 0:00;20.0
20-12-2011 12:00;15.0
20-12-2011 13:00;19.4
20-12-2011 14:00;22.2
20-12-2011 15:00;24.0
20-12-2011 16:00;24.8
20-12-2011 17:00;25.8
20-12-2011 18:00;25.6
20-12-2011 19:00;27.0
20-12-2011 20:00;25.8
20-12-2011 21:00;26.0
21-12-2011 0:00;20.4
21-12-2011 12:00;14.7
21-12-2011 13:00;16.8
21-12-2011 14:00;18.8
21-12-2011 15:00;19.5
21-12-2011 16:00;20.7
21-12-2011 17:00;21.9
21-12-2011 18:00;22.6
21-12-2011 19:00;23.3
21-12-2011 20:00;24.0
21-12-2011 21:00;24.1
22-12-2011 0:00;21.0
22-12-2011 12:00;13.6
22-12-2011 13:00;15.0
22-12-2011 14:00;17.3
22-12-2011 15:00;18.8
22-12-2011 16:00;19.9
22-12-2011 17:00;20.7
22-12-2011 18:00;21.5
22-12-2011 19:00;22.3
22-12-2011 20:00;22.3
22-12-2011 21:00;22.0
23-12-2011 0:00;18.6
23-12-2011 12:00;10.2
23-12-2011 13:00;13.0
23-12-2011 14:00;15.0
23-12-2011 15:00;17.6
23-12-2011 16:00;20.0
23-12-2011 17:00;22.0
23-12-2011 18:00;24.0
23-12-2011 19:00;25.8
23-12-2011 20:00;26.6
23-12-2011 21:00;26.8
23-12-2011 22:00;26.2
23-12-2011 23:00;25.0
24-12-2011 0:00;23.0
24-12-2011 12:00;13.8
24-12-2011 13:00;17.2
24-12-2011 14:00;20.8
24-12-2011 15:00;24.6
24-12-2011 16:00;28.0
24-12-2011 17:00;29.8
24-12-2011 18:00;31.0
24-12-2011 19:00;32.0
24-12-2011 20:00;33.0
24-12-2011 21:00;33.6
24-12-2011 22:00;33.2
24-12-2011 23:00;32.0
25-12-2011 0:00;29.8
25-12-2011 12:00;18.6
25-12-2011 13:00;22.0
25-12-2011 14:00;24.6
25-12-2011 15:00;27.0
25-12-2011 16:00;28.8
25-12-2011 17:00;30.8
25-12-2011 18:00;32.0
25-12-2011 19:00;34.0
25-12-2011 20:00;34.0
25-12-2011 21:00;34.2
25-12-2011 22:00;31.0
25-12-2011 23:00;30.0
26-12-2011 0:00;26.6
26-12-2011 12:00;17.6
26-12-2011 13:00;20.2
26-12-2011 14:00;23.4
26-12-2011 15:00;25.8
26-12-2011 16:00;28.2
26-12-2011 17:00;30.6
26-12-2011 18:00;32.2
26-12-2011 19:00;33.4
26-12-2011 20:00;34.0
26-12-2011 21:00;34.2
26-12-2011 22:00;33.8
26-12-2011 23:00;31.6
27-12-2011 0:00;29.8
27-12-2011 12:00;17.8
27-12-2011 13:00;20.8
27-12-2011 14:00;23.2
27-12-2011 15:00;25.6
27-12-2011 16:00;27.6
27-12-2011 17:00;29.8
27-12-2011 18:00;31.8
27-12-2011 19:00;33.2
27-12-2011 20:00;33.8
27-12-2011 21:00;34.2
27-12-2011 22:00;32.8
27-12-2011 23:00;31.2
28-12-2011 0:00;26.8
28-12-2011 12:00;16.4
28-12-2011 13:00;19.0
28-12-2011 14:00;21.4
28-12-2011 15:00;23.2
28-12-2011 16:00;25.0
28-12-2011 17:00;27.4
28-12-2011 18:00;29.8
28-12-2011 19:00;31.8
28-12-2011 20:00;33.0
28-12-2011 21:00;32.8
28-12-2011 22:00;30.4
28-12-2011 23:00;28.6
29-12-2011 0:00;26.0
29-12-2011 12:00;18.2
29-12-2011 13:00;20.2
29-12-2011 14:00;22.6
29-12-2011 15:00;25.2
29-12-2011 16:00;27.6
29-12-2011 17:00;30.0
29-12-2011 18:00;30.8
29-12-2011 19:00;32.0
29-12-2011 20:00;32.0
29-12-2011 21:00;31.2
29-12-2011 22:00;31.2
29-12-2011 23:00;30.0
30-12-2011 0:00;27.4
30-12-2011 12:00;15.6
30-12-2011 13:00;18.2
30-12-2011 14:00;20.6
30-12-2011 15:00;23.0
30-12-2011 16:00;25.6
30-12-2011 17:00;28.0
30-12-2011 18:00;29.8
30-12-2011 19:00;32.0
30-12-2011 20:00;33.2
30-12-2011 21:00;33.8
30-12-2011 22:00;33.8
30-12-2011 23:00;32.0
31-12-2011 0:00;30.0
31-12-2011 12:00;17.8
31-12-2011 13:00;20.2
31-12-2011 14:00;22.4
31-12-2011 15:00;24.6
31-12-2011 16:00;26.6
31-12-2011 17:00;27.4
31-12-2011 18:00;29.4
31-12-2011 19:00;31.6
31-12-2011 20:00;30.6
31-12-2011 21:00;30.4
31-12-2011 22:00;29.6
31-12-2011 23:00;28.0
