FECHA (YYMMDD);HORA (HHMM);Registros validados;Registros preliminares;Registros no validados;
120316;0000;;45,2017;;
120317;0000;;55,9338;;
120318;0000;;44,3763;;
120319;0000;;18,3663;;
120320;0000;;21,1594;;
120321;0000;;29,6971;;
120322;0000;;37,27;;
120323;0000;;31,3421;;
120324;0000;;26,4921;;
120325;0000;;21,5713;;
120326;0000;;34,8746;;
120327;0000;;60,0425;;
120328;0000;;53,1971;;
120329;0000;;;;
120330;0000;;;;
120331;0000;;54,42;;
120401;0000;;33,3701;;
120402;0000;;52,1338;;
120403;0000;;47,0959;;
120404;0000;;23,1038;;
120405;0000;;27,2871;;
120406;0000;;26,1533;;
120407;0000;;20,1675;;
120408;0000;;19,9951;;
120409;0000;;37,4659;;
120410;0000;;53,6392;;
120411;0000;;65,2218;;
120412;0000;;64,8518;;
120413;0000;;89,2605;;
120414;0000;;44,2421;;
120415;0000;;35,7713;;
120416;0000;;46,5925;;
120417;0000;;52,6521;;
120418;0000;;51,6;;
120419;0000;;45,9954;;
120420;0000;;47,1871;;
120421;0000;;100,291;;
120422;0000;;78,2627;;
120423;0000;;72,5013;;
120424;0000;;125,184;;
120425;0000;;158,517;;
120426;0000;;176,225;;
120427;0000;;128,74;;
120428;0000;;53,4225;;
120429;0000;;106,947;;
120430;0000;;97,6272;;
120501;0000;;98,6783;;
120502;0000;;127,835;;
120503;0000;;93,4088;;
120504;0000;;145,822;;
120505;0000;;81,6293;;
120506;0000;;40,0492;;
120507;0000;;26,796;;
120508;0000;;;;
120509;0000;;134,851;;
120510;0000;;113,171;;
120511;0000;;34,5222;;
120512;0000;;163,588;;
120513;0000;;140,958;;
120514;0000;;253,341;;
120515;0000;;77,5234;;
120516;0000;;65,771;;
120517;0000;;144,698;;
120518;0000;;99,6664;;
120519;0000;;49,7042;;
120520;0000;;33,9026;;
120521;0000;;54,9259;;
120522;0000;;279,987;;
120523;0000;;215,134;;
120524;0000;;225,66;;
120525;0000;;65,6438;;
120526;0000;;17,6875;;
120527;0000;;27,8995;;
120528;0000;;34,6796;;
120529;0000;;108,149;;
120530;0000;;57,9042;;
120531;0000;;190,308;;
120601;0000;;124,966;;
120602;0000;;53,4592;;
120603;0000;;46,8388;;
120604;0000;;27,365;;
120605;0000;;36,3717;;
120606;0000;;39,1771;;
120607;0000;;64,9742;;
120608;0000;;278,274;;
120609;0000;;173,325;;
120610;0000;;206,859;;
120611;0000;;117,194;;
120612;0000;;15,5459;;
120613;0000;;81,791;;
120614;0000;;45,558;;
120615;0000;;88,3931;;
120616;0000;;30,55;;
120617;0000;;28,8217;;
120618;0000;;34,6801;;
120619;0000;;56,5134;;
120620;0000;;49,0317;;
120621;0000;;94,3256;;
120622;0000;;134,281;;
120623;0000;;125,964;;
120624;0000;;150,209;;
120625;0000;;205,84;;
120626;0000;;79,8905;;
120627;0000;;41,79;;
120628;0000;;41,548;;
120629;0000;;47,9485;;
120630;0000;;35,2059;;
120701;0000;;78,5858;;
120702;0000;;55,0696;;
120703;0000;;129,259;;
120704;0000;;58,8188;;
120705;0000;;147,149;;
120706;0000;;215,181;;
120707;0000;;311,198;;
120708;0000;;64,1864;;
120709;0000;;27,5738;;
120710;0000;;30,5992;;
120711;0000;;151,958;;
120712;0000;;;;
120713;0000;;;;
120714;0000;;53,4892;;
120715;0000;;111,14;;
120716;0000;;48,7792;;
120717;0000;;103,915;;
120718;0000;;37,6971;;
120719;0000;;108,997;;
120720;0000;;81,3018;;
120721;0000;;112,306;;
120722;0000;;182,041;;
120723;0000;;83,1384;;
120724;0000;;38,2863;;
120725;0000;;35,3333;;
120726;0000;;50,1346;;
120727;0000;;49,5067;;
120728;0000;;36,6105;;
120729;0000;;33,9022;;
120730;0000;;129,433;;
120731;0000;;82,0146;;
120801;0000;;37,778;;
120802;0000;;22,507;;
120803;0000;;76,0355;;
120804;0000;;194,693;;
120805;0000;;82,448;;
120806;0000;;74,1614;;
120807;0000;;96,8093;;
120808;0000;;125,827;;
120809;0000;;52,4809;;
120810;0000;;50,0776;;
120811;0000;;52,4163;;
120812;0000;;76,4043;;
120813;0000;;123,152;;
120814;0000;;58,8959;;
120815;0000;;29,9355;;
120816;0000;;30,5876;;
120817;0000;;54,3163;;
120818;0000;;56,9717;;
120819;0000;;40,2996;;
120820;0000;;61,8105;;
120821;0000;;50,4517;;
120822;0000;;24,4785;;
120823;0000;;96,6422;;
120824;0000;;57,7534;;
120825;0000;;76,9801;;
120826;0000;;103,044;;
120827;0000;;171,247;;
120828;0000;;86,3793;;
120829;0000;;76,2472;;
120830;0000;;75,7627;;
120831;0000;;73,5272;;
120901;0000;;45,9684;;
120902;0000;;41,7259;;
120903;0000;;59,5446;;
120904;0000;;33,1342;;
120905;0000;;57,8617;;
120906;0000;;117,102;;
120907;0000;;73,088;;
120908;0000;;29,6296;;
120909;0000;;66,3834;;
120910;0000;;83,0844;;
120911;0000;;62,5822;;
120912;0000;;50,1534;;
120913;0000;;44,8038;;
120914;0000;;50,4238;;
120915;0000;;34,9492;;
120916;0000;;61,4163;;
120917;0000;;36,2725;;
120918;0000;;23,2813;;
120919;0000;;38,78;;
120920;0000;;36,853;;
120921;0000;;26,9788;;
120922;0000;;23,87;;
120923;0000;;24,5521;;
120924;0000;;62,0787;;
120925;0000;;77,4667;;
120926;0000;;58,4675;;
120927;0000;;42,9617;;
120928;0000;;43,5679;;
120929;0000;;28,9853;;
120930;0000;;;;
121001;0000;;;;
121002;0000;;38,6371;;
121003;0000;;42,4513;;
121004;0000;;45,0517;;
121005;0000;;24,7133;;
121006;0000;;23,3979;;
121007;0000;;20,9213;;
121008;0000;;27,2609;;
121009;0000;;32,8317;;
121010;0000;;33,7984;;
121011;0000;;39,9942;;
121012;0000;;33,3411;;
121013;0000;;33,8771;;
121014;0000;;29,2859;;
121015;0000;;27,0875;;
121016;0000;;40,3413;;
121017;0000;;43,778;;
121018;0000;;28,2354;;
121019;0000;;45,5888;;
121020;0000;;36,9547;;
121021;0000;;26,112;;
121022;0000;;25,4176;;
121023;0000;;20,6271;;
121024;0000;;23,5578;;
121025;0000;;33,6526;;
121026;0000;;28,6763;;
121027;0000;;34,868;;
121028;0000;;28,6604;;
121029;0000;;39,7955;;
121030;0000;;39,6009;;
121031;0000;;;;
121101;0000;;;;
121102;0000;;30,2679;;
121103;0000;;28,1263;;
121104;0000;;31,8854;;
121105;0000;;46,5417;;
121106;0000;;35,6425;;
121107;0000;;30,2679;;
121108;0000;;29,0073;;
121109;0000;;26,0852;;
121110;0000;;26,7249;;
121111;0000;;20,6517;;
121112;0000;;32,4857;;
121113;0000;;33,7259;;
121114;0000;;29,9996;;
121115;0000;;44,1627;;
121116;0000;;35,6305;;
121117;0000;;26,68;;
121118;0000;;23,7725;;
121119;0000;;28,3513;;
121120;0000;;30,3942;;
121121;0000;;37,5817;;
121122;0000;;43,718;;
121123;0000;;37,462;;
121124;0000;;43,5849;;
121125;0000;;22,2554;;
121126;0000;;33,8717;;
121127;0000;;38,295;;
121128;0000;;50,4917;;
121129;0000;;19,5746;;
121130;0000;;19,0775;;
121201;0000;;19,723;;
121202;0000;;10,8419;;
121203;0000;;21,9263;;
121204;0000;;20,9471;;
121205;0000;;22,4346;;
121206;0000;;15,1561;;
121207;0000;;18,1726;;
121208;0000;;;;
121209;0000;;;;
121210;0000;;;;
121211;0000;;;;
121212;0000;;23,8283;;
121213;0000;;30,0254;;
121214;0000;;28,7105;;
121215;0000;;;;
121216;0000;;22,9211;;
121217;0000;;36,3546;;
121218;0000;;13,2051;;
121219;0000;;12,8788;;
121220;0000;;20,4084;;
121221;0000;;21,6171;;
121222;0000;;23,4952;;
121223;0000;;23,1763;;
121224;0000;;20,5821;;
121225;0000;;10,4249;;
121226;0000;;19,9988;;
121227;0000;;19,1131;;
121228;0000;;22,4088;;
121229;0000;;26,1125;;
121230;0000;;14,8641;;
121231;0000;;23,1182;;
130101;0000;27,4733;;;
130102;0000;40,65;;;
130103;0000;32,183;;;
130104;0000;38,0133;;;
130105;0000;30,8071;;;
130106;0000;17,2192;;;
130107;0000;16,6085;;;
130108;0000;35,0892;;;
130109;0000;40,007;;;
130110;0000;37,3571;;;
130111;0000;42,5866;;;
130112;0000;34,935;;;
130113;0000;29,74;;;
130114;0000;37,1487;;;
130115;0000;52,9175;;;
130116;0000;41,4079;;;
130117;0000;42,7554;;;
130118;0000;50,4816;;;
130119;0000;39,7775;;;
130120;0000;22,6883;;;
130121;0000;28,8441;;;
130122;0000;41,8025;;;
130123;0000;41,0259;;;
130124;0000;30,4192;;;
130125;0000;34,5591;;;
130126;0000;45,2521;;;
130127;0000;39,4238;;;
130128;0000;28,9308;;;
130129;0000;36,615;;;
130130;0000;42,0608;;;
130131;0000;52,2987;;;
130201;0000;38,1741;;;
130202;0000;28,3887;;;
130203;0000;35,9483;;;
130204;0000;46,1292;;;
130205;0000;38,9542;;;
130206;0000;47,3066;;;
130207;0000;45,9455;;;
130208;0000;46,6268;;;
130209;0000;62,5559;;;
130210;0000;19,3441;;;
130211;0000;26,1638;;;
130212;0000;26,0226;;;
130213;0000;29,1284;;;
130214;0000;33,6625;;;
130215;0000;23,8475;;;
130216;0000;16,1896;;;
130217;0000;14,2784;;;
130218;0000;18,5955;;;
130219;0000;24,6371;;;
130220;0000;34,4624;;;
130221;0000;35,6718;;;
130222;0000;34,3047;;;
130223;0000;18,8609;;;
130224;0000;26,0521;;;
130225;0000;26,9575;;;
130226;0000;33,155;;;
130227;0000;33,9351;;;
130228;0000;26,2787;;;
130301;0000;37,2833;;;
130302;0000;36,9421;;;
130303;0000;49,7341;;;
130304;0000;49,1249;;;
130305;0000;42,347;;;
130306;0000;17,4286;;;
130307;0000;26,4641;;;
130308;0000;43,9058;;;
130309;0000;30,9875;;;
130310;0000;24,2917;;;
130311;0000;34,9271;;;
130312;0000;39,2542;;;
130313;0000;41,1296;;;
130314;0000;61,4962;;;
130315;0000;83,547;;;
130316;0000;125,165;;;
130317;0000;62,1566;;;
130318;0000;48,8116;;;
130319;0000;66,7225;;;
130320;0000;29,649;;;
130321;0000;25,3723;;;
130322;0000;32,8628;;;
130323;0000;50,7113;;;
130324;0000;40,3005;;;
130325;0000;31,5321;;;
130326;0000;46,3958;;;
130327;0000;59,1609;;;
130328;0000;58,8466;;;
130329;0000;47,6004;;;
130330;0000;26,7871;;;
130331;0000;46,0404;;;
130401;0000;37,7162;;;
130402;0000;47,2567;;;
130403;0000;63,1154;;;
130404;0000;69,1204;;;
130405;0000;43,0162;;;
130406;0000;33,75;;;
130407;0000;21,6896;;;
130408;0000;66,8839;;;
130409;0000;83,547;;;
130410;0000;48,98;;;
130411;0000;16,8112;;;
130412;0000;21,9104;;;
130413;0000;33,6654;;;
130414;0000;46,6758;;;
130415;0000;49,78;;;
130416;0000;38,8942;;;
130417;0000;59,1758;;;
130418;0000;75,4486;;;
130419;0000;45,0562;;;
130420;0000;87,1886;;;
130421;0000;46,1927;;;
130422;0000;34,7238;;;
130423;0000;40,7167;;;
130424;0000;129,909;;;
130425;0000;87,8104;;;
130426;0000;89,1312;;;
130427;0000;112,246;;;
130428;0000;;;;
130429;0000;;;;
130430;0000;;;;
130501;0000;52,0471;;;
130502;0000;21,735;;;
130503;0000;61,1709;;;
130504;0000;56,8071;;;
130505;0000;29,7666;;;
130506;0000;26,2087;;;
130507;0000;162,361;;;
130508;0000;187,262;;;
130509;0000;89,7537;;;
130510;0000;108,688;;;
130511;0000;62,3758;;;
130512;0000;26,8896;;;
130513;0000;61,4612;;;
130514;0000;61,8404;;;
130515;0000;25,2551;;;
130516;0000;111,294;;;
130517;0000;315,777;;;
130518;0000;109,266;;;
130519;0000;66,4425;;;
130520;0000;124,614;;;
130521;0000;172,446;;;
130522;0000;221,689;;;
130523;0000;133,376;;;
130524;0000;43,9596;;;
130525;0000;58,4929;;;
130526;0000;57,962;;;
130527;0000;23,1117;;;
130528;0000;27,9046;;;
130529;0000;68,0374;;;
130530;0000;76,2521;;;
130531;0000;29,8674;;;
130601;0000;49,6304;;;
130602;0000;96,6683;;;
130603;0000;26,2361;;;
130604;0000;34,2933;;;
130605;0000;30,6358;;;
130606;0000;49,6262;;;
130607;0000;39,5596;;;
130608;0000;93,1929;;;
130609;0000;50,1683;;;
130610;0000;75,8833;;;
130611;0000;50,4095;;;
130612;0000;65,4514;;;
130613;0000;44,1113;;;
130614;0000;50,9637;;;
130615;0000;54,9866;;;
130616;0000;29,0708;;;
130617;0000;101,591;;;
130618;0000;62,9433;;;
130619;0000;93,6996;;;
130620;0000;169,965;;;
130621;0000;79,1649;;;
130622;0000;34,0675;;;
130623;0000;23,6146;;;
130624;0000;48,6966;;;
130625;0000;47,5108;;;
130626;0000;40,8809;;;
130627;0000;24,0717;;;
130628;0000;43,1454;;;
130629;0000;45,3233;;;
130630;0000;136,438;;;
130701;0000;130,231;;;
130702;0000;37,3821;;;
130703;0000;35,8471;;;
130704;0000;68,1604;;;
130705;0000;64,8862;;;
130706;0000;52,0446;;;
130707;0000;148,405;;;
130708;0000;75,3142;;;
130709;0000;29,4154;;;
130710;0000;26,3461;;;
130711;0000;93,793;;;
130712;0000;51,6933;;;
130713;0000;156,803;;;
130714;0000;119,532;;;
130715;0000;29,1067;;;
130716;0000;26,2892;;;
130717;0000;45,0092;;;
130718;0000;47,5963;;;
130719;0000;95,9421;;;
130720;0000;119,182;;;
130721;0000;49,7204;;;
130722;0000;72,2408;;;
130723;0000;53,6754;;;
130724;0000;54,7592;;;
130725;0000;141,24;;;
130726;0000;68,1725;;;
130727;0000;110,339;;;
130728;0000;52,7925;;;
130729;0000;55,0195;;;
130730;0000;47,7016;;;
130731;0000;91,3788;;;
130801;0000;70,5596;;;
130802;0000;89,8933;;;
130803;0000;;;;
130804;0000;;;;
130805;0000;;;;
130806;0000;69,9929;;;
130807;0000;99,8018;;;
130808;0000;82,7191;;;
130809;0000;61,2979;;;
130810;0000;85,2417;;;
130811;0000;28,265;;;
130812;0000;37,0662;;;
130813;0000;42,0429;;;
130814;0000;236,784;;;
130815;0000;117,48;;;
130816;0000;52,842;;;
130817;0000;209,467;;;
130818;0000;88,8529;;;
130819;0000;42,2354;;;
130820;0000;108,114;;;
130821;0000;59,9954;;;
130822;0000;28,1167;;;
130823;0000;42,8958;;;
130824;0000;155,68;;;
130825;0000;197,62;;;
130826;0000;175,575;;;
130827;0000;87,4178;;;
130828;0000;38,0466;;;
130829;0000;52,6533;;;
130830;0000;64,9958;;;
130831;0000;75,5321;;;
130901;0000;162,118;;;
130902;0000;140,543;;;
130903;0000;122,667;;;
130904;0000;76,1354;;;
130905;0000;40,0999;;;
130906;0000;38,1141;;;
130907;0000;36,0859;;;
130908;0000;38,6964;;;
130909;0000;31,5832;;;
130910;0000;59,6193;;;
130911;0000;50,5929;;;
130912;0000;24,855;;;
130913;0000;31,2783;;;
130914;0000;51,6525;;;
130915;0000;46,7712;;;
130916;0000;84,2303;;;
130917;0000;56,2762;;;
130918;0000;39,645;;;
130919;0000;32,3438;;;
130920;0000;40,1462;;;
130921;0000;31,3033;;;
130922;0000;25,6992;;;
130923;0000;44,31;;;
130924;0000;65,2288;;;
130925;0000;54,5704;;;
130926;0000;41,3933;;;
130927;0000;50,44;;;
130928;0000;49,61;;;
130929;0000;36,9517;;;
130930;0000;44,6758;;;
131001;0000;41,4546;;;
131002;0000;27,4861;;;
131003;0000;46,1967;;;
131004;0000;36,1729;;;
131005;0000;32,3962;;;
131006;0000;32,6212;;;
131007;0000;38,8087;;;
131008;0000;22,0991;;;
131009;0000;33,3212;;;
131010;0000;36,0995;;;
131011;0000;36,51;;;
131012;0000;26,5096;;;
131013;0000;26,1138;;;
131014;0000;43,4234;;;
131015;0000;30,6811;;;
131016;0000;33,1617;;;
131017;0000;33,5121;;;
131018;0000;26,5104;;;
131019;0000;25,7867;;;
131020;0000;16,6057;;;
131021;0000;18,24;;;
131022;0000;14,7826;;;
131023;0000;16,1981;;;
131024;0000;26,4804;;;
131025;0000;36,4225;;;
131026;0000;27,6166;;;
131027;0000;31,0337;;;
131028;0000;50,1654;;;
131029;0000;26,3538;;;
131030;0000;39,5904;;;
131031;0000;33,8184;;;
131101;0000;21,617;;;
131102;0000;17,0925;;;
131103;0000;17,6721;;;
131104;0000;19,3359;;;
131105;0000;23,9387;;;
131106;0000;27,3161;;;
131107;0000;18,4529;;;
131108;0000;18,735;;;
131109;0000;26,6917;;;
131110;0000;24,565;;;
131111;0000;22,2684;;;
131112;0000;24,1492;;;
131113;0000;33,6434;;;
131114;0000;20,3149;;;
131115;0000;26,9746;;;
131116;0000;23,1846;;;
131117;0000;26,7133;;;
131118;0000;26,9305;;;
131119;0000;31,6358;;;
131120;0000;41,4121;;;
131121;0000;43,0137;;;
131122;0000;40,3116;;;
131123;0000;32,0237;;;
131124;0000;16,4658;;;
131125;0000;26,1228;;;
131126;0000;40,8445;;;
131127;0000;36,62;;;
131128;0000;19,9117;;;
131129;0000;27,2854;;;
131130;0000;25,6255;;;
131201;0000;26,4908;;;
131202;0000;29,9225;;;
131203;0000;44,4046;;;
131204;0000;30,6983;;;
131205;0000;25,0446;;;
131206;0000;34,4342;;;
131207;0000;48,5129;;;
131208;0000;47,9084;;;
131209;0000;27,044;;;
131210;0000;36,6151;;;
131211;0000;36,1896;;;
131212;0000;33,0975;;;
131213;0000;32,035;;;
131214;0000;38,9846;;;
131215;0000;30,035;;;
131216;0000;43,2537;;;
131217;0000;38,0604;;;
131218;0000;38,1466;;;
131219;0000;43,0963;;;
131220;0000;38,5859;;;
131221;0000;35,5372;;;
131222;0000;36,3796;;;
131223;0000;56,2795;;;
131224;0000;33,5675;;;
131225;0000;38,1633;;;
131226;0000;30,0292;;;
131227;0000;35,6525;;;
131228;0000;39,6646;;;
131229;0000;27,3634;;;
131230;0000;33,1759;;;
131231;0000;30,7125;;;
140101;0000;33,1914;;;
140102;0000;42,0113;;;
140103;0000;35,6019;;;
140104;0000;84,1954;;;
140105;0000;33,5384;;;
140106;0000;45,5963;;;
140107;0000;50,9517;;;
140108;0000;38,4875;;;
140109;0000;29,1688;;;
140110;0000;30,91;;;
140111;0000;37,9037;;;
140112;0000;39,8158;;;
140113;0000;53,8604;;;
140114;0000;71,3009;;;
140115;0000;76,4716;;;
140116;0000;43,0787;;;
140117;0000;43,5454;;;
140118;0000;31,9129;;;
140119;0000;24,8271;;;
140120;0000;26,5437;;;
140121;0000;25,5592;;;
140122;0000;28,7504;;;
140123;0000;19,6579;;;
140124;0000;14,9358;;;
140125;0000;22,4667;;;
140126;0000;28,0546;;;
140127;0000;32,04;;;
140128;0000;25,2042;;;
140129;0000;28,5217;;;
140130;0000;20,8334;;;
140131;0000;24,4237;;;
140201;0000;21,2892;;;
140202;0000;17,1198;;;
140203;0000;21,0342;;;
140204;0000;24,7925;;;
140205;0000;15,0061;;;
140206;0000;14,481;;;
140207;0000;18,8209;;;
140208;0000;19,1191;;;
140209;0000;16,0416;;;
140210;0000;30,2521;;;
140211;0000;30,6062;;;
140212;0000;34,0517;;;
140213;0000;41,81;;;
140214;0000;38,3513;;;
140215;0000;41,9542;;;
140216;0000;36,5908;;;
140217;0000;37,4279;;;
140218;0000;31,8542;;;
140219;0000;28,3204;;;
140220;0000;41,3217;;;
140221;0000;32,8929;;;
140222;0000;38,4642;;;
140223;0000;34,3513;;;
140224;0000;44,4813;;;
140225;0000;38,6216;;;
140226;0000;48,1804;;;
140227;0000;44,9341;;;
140228;0000;36,1255;;;
140301;0000;34,5783;;;
140302;0000;42,777;;;
140303;0000;37,585;;;
140304;0000;34,0825;;;
140305;0000;33,4446;;;
140306;0000;36,735;;;
140307;0000;48,1251;;;
140308;0000;36,2813;;;
140309;0000;16,779;;;
140310;0000;24,9208;;;
140311;0000;29,3029;;;
140312;0000;25,6429;;;
140313;0000;30,58;;;
140314;0000;49,7571;;;
140315;0000;29,1183;;;
140316;0000;21,05;;;
140317;0000;16,7085;;;
140318;0000;45,3752;;;
140319;0000;51,1146;;;
140320;0000;59,4116;;;
140321;0000;53,7825;;;
140322;0000;40,2316;;;
140323;0000;29,9355;;;
140324;0000;39,9638;;;
140325;0000;61,7216;;;
140326;0000;56,8021;;;
140327;0000;53,4512;;;
140328;0000;50,0737;;;
140329;0000;39,8679;;;
140330;0000;28,3182;;;
140331;0000;25,2238;;;
140401;0000;69,2021;;;
140402;0000;43,2075;;;
140403;0000;73,1934;;;
140404;0000;56,3538;;;
140405;0000;62,6058;;;
140406;0000;57,975;;;
140407;0000;55,2496;;;
140408;0000;40,2996;;;
140409;0000;40,853;;;
140410;0000;;;;
140411;0000;51,8741;;;
140412;0000;24,3454;;;
140413;0000;17,2079;;;
140414;0000;27,4458;;;
140415;0000;27,3325;;;
140416;0000;26,54;;;
140417;0000;34,1171;;;
140418;0000;33,0992;;;
140419;0000;27,9428;;;
140420;0000;27,1504;;;
140421;0000;35,0496;;;
140422;0000;27,5442;;;
140423;0000;35,5283;;;
140424;0000;87,3267;;;
140425;0000;85,8141;;;
140426;0000;70,9774;;;
140427;0000;32,7108;;;
140428;0000;49,5491;;;
140429;0000;142,956;;;
140430;0000;84,8962;;;
140501;0000;70,0941;;;
140502;0000;37,5129;;;
140503;0000;20,9989;;;
140504;0000;31,5089;;;
140505;0000;130,891;;;
140506;0000;120,565;;;
140507;0000;59,5654;;;
140508;0000;55,9637;;;
140509;0000;54,5133;;;
140510;0000;31,9984;;;
140511;0000;66,3229;;;
140512;0000;94,3267;;;
140513;0000;80;;;
140514;0000;41,6616;;;
140515;0000;77,6433;;;
140516;0000;23,9096;;;
140517;0000;73,46;;;
140518;0000;45,1208;;;
140519;0000;119,845;;;
140520;0000;38,3658;;;
140521;0000;53,9046;;;
140522;0000;57,9229;;;
140523;0000;240,743;;;
140524;0000;133,152;;;
140525;0000;129,477;;;
140526;0000;162,566;;;
140527;0000;197,41;;;
140528;0000;59,2875;;;
140529;0000;86,0854;;;
140530;0000;150,591;;;
140531;0000;;;;
140601;0000;82,9827;;;
140602;0000;42,3792;;;
140603;0000;17,2368;;;
140604;0000;26,0385;;;
140605;0000;83,03;;;
140606;0000;30,9546;;;
140607;0000;19,1358;;;
140608;0000;22,9052;;;
140609;0000;58,7425;;;
140610;0000;23,7432;;;
140611;0000;32,2333;;;
140612;0000;52,9858;;;
140613;0000;117,32;;;
140614;0000;42,1996;;;
140615;0000;106,812;;;
140616;0000;31,605;;;
140617;0000;35,7008;;;
140618;0000;248,89;;;
140619;0000;97,8405;;;
140620;0000;65,4331;;;
140621;0000;37,1883;;;
140622;0000;159,36;;;
140623;0000;69,271;;;
140624;0000;;;;
140625;0000;194,215;;;
140626;0000;127,378;;;
140627;0000;100,445;;;
140628;0000;73,9292;;;
140629;0000;55,2646;;;
140630;0000;50,5692;;;
140701;0000;42,2537;;;
140702;0000;88,8488;;;
140703;0000;74,2858;;;
140704;0000;68,6008;;;
140705;0000;111,696;;;
140706;0000;101,365;;;
140707;0000;44,3192;;;
140708;0000;148,777;;;
140709;0000;191,25;;;
140710;0000;106,059;;;
140711;0000;92,4954;;;
140712;0000;175,893;;;
140713;0000;110,747;;;
140714;0000;30,5467;;;
140715;0000;37,8508;;;
140716;0000;56,1567;;;
140717;0000;39,0079;;;
140718;0000;35,6512;;;
140719;0000;165,585;;;
140720;0000;71,9803;;;
140721;0000;79,052;;;
140722;0000;37,0316;;;
140723;0000;47,5995;;;
140724;0000;68,7279;;;
140725;0000;139,544;;;
140726;0000;82,5962;;;
140727;0000;28,9221;;;
140728;0000;21,6783;;;
140729;0000;123,205;;;
140730;0000;67,5884;;;
140731;0000;16,7181;;;
140801;0000;17,253;;;
140802;0000;21,8792;;;
140803;0000;86,9408;;;
140804;0000;54,7313;;;
140805;0000;36,7883;;;
140806;0000;84,3741;;;
140807;0000;35,3383;;;
140808;0000;63,4021;;;
140809;0000;55,9246;;;
140810;0000;31,1761;;;
140811;0000;52,3054;;;
140812;0000;26,6393;;;
140813;0000;41,4479;;;
140814;0000;153,158;;;
140815;0000;159,939;;;
140816;0000;197,036;;;
140817;0000;134,728;;;
140818;0000;168,888;;;
140819;0000;62,777;;;
140820;0000;62,4587;;;
140821;0000;92,8716;;;
140822;0000;59,6329;;;
140823;0000;24,43;;;
140824;0000;43,496;;;
140825;0000;40,5133;;;
140826;0000;73,5912;;;
140827;0000;124,309;;;
140828;0000;92,7537;;;
140829;0000;38,7975;;;
140830;0000;39,4258;;;
140831;0000;43,9596;;;
140901;0000;17,0196;;;
140902;0000;26,8071;;;
140903;0000;52,0604;;;
140904;0000;26,7529;;;
140905;0000;19,6435;;;
140906;0000;;;;
140907;0000;;;;
140908;0000;62,3652;;;
140909;0000;88,3387;;;
140910;0000;48,7479;;;
140911;0000;172,865;;;
140912;0000;48,6216;;;
140913;0000;53,9079;;;
140914;0000;47,0133;;;
140915;0000;49,415;;;
140916;0000;43,0621;;;
140917;0000;64,3446;;;
140918;0000;47,7792;;;
140919;0000;28,9556;;;
140920;0000;30,1729;;;
140921;0000;44,9508;;;
140922;0000;48,5185;;;
140923;0000;25,5175;;;
140924;0000;21,4058;;;
140925;0000;16,811;;;
140926;0000;36,9858;;;
140927;0000;30,8275;;;
140928;0000;13,8424;;;
140929;0000;24,8545;;;
140930;0000;32,4196;;;
141001;0000;41,0554;;;
141002;0000;28,1591;;;
141003;0000;37,9738;;;
141004;0000;40,4008;;;
141005;0000;24,4546;;;
141006;0000;32,0717;;;
141007;0000;32,0454;;;
141008;0000;24,2021;;;
141009;0000;32,7046;;;
141010;0000;30,9233;;;
141011;0000;27,1512;;;
141012;0000;23,4638;;;
141013;0000;34,7796;;;
141014;0000;45,5342;;;
141015;0000;45,9362;;;
141016;0000;28,4008;;;
141017;0000;33,9745;;;
141018;0000;19,3331;;;
141019;0000;20,6279;;;
141020;0000;21,5892;;;
141021;0000;21,2831;;;
141022;0000;22,7955;;;
141023;0000;37,7817;;;
141024;0000;54,5158;;;
141025;0000;46,27;;;
141026;0000;45,7891;;;
141027;0000;34,3491;;;
141028;0000;23,66;;;
141029;0000;17,5968;;;
141030;0000;20,3986;;;
141031;0000;17,9921;;;
141101;0000;13,9204;;;
141102;0000;20,6875;;;
141103;0000;26,875;;;
141104;0000;21,5808;;;
141105;0000;22,5313;;;
141106;0000;24,3196;;;
141107;0000;34,3508;;;
141108;0000;31,7087;;;
141109;0000;18,4304;;;
141110;0000;27,8517;;;
141111;0000;29,8225;;;
141112;0000;44,1654;;;
141113;0000;41,0026;;;
141114;0000;26,2918;;;
141115;0000;21,5358;;;
141116;0000;25,4933;;;
141117;0000;29,8775;;;
141118;0000;29,521;;;
141119;0000;21,7771;;;
141120;0000;22,3317;;;
141121;0000;27,8925;;;
141122;0000;26,6725;;;
141123;0000;24,489;;;
141124;0000;22,8559;;;
141125;0000;23,8634;;;
141126;0000;29,0417;;;
141127;0000;36,337;;;
141128;0000;28,8458;;;
141129;0000;13,997;;;
141130;0000;15,2355;;;
141201;0000;23,6713;;;
141202;0000;29,3362;;;
141203;0000;36,4108;;;
141204;0000;39,3596;;;
141205;0000;26,5674;;;
141206;0000;25,8857;;;
141207;0000;21,348;;;
141208;0000;17,9847;;;
141209;0000;26,4908;;;
141210;0000;31,9204;;;
141211;0000;37,3633;;;
141212;0000;34,5375;;;
141213;0000;36,8621;;;
141214;0000;35,5292;;;
141215;0000;21,0988;;;
141216;0000;31,64;;;
141217;0000;27,6083;;;
141218;0000;33,4562;;;
141219;0000;28,3479;;;
141220;0000;14,5585;;;
141221;0000;12,3721;;;
141222;0000;15,2661;;;
141223;0000;27,8638;;;
141224;0000;21,9634;;;
141225;0000;18,6284;;;
141226;0000;25,7083;;;
141227;0000;23,7779;;;
141228;0000;19,225;;;
141229;0000;25,2979;;;
141230;0000;25,6825;;;
141231;0000;15,1674;;;
150101;0000;11,4353;;;
150102;0000;14,5568;;;
150103;0000;18,8696;;;
150104;0000;19,5343;;;
150105;0000;30,9408;;;
150106;0000;27,0275;;;
150107;0000;32,7742;;;
150108;0000;39,5133;;;
150109;0000;34,3613;;;
150110;0000;34,9667;;;
150111;0000;57,9054;;;
150112;0000;51,6479;;;
150113;0000;31,8208;;;
150114;0000;35,5104;;;
150115;0000;44,4813;;;
150116;0000;44,5084;;;
150117;0000;24,485;;;
150118;0000;20,2463;;;
150119;0000;25,0004;;;
150120;0000;37,2725;;;
150121;0000;33,7679;;;
150122;0000;35,1166;;;
150123;0000;31,4392;;;
150124;0000;26,8725;;;
150125;0000;23,5525;;;
150126;0000;27,6375;;;
150127;0000;37,1022;;;
150128;0000;34,0792;;;
150129;0000;62,8587;;;
150130;0000;44,5762;;;
150131;0000;37,1859;;;
150201;0000;26,1483;;;
150202;0000;39,3554;;;
150203;0000;49,955;;;
150204;0000;44,0526;;;
150205;0000;37,6675;;;
150206;0000;28,4738;;;
150207;0000;38,3758;;;
150208;0000;30,0637;;;
150209;0000;26,7293;;;
150210;0000;31,2829;;;
150211;0000;39,4834;;;
150212;0000;51,6262;;;
150213;0000;46,5029;;;
150214;0000;48,2588;;;
150215;0000;43,3558;;;
150216;0000;56,5608;;;
150217;0000;62,7999;;;
150218;0000;93,0483;;;
150219;0000;88,5083;;;
150220;0000;65,2529;;;
150221;0000;63,472;;;
150222;0000;50,9737;;;
150223;0000;45,4962;;;
150224;0000;;;;
150225;0000;;;;
150226;0000;;;;
150227;0000;;;;
150228;0000;36,3375;;;
150301;0000;33,1141;;;
150302;0000;32,2375;;;
150303;0000;35,3129;;;
150304;0000;35,7658;;;
150305;0000;44,6058;;;
150306;0000;42,2092;;;
150307;0000;35,19;;;
150308;0000;40,2663;;;
150309;0000;50,2887;;;
150310;0000;67,8234;;;
150311;0000;93,7733;;;
150312;0000;78,3873;;;
150313;0000;58,397;;;
150314;0000;50,8779;;;
150315;0000;47,0576;;;
150316;0000;52,3933;;;
150317;0000;34,4976;;;
150318;0000;59,2958;;;
150319;0000;62,3512;;;
150320;0000;51,1284;;;
150321;0000;55,1229;;;
150322;0000;36,5475;;;
150323;0000;42,0625;;;
150324;0000;42,64;;;
150325;0000;33,0537;;;
150326;0000;35,5562;;;
150327;0000;56,7108;;;
150328;0000;59,8553;;;
150329;0000;31,588;;;
150330;0000;30,0421;;;
150331;0000;38,4088;;;
150401;0000;49,1505;;;
150402;0000;38,5479;;;
150403;0000;24,1296;;;
150404;0000;28,8488;;;
150405;0000;61,0042;;;
150406;0000;55,0562;;;
150407;0000;30,685;;;
150408;0000;30,4767;;;
150409;0000;35,4713;;;
150410;0000;45,4017;;;
150411;0000;99,0658;;;
150412;0000;72,6949;;;
150413;0000;55,1454;;;
150414;0000;36,6638;;;
150415;0000;74,8058;;;
150416;0000;31,8438;;;
150417;0000;73,3671;;;
150418;0000;82,6071;;;
150419;0000;17,4519;;;
150420;0000;22,463;;;
150421;0000;27,6433;;;
150422;0000;50,0671;;;
150423;0000;255,49;;;
150424;0000;150,648;;;
150425;0000;190,392;;;
150426;0000;139,609;;;
150427;0000;147,546;;;
150428;0000;330,017;;;
150429;0000;129,753;;;
150430;0000;53,2933;;;
150501;0000;69,5549;;;
150502;0000;35,9213;;;
150503;0000;24,3821;;;
150504;0000;33,5167;;;
150505;0000;36,34;;;
150506;0000;181,991;;;
150507;0000;137,038;;;
150508;0000;49,8387;;;
150509;0000;64,7162;;;
150510;0000;53,2821;;;
150511;0000;77,5116;;;
150512;0000;85,83;;;
150513;0000;42,7267;;;
150514;0000;71,3625;;;
150515;0000;157,923;;;
150516;0000;92,0604;;;
150517;0000;97,278;;;
150518;0000;119,269;;;
150519;0000;172,635;;;
150520;0000;36,1595;;;
150521;0000;104,701;;;
150522;0000;136,561;;;
150523;0000;54,2779;;;
150524;0000;32,0917;;;
150525;0000;167,645;;;
150526;0000;119,179;;;
150527;0000;139,853;;;
150528;0000;87,8885;;;
150529;0000;120,144;;;
150530;0000;106,294;;;
150531;0000;55,0887;;;
150601;0000;41,8112;;;
150602;0000;36,7146;;;
150603;0000;45,7021;;;
150604;0000;44,8846;;;
150605;0000;21,14;;;
150606;0000;39,0695;;;
150607;0000;88,835;;;
150608;0000;29,3942;;;
150609;0000;81,3079;;;
150610;0000;188,396;;;
150611;0000;70,6027;;;
150612;0000;41,0992;;;
150613;0000;29,6217;;;
150614;0000;66,0171;;;
150615;0000;54,0421;;;
150616;0000;155,722;;;
150617;0000;87,9399;;;
150618;0000;84,6244;;;
150619;0000;174,996;;;
150620;0000;37,1137;;;
150621;0000;22,8654;;;
150622;0000;196,239;;;
150623;0000;195,59;;;
150624;0000;57,3425;;;
150625;0000;175,833;;;
150626;0000;41,5746;;;
150627;0000;21,3116;;;
150628;0000;26,2516;;;
150629;0000;123,461;;;
150630;0000;47,3054;;;
150701;0000;138,249;;;
150702;0000;89,4537;;;
150703;0000;127,19;;;
150704;0000;145,694;;;
150705;0000;32,2537;;;
150706;0000;93,5012;;;
150707;0000;69,2559;;;
150708;0000;18,8517;;;
150709;0000;85,5392;;;
150710;0000;75,3066;;;
150711;0000;32,5404;;;
150712;0000;93,14;;;
150713;0000;40,3417;;;
150714;0000;76,4366;;;
150715;0000;43,1831;;;
150716;0000;80,2471;;;
150717;0000;41,5204;;;
150718;0000;98,4501;;;
150719;0000;68,087;;;
150720;0000;59,5054;;;
150721;0000;85,6958;;;
150722;0000;152,104;;;
150723;0000;110,639;;;
150724;0000;77,0934;;;
150725;0000;84,3412;;;
150726;0000;22,165;;;
150727;0000;25,4823;;;
150728;0000;49,0562;;;
150729;0000;72,7017;;;
150730;0000;41,4487;;;
150731;0000;28,1229;;;
150801;0000;20,9438;;;
150802;0000;55,5636;;;
150803;0000;72,9617;;;
150804;0000;55,0396;;;
150805;0000;24,975;;;
150806;0000;59,4332;;;
150807;0000;58,3487;;;
150808;0000;17,5032;;;
150809;0000;32,6113;;;
150810;0000;41,4208;;;
150811;0000;32,9045;;;
150812;0000;108,909;;;
150813;0000;167,576;;;
150814;0000;57,9158;;;
150815;0000;31,4666;;;
150816;0000;27,1906;;;
150817;0000;105,435;;;
150818;0000;64,8108;;;
150819;0000;40,6129;;;
150820;0000;78,1421;;;
150821;0000;26,3617;;;
150822;0000;51,773;;;
150823;0000;122,88;;;
150824;0000;99,5229;;;
150825;0000;23,2296;;;
150826;0000;63,7599;;;
150827;0000;72,5696;;;
150828;0000;;;;
150829;0000;62,7466;;;
150830;0000;70,281;;;
150831;0000;29,6537;;;
150901;0000;23,8654;;;
150902;0000;31,4975;;;
150903;0000;31,0175;;;
150904;0000;139,961;;;
150905;0000;77,3387;;;
150906;0000;19,7358;;;
150907;0000;29,5504;;;
150908;0000;43,585;;;
150909;0000;33,9932;;;
150910;0000;27,1292;;;
150911;0000;22,548;;;
150912;0000;27,3021;;;
150913;0000;44,0759;;;
150914;0000;79,3282;;;
150915;0000;54,117;;;
150916;0000;40,1008;;;
150917;0000;96,7754;;;
150918;0000;52,9592;;;
150919;0000;35,2608;;;
150920;0000;57,4546;;;
150921;0000;90,4462;;;
150922;0000;65,8658;;;
150923;0000;45,15;;;
150924;0000;18,179;;;
150925;0000;23,3059;;;
150926;0000;35,5424;;;
150927;0000;29,3892;;;
150928;0000;34,6908;;;
150929;0000;52,1162;;;
150930;0000;65,0637;;;
151001;0000;36,8358;;;
151002;0000;63,7275;;;
151003;0000;25,47;;;
151004;0000;14,7555;;;
151005;0000;39,5609;;;
151006;0000;41,0298;;;
151007;0000;35,2637;;;
151008;0000;21,9521;;;
151009;0000;33,7991;;;
151010;0000;40,5667;;;
151011;0000;34,5237;;;
151012;0000;33,2875;;;
151013;0000;20,9721;;;
151014;0000;23,5227;;;
151015;0000;42,4103;;;
151016;0000;25,9525;;;
151017;0000;39,7012;;;
151018;0000;55,895;;;
151019;0000;34,4887;;;
151020;0000;27,2144;;;
151021;0000;31,0708;;;
151022;0000;30,1437;;;
151023;0000;33,2079;;;
151024;0000;29,9904;;;
151025;0000;26,5035;;;
151026;0000;19,483;;;
151027;0000;18,0512;;;
151028;0000;19,7082;;;
151029;0000;22,5866;;;
151030;0000;38,4833;;;
151031;0000;23,3387;;;
151101;0000;24,4846;;;
151102;0000;32,2683;;;
151103;0000;33,6296;;;
151104;0000;41,4404;;;
151105;0000;39,7325;;;
151106;0000;38,3574;;;
151107;0000;28,6761;;;
151108;0000;16,3187;;;
151109;0000;17,0432;;;
151110;0000;24,7759;;;
151111;0000;25,3308;;;
151112;0000;23,3721;;;
151113;0000;28,4941;;;
151114;0000;23,8258;;;
151115;0000;16,7159;;;
151116;0000;16,7725;;;
151117;0000;14,4603;;;
151118;0000;14,301;;;
151119;0000;11,0676;;;
151120;0000;14,1756;;;
151121;0000;15,9496;;;
151122;0000;10,9695;;;
151123;0000;14,3606;;;
151124;0000;21,8243;;;
151125;0000;16,6592;;;
151126;0000;17,6104;;;
151127;0000;21,825;;;
151128;0000;38,609;;;
151129;0000;19,9575;;;
151130;0000;26,6426;;;
151201;0000;23,6404;;;
151202;0000;27,6846;;;
151203;0000;26,2796;;;
151204;0000;30,6742;;;
151205;0000;31,6012;;;
151206;0000;21,665;;;
151207;0000;24,0247;;;
151208;0000;30,875;;;
151209;0000;37,0833;;;
151210;0000;25,4438;;;
151211;0000;29,6808;;;
151212;0000;23,6317;;;
151213;0000;21,7483;;;
151214;0000;21,5471;;;
151215;0000;21,2339;;;
151216;0000;23,3321;;;
151217;0000;40,4881;;;
151218;0000;25,5438;;;
151219;0000;41,0171;;;
151220;0000;25,6713;;;
151221;0000;18,1465;;;
151222;0000;22,2589;;;
151223;0000;;;;
151224;0000;25,1462;;;
151225;0000;20,3825;;;
151226;0000;23,7854;;;
151227;0000;21,3763;;;
151228;0000;22,4229;;;
151229;0000;22,0971;;;
151230;0000;31,7104;;;
151231;0000;35,9454;;;
160101;0000;34,3771;;;
160102;0000;20,4688;;;
160103;0000;19,1363;;;
160104;0000;25,4154;;;
160105;0000;30,6446;;;
160106;0000;47,1183;;;
160107;0000;40,5983;;;
160108;0000;31,6675;;;
160109;0000;23,2617;;;
160110;0000;24,3942;;;
160111;0000;23,5892;;;
160112;0000;16,7287;;;
160113;0000;24,1121;;;
160114;0000;21,1646;;;
160115;0000;22,2842;;;
160116;0000;22,4529;;;
160117;0000;24,6783;;;
160118;0000;30,2771;;;
160119;0000;45,1843;;;
160120;0000;44,2458;;;
160121;0000;38,2779;;;
160122;0000;26,1433;;;
160123;0000;38,8071;;;
160124;0000;11,1158;;;
160125;0000;;;;
160126;0000;21,4002;;;
160127;0000;12,0545;;;
160128;0000;13,2808;;;
160129;0000;21,8208;;;
160130;0000;28,9066;;;
160131;0000;33,3641;;;
160201;0000;39,3917;;;
160202;0000;39,755;;;
160203;0000;26,7142;;;
160204;0000;27,9654;;;
160205;0000;32,6046;;;
160206;0000;35,385;;;
160207;0000;30,7183;;;
160208;0000;33,6517;;;
160209;0000;29,0917;;;
160210;0000;46,2258;;;
160211;0000;26,3921;;;
160212;0000;19,9972;;;
160213;0000;23,8962;;;
160214;0000;25,6823;;;
160215;0000;23,0956;;;
160216;0000;28,4213;;;
160217;0000;21,6104;;;
160218;0000;24,1237;;;
160219;0000;27,1617;;;
160220;0000;33,2571;;;
160221;0000;22,51;;;
160222;0000;26,9333;;;
160223;0000;40,9946;;;
160224;0000;29,3175;;;
160225;0000;27,3637;;;
160226;0000;32,4412;;;
160227;0000;31,1504;;;
160228;0000;22,5111;;;
160229;0000;40,05;;;
160301;0000;53,96;;;
160302;0000;52,425;;;
160303;0000;51,9854;;;
160304;0000;46,1013;;;
160305;0000;44,7596;;;
160306;0000;40,525;;;
160307;0000;35,8696;;;
160308;0000;46,4216;;;
160309;0000;30,7929;;;
160310;0000;50,4355;;;
160311;0000;41,4371;;;
160312;0000;49,8917;;;
160313;0000;29,9383;;;
160314;0000;41,1254;;;
160315;0000;44,8849;;;
160316;0000;63,2413;;;
160317;0000;26,2496;;;
160318;0000;94,7312;;;
160319;0000;59,29;;;
160320;0000;61,9174;;;
160321;0000;55,4888;;;
160322;0000;51,9537;;;
160323;0000;56,2233;;;
160324;0000;74,2487;;;
160325;0000;82,2737;;;
160326;0000;48,8912;;;
160327;0000;38,3496;;;
160328;0000;52,9896;;;
160329;0000;44,9091;;;
160330;0000;28,6455;;;
160331;0000;11,5636;;;
160401;0000;34,4371;;;
160402;0000;56,2667;;;
160403;0000;42,8633;;;
160404;0000;31,1583;;;
160405;0000;55,2804;;;
160406;0000;39,2371;;;
160407;0000;16,1021;;;
160408;0000;32,7642;;;
160409;0000;31,6721;;;
160410;0000;30,41;;;
160411;0000;62,1583;;;
160412;0000;56,9329;;;
160413;0000;42,0621;;;
160414;0000;14,4987;;;
160415;0000;19,4796;;;
160416;0000;27,3992;;;
160417;0000;27,6404;;;
160418;0000;32,5817;;;
160419;0000;26,0358;;;
160420;0000;34,7008;;;
160421;0000;37,6279;;;
160422;0000;39,89;;;
160423;0000;16,0891;;;
160424;0000;30,4367;;;
160425;0000;44,8069;;;
160426;0000;121,634;;;
160427;0000;150,655;;;
160428;0000;145,597;;;
160429;0000;152,857;;;
160430;0000;141,599;;;
160501;0000;73,6174;;;
160502;0000;48,7933;;;
160503;0000;39,7412;;;
160504;0000;85,7921;;;
160505;0000;68,4246;;;
160506;0000;92,65;;;
160507;0000;95,54;;;
160508;0000;56,3325;;;
160509;0000;83,4625;;;
160510;0000;125,808;;;
160511;0000;70,9316;;;
160512;0000;78,0416;;;
160513;0000;55,0587;;;
160514;0000;51,7304;;;
160515;0000;41,7557;;;
160516;0000;67,7675;;;
160517;0000;129,891;;;
160518;0000;63,4069;;;
160519;0000;48,2662;;;
160520;0000;54,2668;;;
160521;0000;;;;
160522;0000;;;;
160523;0000;131,8;;;
160524;0000;82,0901;;;
160525;0000;68,2787;;;
160526;0000;124,935;;;
160527;0000;123,775;;;
160528;0000;80,0079;;;
160529;0000;67,3217;;;
160530;0000;90,0366;;;
160531;0000;83,3358;;;
160601;0000;131,211;;;
160602;0000;153,231;;;
160603;0000;48,4683;;;
160604;0000;42,6909;;;
160605;0000;84,5782;;;
160606;0000;166,898;;;
160607;0000;65,6342;;;
160608;0000;46,7133;;;
160609;0000;88,4674;;;
160610;0000;234,531;;;
160611;0000;161,674;;;
160612;0000;168,084;;;
160613;0000;205,837;;;
160614;0000;171,325;;;
160615;0000;138,555;;;
160616;0000;55,037;;;
160617;0000;70,2704;;;
160618;0000;104,819;;;
160619;0000;56,1467;;;
160620;0000;54,2471;;;
160621;0000;74,4045;;;
160622;0000;61,5616;;;
160623;0000;60,3587;;;
160624;0000;40,3041;;;
160625;0000;115,468;;;
160626;0000;280,728;;;
160627;0000;247,695;;;
160628;0000;173,477;;;
160629;0000;67,6829;;;
160630;0000;54,9705;;;
160701;0000;53,6808;;;
160702;0000;59,3308;;;
160703;0000;123,207;;;
160704;0000;157,992;;;
160705;0000;57,99;;;
160706;0000;75,2758;;;
160707;0000;173,27;;;
160708;0000;73,0845;;;
160709;0000;58,6533;;;
160710;0000;34,4192;;;
160711;0000;37,3735;;;
160712;0000;84,2345;;;
160713;0000;16,877;;;
160714;0000;111,247;;;
160715;0000;197,703;;;
160716;0000;166,411;;;
160717;0000;63,132;;;
160718;0000;113,962;;;
160719;0000;54,6275;;;
160720;0000;58,38;;;
160721;0000;42,7691;;;
160722;0000;34,8633;;;
160723;0000;26,6258;;;
160724;0000;23,2523;;;
160725;0000;84,5634;;;
160726;0000;60,6225;;;
160727;0000;156,505;;;
160728;0000;62,772;;;
160729;0000;43,6708;;;
160730;0000;94,7345;;;
160731;0000;69,5167;;;
160801;0000;79,6295;;;
160802;0000;116,769;;;
160803;0000;69,822;;;
160804;0000;104,183;;;
160805;0000;116,015;;;
160806;0000;102,285;;;
160807;0000;47,5612;;;
160808;0000;43,2217;;;
160809;0000;46,4658;;;
160810;0000;67,8104;;;
160811;0000;80,512;;;
160812;0000;103,818;;;
160813;0000;74,1708;;;
160814;0000;26,6892;;;
160815;0000;28,8615;;;
160816;0000;40,7784;;;
160817;0000;32,6992;;;
160818;0000;41,4429;;;
160819;0000;40,1954;;;
160820;0000;29,2242;;;
160821;0000;20,8692;;;
160822;0000;33,4862;;;
160823;0000;45,1966;;;
160824;0000;37,9854;;;
160825;0000;39,2867;;;
160826;0000;34,1791;;;
160827;0000;58,65;;;
160828;0000;95,9071;;;
160829;0000;42,2054;;;
160830;0000;57,2808;;;
160831;0000;26,6596;;;
160901;0000;35,4871;;;
160902;0000;56,3421;;;
160903;0000;46,8283;;;
160904;0000;95,8455;;;
160905;0000;;;;
160906;0000;;;;
160907;0000;145,704;;;
160908;0000;71,2345;;;
160909;0000;51,5908;;;
160910;0000;44,0742;;;
160911;0000;40,3783;;;
160912;0000;16,7372;;;
160913;0000;18,3412;;;
160914;0000;29,3654;;;
160915;0000;46,8033;;;
160916;0000;44,1267;;;
160917;0000;24,3506;;;
160918;0000;27,4283;;;
160919;0000;36,3046;;;
160920;0000;27,6825;;;
160921;0000;27,5154;;;
160922;0000;36,9875;;;
160923;0000;56,6399;;;
160924;0000;48,4469;;;
160925;0000;54,1692;;;
160926;0000;49,6683;;;
160927;0000;44,5908;;;
160928;0000;43,9437;;;
160929;0000;31,9817;;;
160930;0000;14,1819;;;
161001;0000;21,09;;;
161002;0000;;;;
161003;0000;;;;
161004;0000;13,4714;;;
161005;0000;19,3894;;;
161006;0000;20,7792;;;
161007;0000;30,2253;;;
161008;0000;34,5712;;;
161009;0000;23,5013;;;
161010;0000;27,2462;;;
161011;0000;33,3004;;;
161012;0000;15,3616;;;
161013;0000;12,806;;;
161014;0000;30,5898;;;
161015;0000;18,2954;;;
161016;0000;21,0079;;;
161017;0000;21,5475;;;
161018;0000;30,3271;;;
161019;0000;21,6658;;;
161020;0000;24,2568;;;
161021;0000;27,3075;;;
161022;0000;30,9804;;;
161023;0000;20,6621;;;
161024;0000;16,043;;;
161025;0000;18,5496;;;
161026;0000;26,4825;;;
161027;0000;31,9896;;;
161028;0000;29,8754;;;
161029;0000;21,4596;;;
161030;0000;15,8813;;;
161031;0000;20,9361;;;
161101;0000;11,2818;;;
161102;0000;12,2813;;;
161103;0000;18,6748;;;
161104;0000;25,8534;;;
161105;0000;19,6133;;;
161106;0000;13,9514;;;
161107;0000;25,42;;;
161108;0000;28,7679;;;
161109;0000;35,9071;;;
161110;0000;33,985;;;
161111;0000;31,92;;;
161112;0000;33,4379;;;
161113;0000;23,6125;;;
161114;0000;18,0446;;;
161115;0000;16,8179;;;
161116;0000;30,8846;;;
161117;0000;25,7183;;;
161118;0000;31,2525;;;
161119;0000;34,0625;;;
161120;0000;28,515;;;
161121;0000;38,2054;;;
161122;0000;27,6325;;;
161123;0000;33,9341;;;
161124;0000;31,9067;;;
161125;0000;33,1129;;;
161126;0000;10,2237;;;
161127;0000;10,6355;;;
161128;0000;18,7953;;;
161129;0000;26,4479;;;
161130;0000;33,895;;;
161201;0000;34,4483;;;
161202;0000;27,35;;;
161203;0000;33,2854;;;
161204;0000;24,1158;;;
161205;0000;11,4834;;;
161206;0000;11,8054;;;
161207;0000;16,3213;;;
161208;0000;20,2983;;;
161209;0000;26,6292;;;
161210;0000;18,3271;;;
161211;0000;11,1006;;;
161212;0000;17,1054;;;
161213;0000;23,0245;;;
161214;0000;31,1475;;;
161215;0000;36,691;;;
161216;0000;36,8583;;;
161217;0000;25,0595;;;
161218;0000;11,784;;;
161219;0000;19,9491;;;
161220;0000;20,3838;;;
161221;0000;13,4732;;;
161222;0000;17,2221;;;
161223;0000;15,4334;;;
161224;0000;19,395;;;
161225;0000;9,70476;;;
161226;0000;10,1664;;;
161227;0000;15,8157;;;
161228;0000;19,8017;;;
161229;0000;24,0583;;;
161230;0000;17,1018;;;
161231;0000;16,1242;;;
170101;0000;15,1443;;;
170102;0000;14,5872;;;
170103;0000;18,7917;;;
170104;0000;29,0104;;;
170105;0000;23,897;;;
170106;0000;22,8358;;;
170107;0000;16,5635;;;
170108;0000;12,6588;;;
170109;0000;10,2347;;;
170110;0000;14,4948;;;
170111;0000;19,4283;;;
170112;0000;21,0479;;;
170113;0000;19,0162;;;
170114;0000;22,0612;;;
170115;0000;19,0546;;;
170116;0000;24,7025;;;
170117;0000;22,2807;;;
170118;0000;;;;
170119;0000;;;;
170120;0000;43,6325;;;
170121;0000;44,2246;;;
170122;0000;43,2308;;;
170123;0000;52,3879;;;
170124;0000;31,6598;;;
170125;0000;45,7846;;;
170126;0000;199,284;;;
170127;0000;748,237;;;
170128;0000;141,19;;;
170129;0000;52,4996;;;
170130;0000;23,1771;;;
170131;0000;35,5667;;;
170201;0000;44,2375;;;
170202;0000;50,4296;;;
170203;0000;23,1066;;;
170204;0000;15,5994;;;
170205;0000;15,5278;;;
170206;0000;22,7937;;;
170207;0000;25,7458;;;
170208;0000;26,6267;;;
170209;0000;23,6296;;;
170210;0000;29,6067;;;
170211;0000;24,2837;;;
170212;0000;17,4426;;;
170213;0000;30,2594;;;
170214;0000;42,8904;;;
170215;0000;33,9446;;;
170216;0000;20,5505;;;
170217;0000;14,9888;;;
170218;0000;14,6047;;;
170219;0000;10,488;;;
170220;0000;14,7454;;;
170221;0000;24,098;;;
170222;0000;19,8251;;;
170223;0000;44,8528;;;
170224;0000;23,2038;;;
170225;0000;31,6625;;;
170226;0000;26,8937;;;
170227;0000;23,0188;;;
170228;0000;21,7708;;;
170301;0000;13,8664;;;
170302;0000;17,5713;;;
170303;0000;13,5681;;;
170304;0000;16,6613;;;
170305;0000;12,8732;;;
170306;0000;23,784;;;
170307;0000;39,0579;;;
170308;0000;25,6483;;;
170309;0000;13,9523;;;
170310;0000;13,8075;;;
170311;0000;16,1796;;;
170312;0000;10,0176;;;
170313;0000;19,8114;;;
170314;0000;22,0546;;;
170315;0000;38,2148;;;
170316;0000;44,5629;;;
170317;0000;57,3134;;;
170318;0000;55,1588;;;
170319;0000;37,2516;;;
170320;0000;31,5925;;;
170321;0000;40,1808;;;
170322;0000;54,1088;;;
170323;0000;36,545;;;
170324;0000;30,3725;;;
170325;0000;37,7783;;;
170326;0000;35,7938;;;
170327;0000;29,2367;;;
170328;0000;34,8542;;;
170329;0000;32,5546;;;
170330;0000;23,5017;;;
170331;0000;43,8821;;;
170401;0000;59,3246;;;
170402;0000;32,1034;;;
170403;0000;21,6575;;;
170404;0000;36,1953;;;
170405;0000;36,3321;;;
170406;0000;29,6433;;;
170407;0000;13,3705;;;
170408;0000;16,2325;;;
170409;0000;17,451;;;
170410;0000;31,0251;;;
170411;0000;31,3359;;;
170412;0000;55,5279;;;
170413;0000;37,3821;;;
170414;0000;52,8246;;;
170415;0000;34,7829;;;
170416;0000;30,0596;;;
170417;0000;37,6788;;;
170418;0000;37,8892;;;
170419;0000;24,9163;;;
170420;0000;14,472;;;
170421;0000;18,6142;;;
170422;0000;24,3426;;;
170423;0000;37,3331;;;
170424;0000;55,3638;;;
170425;0000;46,1079;;;
170426;0000;32,505;;;
170427;0000;24,4919;;;
170428;0000;28,4984;;;
170429;0000;28,0927;;;
170430;0000;57,1775;;;
170501;0000;42;;;
170502;0000;91;;;
170503;0000;38;;;
170504;0000;120;;;
170505;0000;75;;;
170506;0000;41;;;
170507;0000;27;;;
170508;0000;24;;;
170509;0000;99;;;
170510;0000;67;;;
170511;0000;15;;;
170512;0000;73;;;
170513;0000;28;;;
170514;0000;76;;;
170515;0000;73;;;
170516;0000;70;;;
170517;0000;29;;;
170518;0000;141;;;
170519;0000;174;;;
170520;0000;195;;;
170521;0000;79;;;
170522;0000;71;;;
170523;0000;82;;;
170524;0000;106;;;
170525;0000;138;;;
170526;0000;90;;;
170527;0000;226;;;
170528;0000;238;;;
170529;0000;125;;;
170530;0000;100;;;
170531;0000;97;;;
170601;0000;65;;;
170602;0000;52;;;
170603;0000;37;;;
170604;0000;56;;;
170605;0000;60;;;
170606;0000;196;;;
170607;0000;110;;;
170608;0000;100;;;
170609;0000;60;;;
170610;0000;22;;;
170611;0000;34;;;
170612;0000;149;;;
170613;0000;81;;;
170614;0000;54;;;
170615;0000;26;;;
170616;0000;12;;;
170617;0000;42;;;
170618;0000;52;;;
170619;0000;87;;;
170620;0000;121;;;
170621;0000;27;;;
170622;0000;30;;;
170623;0000;39;;;
170624;0000;44;;;
170625;0000;13;;;
170626;0000;56;;;
170627;0000;35;;;
170628;0000;72;;;
170629;0000;53;;;
170630;0000;62;;;
170701;0000;72;;;
170702;0000;56;;;
170703;0000;32;;;
170704;0000;33;;;
170705;0000;89;;;
170706;0000;127;;;
170707;0000;133;;;
170708;0000;66;;;
170709;0000;23;;;
170710;0000;40;;;
170711;0000;205;;;
170712;0000;60;;;
170713;0000;34;;;
170714;0000;24;;;
170715;0000;;;;
170716;0000;46;;;
170717;0000;44;;;
170718;0000;61;;;
170719;0000;59;;;
170720;0000;128;;;
170721;0000;110;;;
170722;0000;40;;;
170723;0000;76;;;
170724;0000;79;;;
170725;0000;132;;;
170726;0000;143;;;
170727;0000;121;;;
170728;0000;61;;;
170729;0000;76;;;
170730;0000;105;;;
170731;0000;108;;;
170801;0000;112;;;
170802;0000;66;;;
170803;0000;99;;;
170804;0000;109;;;
170805;0000;39;;;
170806;0000;91;;;
170807;0000;42;;;
170808;0000;36;;;
170809;0000;23;;;
170810;0000;19;;;
170811;0000;79;;;
170812;0000;51;;;
170813;0000;17;;;
170814;0000;42;;;
170815;0000;51;;;
170816;0000;105;;;
170817;0000;92;;;
170818;0000;42;;;
170819;0000;55;;;
170820;0000;69;;;
170821;0000;111;;;
170822;0000;33;;;
170823;0000;22;;;
170824;0000;33;;;
170825;0000;50;;;
170826;0000;31;;;
170827;0000;32;;;
170828;0000;81;;;
170829;0000;87;;;
170830;0000;113;;;
170831;0000;75;;;
170901;0000;62;;;
170902;0000;109;;;
170903;0000;67;;;
170904;0000;41;;;
170905;0000;88;;;
170906;0000;45;;;
170907;0000;37;;;
170908;0000;35;;;
170909;0000;71;;;
170910;0000;96;;;
170911;0000;48;;;
170912;0000;86;;;
170913;0000;59;;;
170914;0000;19;;;
170915;0000;22;;;
170916;0000;40;;;
170917;0000;52;;;
170918;0000;25;;;
170919;0000;23;;;
170920;0000;17;;;
170921;0000;18;;;
170922;0000;26;;;
170923;0000;30;;;
170924;0000;27;;;
170925;0000;29;;;
170926;0000;33;;;
170927;0000;54;;;
170928;0000;59;;;
170929;0000;33;;;
170930;0000;21;;;
171001;0000;50;;;
171002;0000;61;;;
171003;0000;18;;;
171004;0000;24;;;
171005;0000;19;;;
171006;0000;22;;;
171007;0000;29;;;
171008;0000;21;;;
171009;0000;18;;;
171010;0000;25;;;
171011;0000;33;;;
171012;0000;36;;;
171013;0000;26;;;
171014;0000;35;;;
171015;0000;39;;;
171016;0000;23;;;
171017;0000;17;;;
171018;0000;11;;;
171019;0000;21;;;
171020;0000;20;;;
171021;0000;22;;;
171022;0000;25;;;
171023;0000;17;;;
171024;0000;17;;;
171025;0000;23;;;
171026;0000;23;;;
171027;0000;20;;;
171028;0000;18;;;
171029;0000;22;;;
171030;0000;20;;;
171031;0000;26;;;
171101;0000;16;;;
171102;0000;14;;;
171103;0000;18;;;
171104;0000;27;;;
171105;0000;15;;;
171106;0000;18;;;
171107;0000;21;;;
171108;0000;20;;;
171109;0000;27;;;
171110;0000;24;;;
171111;0000;29;;;
171112;0000;21;;;
171113;0000;26;;;
171114;0000;27;;;
171115;0000;20;;;
171116;0000;20;;;
171117;0000;35;;;
171118;0000;24;;;
171119;0000;14;;;
171120;0000;27;;;
171121;0000;31;;;
171122;0000;30;;;
171123;0000;31;;;
171124;0000;35;;;
171125;0000;41;;;
171126;0000;25;;;
171127;0000;35;;;
171128;0000;48;;;
171129;0000;40;;;
171130;0000;38;;;
171201;0000;37;;;
171202;0000;55;;;
171203;0000;38;;;
171204;0000;35;;;
171205;0000;43;;;
171206;0000;40;;;
171207;0000;40;;;
171208;0000;37;;;
171209;0000;26;;;
171210;0000;39;;;
171211;0000;42;;;
171212;0000;17;;;
171213;0000;18;;;
171214;0000;25;;;
171215;0000;23;;;
171216;0000;18;;;
171217;0000;18;;;
171218;0000;25;;;
171219;0000;28;;;
171220;0000;28;;;
171221;0000;29;;;
171222;0000;34;;;
171223;0000;26;;;
171224;0000;25;;;
171225;0000;15;;;
171226;0000;16;;;
171227;0000;25;;;
171228;0000;28;;;
171229;0000;21;;;
171230;0000;15;;;
171231;0000;20;;;
180101;0000;15;;;
180102;0000;16;;;
180103;0000;14;;;
180104;0000;13;;;
180105;0000;18;;;
180106;0000;36;;;
180107;0000;15;;;
180108;0000;32;;;
180109;0000;30;;;
180110;0000;;;;
180111;0000;37;;;
180112;0000;29;;;
180113;0000;35;;;
180114;0000;30;;;
180115;0000;31;;;
180116;0000;33;;;
180117;0000;37;;;
180118;0000;46;;;
180119;0000;36;;;
180120;0000;38;;;
180121;0000;32;;;
180122;0000;36;;;
180123;0000;34;;;
180124;0000;42;;;
180125;0000;42;;;
180126;0000;40;;;
180127;0000;36;;;
180128;0000;36;;;
180129;0000;33;;;
180130;0000;50;;;
180131;0000;59;;;
180201;0000;68;;;
180202;0000;58;;;
180203;0000;40;;;
180204;0000;36;;;
180205;0000;36;;;
180206;0000;26;;;
180207;0000;31;;;
180208;0000;28;;;
180209;0000;43;;;
180210;0000;44;;;
180211;0000;27;;;
180212;0000;50;;;
180213;0000;45;;;
180214;0000;55;;;
180215;0000;57;;;
180216;0000;41;;;
180217;0000;32;;;
180218;0000;21;;;
180219;0000;34;;;
180220;0000;18;;;
180221;0000;24;;;
180222;0000;23;;;
180223;0000;15;;;
180224;0000;31;;;
180225;0000;25;;;
180226;0000;20;;;
180227;0000;30;;;
180228;0000;33;;;
180301;0000;33;;;
180302;0000;45;;;
180303;0000;33;;;
180304;0000;29;;;
180305;0000;47;;;
180306;0000;56;;;
180307;0000;51;;;
180308;0000;39;;;
180309;0000;38;;;
180310;0000;13;;;
180311;0000;15;;;
180312;0000;20;;;
180313;0000;30;;;
180314;0000;39;;;
180315;0000;25;;;
180316;0000;58;;;
180317;0000;21;;;
180318;0000;15;;;
180319;0000;20;;;
180320;0000;24;;;
180321;0000;64;;;
180322;0000;16;;;
180323;0000;15;;;
180324;0000;15;;;
180325;0000;14;;;
180326;0000;22;;;
180327;0000;32;;;
180328;0000;32;;;
180329;0000;36;;;
180330;0000;28;;;
180331;0000;17;;;
180401;0000;45;;;
180402;0000;48;;;
180403;0000;52;;;
180404;0000;46;;;
180405;0000;21;;;
180406;0000;52;;;
180407;0000;65;;;
180408;0000;33;;;
180409;0000;38;;;
180410;0000;13;;;
180411;0000;31;;;
180412;0000;33;;;
180413;0000;63;;;
180414;0000;78;;;
180415;0000;36;;;
180416;0000;26;;;
180417;0000;26;;;
180418;0000;32;;;
180419;0000;45;;;
180420;0000;69;;;
180421;0000;73;;;
180422;0000;38;;;
180423;0000;28;;;
180424;0000;73;;;
180425;0000;156;;;
180426;0000;77;;;
180427;0000;26;;;
180428;0000;90;;;
180429;0000;60;;;
180430;0000;49;;;
180501;0000;49;;;
180502;0000;40;;;
180503;0000;40;;;
180504;0000;59;;;
180505;0000;85;;;
180506;0000;46;;;
180507;0000;89;;;
180508;0000;53;;;
180509;0000;66;;;
180510;0000;115;;;
180511;0000;59;;;
180512;0000;69;;;
180513;0000;44;;;
180514;0000;39;;;
180515;0000;66;;;
180516;0000;81;;;
180517;0000;60;;;
180518;0000;54;;;
180519;0000;71;;;
180520;0000;75;;;
180521;0000;27;;;
180522;0000;57;;;
180523;0000;180;;;
180524;0000;250;;;
180525;0000;136;;;
180526;0000;72;;;
180527;0000;49;;;
180528;0000;37;;;
180529;0000;93;;;
180530;0000;43;;;
180531;0000;28;;;
180601;0000;117;;;
180602;0000;220;;;
180603;0000;187;;;
180604;0000;243;;;
180605;0000;96;;;
180606;0000;44;;;
180607;0000;85;;;
180608;0000;53;;;
180609;0000;33;;;
180610;0000;34;;;
180611;0000;52;;;
180612;0000;79;;;
180613;0000;65;;;
180614;0000;227;;;
180615;0000;251;;;
180616;0000;122;;;
180617;0000;46;;;
180618;0000;46;;;
180619;0000;38;;;
180620;0000;122;;;
180621;0000;84;;;
180622;0000;99;;;
180623;0000;67;;;
180624;0000;92;;;
180625;0000;132;;;
180626;0000;33;;;
180627;0000;90;;;
180628;0000;49;;;
180629;0000;129;;;
180630;0000;74;;;
180701;0000;36;;;
180702;0000;70;;;
180703;0000;37;;;
180704;0000;13;;;
180705;0000;16;;;
180706;0000;26;;;
180707;0000;23;;;
180708;0000;54;;;
180709;0000;181;;;
180710;0000;126;;;
180711;0000;172;;;
180712;0000;144;;;
180713;0000;118;;;
180714;0000;82;;;
180715;0000;106;;;
180716;0000;39;;;
180717;0000;84;;;
180718;0000;104;;;
180719;0000;199;;;
180720;0000;140;;;
180721;0000;96;;;
180722;0000;37;;;
180723;0000;38;;;
180724;0000;219;;;
180725;0000;300;;;
180726;0000;173;;;
180727;0000;102;;;
180728;0000;190;;;
180729;0000;257;;;
180730;0000;104;;;
180731;0000;64;;;
180801;0000;125;;;
180802;0000;73;;;
180803;0000;87;;;
180804;0000;121;;;
180805;0000;74;;;
180806;0000;39;;;
180807;0000;68;;;
180808;0000;116;;;
180809;0000;226;;;
180810;0000;194;;;
180811;0000;114;;;
180812;0000;77;;;
180813;0000;53;;;
180814;0000;34;;;
180815;0000;144;;;
180816;0000;151;;;
180817;0000;118;;;
180818;0000;34;;;
180819;0000;28;;;
180820;0000;122;;;
180821;0000;132;;;
180822;0000;49;;;
180823;0000;27;;;
180824;0000;59;;;
180825;0000;29;;;
180826;0000;30;;;
180827;0000;125;;;
180828;0000;58;;;
180829;0000;52;;;
180830;0000;44;;;
180831;0000;69;;;
180901;0000;69;;;
180902;0000;50;;;
180903;0000;32;;;
180904;0000;65;;;
180905;0000;38;;;
180906;0000;27;;;
180907;0000;29;;;
180908;0000;30;;;
180909;0000;96;;;
180910;0000;74;;;
180911;0000;37;;;
180912;0000;39;;;
180913;0000;59;;;
180914;0000;47;;;
180915;0000;45;;;
180916;0000;34;;;
180917;0000;23;;;
180918;0000;20;;;
180919;0000;33;;;
180920;0000;25;;;
180921;0000;20;;;
180922;0000;19;;;
180923;0000;21;;;
180924;0000;20;;;
180925;0000;29;;;
180926;0000;39;;;
180927;0000;30;;;
180928;0000;20;;;
180929;0000;13;;;
180930;0000;22;;;
181001;0000;24;;;
181002;0000;18;;;
181003;0000;28;;;
181004;0000;51;;;
181005;0000;48;;;
181006;0000;51;;;
181007;0000;41;;;
181008;0000;28;;;
181009;0000;42;;;
181010;0000;25;;;
181011;0000;35;;;
181012;0000;48;;;
181013;0000;47;;;
181014;0000;23;;;
181015;0000;25;;;
181016;0000;28;;;
181017;0000;26;;;
181018;0000;19;;;
181019;0000;30;;;
181020;0000;22;;;
181021;0000;18;;;
181022;0000;30;;;
181023;0000;38;;;
181024;0000;21;;;
181025;0000;27;;;
181026;0000;28;;;
181027;0000;20;;;
181028;0000;21;;;
181029;0000;13;;;
181030;0000;15;;;
181031;0000;23;;;
181101;0000;28;;;
181102;0000;20;;;
181103;0000;23;;;
181104;0000;25;;;
181105;0000;24;;;
181106;0000;30;;;
181107;0000;36;;;
181108;0000;37;;;
181109;0000;28;;;
181110;0000;20;;;
181111;0000;25;;;
181112;0000;21;;;
181113;0000;24;;;
181114;0000;20;;;
181115;0000;19;;;
181116;0000;25;;;
181117;0000;11;;;
181118;0000;14;;;
181119;0000;22;;;
181120;0000;23;;;
181121;0000;16;;;
181122;0000;22;;;
181123;0000;28;;;
181124;0000;26;;;
181125;0000;22;;;
181126;0000;26;;;
181127;0000;28;;;
181128;0000;36;;;
181129;0000;36;;;
181130;0000;35;;;
181201;0000;31;;;
181202;0000;43;;;
181203;0000;36;;;
181204;0000;38;;;
181205;0000;32;;;
181206;0000;34;;;
181207;0000;38;;;
181208;0000;25;;;
181209;0000;19;;;
181210;0000;24;;;
181211;0000;15;;;
181212;0000;16;;;
181213;0000;15;;;
181214;0000;11;;;
181215;0000;15;;;
181216;0000;15;;;
181217;0000;19;;;
181218;0000;29;;;
181219;0000;27;;;
181220;0000;20;;;
181221;0000;29;;;
181222;0000;28;;;
181223;0000;23;;;
181224;0000;23;;;
181225;0000;18;;;
181226;0000;23;;;
181227;0000;24;;;
181228;0000;23;;;
181229;0000;17;;;
181230;0000;15;;;
181231;0000;20;;;
190101;0000;18;;;
190102;0000;56;;;
190103;0000;46;;;
190104;0000;22;;;
190105;0000;26;;;
190106;0000;26;;;
190107;0000;18;;;
190108;0000;14;;;
190109;0000;9;;;
190110;0000;13;;;
190111;0000;22;;;
190112;0000;21;;;
190113;0000;14;;;
190114;0000;22;;;
190115;0000;23;;;
190116;0000;22;;;
190117;0000;24;;;
190118;0000;35;;;
190119;0000;38;;;
190120;0000;21;;;
190121;0000;19;;;
190122;0000;27;;;
190123;0000;27;;;
190124;0000;36;;;
190125;0000;29;;;
190126;0000;23;;;
190127;0000;27;;;
190128;0000;28;;;
190129;0000;25;;;
190130;0000;23;;;
190131;0000;38;;;
190201;0000;33;;;
190202;0000;53;;;
190203;0000;36;;;
190204;0000;30;;;
190205;0000;43;;;
190206;0000;63;;;
190207;0000;37;;;
190208;0000;48;;;
190209;0000;30;;;
190210;0000;15;;;
190211;0000;12;;;
190212;0000;50;;;
190213;0000;27;;;
190214;0000;40;;;
190215;0000;47;;;
190216;0000;37;;;
190217;0000;34;;;
190218;0000;33;;;
190219;0000;20;;;
190220;0000;19;;;
190221;0000;21;;;
190222;0000;18;;;
190223;0000;25;;;
190224;0000;21;;;
190225;0000;28;;;
190226;0000;37;;;
190227;0000;43;;;
190228;0000;59;;;
190301;0000;27;;;
190302;0000;28;;;
190303;0000;23;;;
190304;0000;20;;;
190305;0000;32;;;
190306;0000;36;;;
190307;0000;10;;;
190308;0000;26;;;
190309;0000;33;;;
190310;0000;37;;;
190311;0000;32;;;
190312;0000;35;;;
190313;0000;31;;;
190314;0000;29;;;
190315;0000;36;;;
190316;0000;47;;;
190317;0000;33;;;
190318;0000;39;;;
190319;0000;45;;;
190320;0000;43;;;
190321;0000;47;;;
190322;0000;46;;;
190323;0000;54;;;
190324;0000;38;;;
190325;0000;42;;;
190326;0000;72;;;
190327;0000;49;;;
190328;0000;40;;;
190329;0000;138;;;
190330;0000;228;;;
190331;0000;66;;;
190401;0000;46;;;
190402;0000;57;;;
190403;0000;47;;;
190404;0000;20;;;
190405;0000;52;;;
190406;0000;64;;;
190407;0000;82;;;
190408;0000;43;;;
190409;0000;53;;;
190410;0000;46;;;
190411;0000;83;;;
190412;0000;86;;;
190413;0000;50;;;
190414;0000;32;;;
190415;0000;38;;;
190416;0000;69;;;
190417;0000;99;;;
190418;0000;78;;;
190419;0000;33;;;
190420;0000;55;;;
190421;0000;65;;;
190422;0000;40;;;
190423;0000;88;;;
190424;0000;102;;;
190425;0000;105;;;
190426;0000;138;;;
190427;0000;132;;;
190428;0000;68;;;
190429;0000;104;;;
190430;0000;53;;;
190501;0000;64;;;
190502;0000;61;;;
190503;0000;17;;;
190504;0000;30;;;
190505;0000;47;;;
190506;0000;61;;;
190507;0000;50;;;
190508;0000;34;;;
190509;0000;67;;;
190510;0000;131;;;
190511;0000;138;;;
190512;0000;52;;;
190513;0000;78;;;
190514;0000;272;;;
190515;0000;142;;;
190516;0000;50;;;
190517;0000;105;;;
190518;0000;38;;;
190519;0000;22;;;
190520;0000;45;;;
190521;0000;77;;;
190522;0000;246;;;
190523;0000;264;;;
190524;0000;176;;;
190525;0000;172;;;
190526;0000;43;;;
190527;0000;39;;;
190528;0000;92;;;
190529;0000;27;;;
190530;0000;16;;;
190531;0000;18;;;
190601;0000;25;;;
190602;0000;91;;;
190603;0000;164;;;
190604;0000;41;;;
190605;0000;19;;;
190606;0000;45;;;
190607;0000;59;;;
190608;0000;132;;;
190609;0000;95;;;
190610;0000;74;;;
190611;0000;49;;;
190612;0000;15;;;
190613;0000;25;;;
190614;0000;73;;;
190615;0000;82;;;
190616;0000;115;;;
190617;0000;117;;;
190618;0000;64;;;
190619;0000;84;;;
190620;0000;231;;;
190621;0000;136;;;
190622;0000;160;;;
190623;0000;94;;;
190624;0000;91;;;
190625;0000;75;;;
190626;0000;23;;;
190627;0000;16;;;
190628;0000;43;;;
190629;0000;76;;;
190630;0000;63;;;
190701;0000;103;;;
190702;0000;87;;;
190703;0000;130;;;
190704;0000;21;;;
190705;0000;34;;;
190706;0000;63;;;
190707;0000;61;;;
190708;0000;42;;;
190709;0000;61;;;
190710;0000;48;;;
190711;0000;127;;;
190712;0000;81;;;
190713;0000;68;;;
190714;0000;40;;;
190715;0000;33;;;
190716;0000;98;;;
190717;0000;166;;;
190718;0000;105;;;
190719;0000;106;;;
190720;0000;41;;;
190721;0000;31;;;
190722;0000;36;;;
190723;0000;57;;;
190724;0000;66;;;
190725;0000;84;;;
190726;0000;134;;;
190727;0000;73;;;
190728;0000;40;;;
190729;0000;31;;;
190730;0000;37;;;
190731;0000;48;;;
190801;0000;35;;;
190802;0000;;27;;
190803;0000;;49;;
190804;0000;;141;;
190805;0000;;56;;
190806;0000;;40;;
190807;0000;;20;;
190808;0000;;61;;
190809;0000;;131;;
190810;0000;;92;;
190811;0000;;45;;
190812;0000;41;;;
190813;0000;55;;;
190814;0000;89;;;
190815;0000;89;;;
190816;0000;43;;;
190817;0000;48;;;
190818;0000;76;;;
190819;0000;90;;;
190820;0000;;;;
190821;0000;;;;
190822;0000;114;;;
190823;0000;152;;;
190824;0000;93;;;
190825;0000;57;;;
190826;0000;38;;;
190827;0000;67;;;
190828;0000;48;;;
190829;0000;28;;;
190830;0000;24;;;
190831;0000;21;;;
190901;0000;17;;;
190902;0000;32;;;
190903;0000;89;;;
190904;0000;175;;;
190905;0000;78;;;
190906;0000;57;;;
190907;0000;32;;;
190908;0000;33;;;
190909;0000;20;;;
190910;0000;66;;;
190911;0000;68;;;
190912;0000;44;;;
190913;0000;41;;;
190914;0000;49;;;
190915;0000;24;;;
190916;0000;13;;;
190917;0000;44;;;
190918;0000;19;;;
190919;0000;17;;;
190920;0000;15;;;
190921;0000;13;;;
190922;0000;23;;;
190923;0000;27;;;
190924;0000;36;;;
190925;0000;44;;;
190926;0000;34;;;
190927;0000;48;;;
190928;0000;38;;;
190929;0000;21;;;
190930;0000;19;;;
191001;0000;30;;;
191002;0000;26;;;
191003;0000;35;;;
191004;0000;23;;;
191005;0000;24;;;
191006;0000;21;;;
191007;0000;11;;;
191008;0000;22;;;
191009;0000;32;;;
191010;0000;49;;;
191011;0000;60;;;
191012;0000;20;;;
191013;0000;39;;;
191014;0000;44;;;
191015;0000;21;;;
191016;0000;29;;;
191017;0000;27;;;
191018;0000;34;;;
191019;0000;61;;;
191020;0000;39;;;
191021;0000;28;;;
191022;0000;24;;;
191023;0000;30;;;
191024;0000;27;;;
191025;0000;26;;;
191026;0000;28;;;
191027;0000;8;;;
191028;0000;21;;;
191029;0000;22;;;
191030;0000;20;;;
191031;0000;16;;;
191101;0000;24;;;
191102;0000;11;;;
191103;0000;9;;;
191104;0000;14;;;
191105;0000;24;;;
191106;0000;23;;;
191107;0000;26;;;
191108;0000;29;;;
191109;0000;29;;;
191110;0000;26;;;
191111;0000;28;;;
191112;0000;30;;;
191113;0000;27;;;
191114;0000;28;;;
191115;0000;24;;;
191116;0000;15;;;
191117;0000;21;;;
191118;0000;34;;;
191119;0000;31;;;
191120;0000;31;;;
191121;0000;35;;;
191122;0000;42;;;
191123;0000;29;;;
191124;0000;19;;;
191125;0000;25;;;
191126;0000;25;;;
191127;0000;30;;;
191128;0000;24;;;
191129;0000;20;;;
191130;0000;21;;;
191201;0000;23;;;
191202;0000;28;;;
191203;0000;39;;;
191204;0000;30;;;
191205;0000;27;;;
191206;0000;28;;;
191207;0000;28;;;
191208;0000;22;;;
191209;0000;33;;;
191210;0000;26;;;
191211;0000;22;;;
191212;0000;36;;;
191213;0000;30;;;
191214;0000;23;;;
191215;0000;18;;;
191216;0000;22;;;
191217;0000;21;;;
191218;0000;25;;;
191219;0000;25;;;
191220;0000;16;;;
191221;0000;20;;;
191222;0000;16;;;
191223;0000;16;;;
191224;0000;10;;;
191225;0000;10;;;
191226;0000;23;;;
191227;0000;30;;;
191228;0000;22;;;
191229;0000;20;;;
191230;0000;;26;;
191231;0000;;29;;
200101;0000;31;;;
200102;0000;34;;;
200103;0000;33;;;
200104;0000;27;;;
200105;0000;16;;;
200106;0000;22;;;
200107;0000;28;;;
200108;0000;12;;;
200109;0000;13;;;
200110;0000;17;;;
200111;0000;18;;;
200112;0000;17;;;
200113;0000;25;;;
200114;0000;24;;;
200115;0000;59;;;
200116;0000;44;;;
200117;0000;59;;;
200118;0000;39;;;
200119;0000;32;;;
200120;0000;38;;;
200121;0000;39;;;
200122;0000;41;;;
200123;0000;34;;;
200124;0000;36;;;
200125;0000;33;;;
200126;0000;17;;;
200127;0000;38;;;
200128;0000;26;;;
200129;0000;32;;;
200130;0000;39;;;
200131;0000;35;;;
200201;0000;36;;;
200202;0000;18;;;
200203;0000;27;;;
200204;0000;17;;;
200205;0000;20;;;
200206;0000;25;;;
200207;0000;27;;;
200208;0000;34;;;
200209;0000;46;;;
200210;0000;37;;;
200211;0000;37;;;
200212;0000;38;;;
200213;0000;25;;;
200214;0000;28;;;
200215;0000;23;;;
200216;0000;21;;;
200217;0000;15;;;
200218;0000;24;;;
200219;0000;33;;;
200220;0000;37;;;
200221;0000;56;;;
200222;0000;47;;;
200223;0000;42;;;
200224;0000;34;;;
200225;0000;29;;;
200226;0000;36;;;
200227;0000;39;;;
200228;0000;35;;;
200229;0000;38;;;
200301;0000;38;;;
200302;0000;39;;;
200303;0000;41;;;
200304;0000;55;;;
200305;0000;51;;;
200306;0000;34;;;
200307;0000;32;;;
200308;0000;38;;;
200309;0000;40;;;
200310;0000;41;;;
200311;0000;28;;;
200312;0000;25;;;
200313;0000;19;;;
200314;0000;37;;;
200315;0000;28;;;
200316;0000;40;;;
200317;0000;28;;;
200318;0000;30;;;
200319;0000;37;;;
200320;0000;47;;;
200321;0000;44;;;
200322;0000;26;;;
200323;0000;30;;;
200324;0000;13;;;
200325;0000;22;;;
200326;0000;30;;;
200327;0000;34;;;
200328;0000;32;;;
200329;0000;18;;;
200330;0000;26;;;
200331;0000;30;;;
200401;0000;55;;;
200402;0000;38;;;
200403;0000;33;;;
200404;0000;21;;;
200405;0000;18;;;
200406;0000;34;;;
200407;0000;72;;;
200408;0000;50;;;
200409;0000;54;;;
200410;0000;73;;;
200411;0000;22;;;
200412;0000;25;;;
200413;0000;44;;;
200414;0000;63;;;
200415;0000;44;;;
200416;0000;38;;;
200417;0000;49;;;
200418;0000;18;;;
200419;0000;21;;;
200420;0000;31;;;
200421;0000;51;;;
200422;0000;86;;;
200423;0000;51;;;
200424;0000;11;;;
200425;0000;51;;;
200426;0000;34;;;
200427;0000;25;;;
200428;0000;22;;;
200429;0000;32;;;
200430;0000;70;;;
200501;0000;77;;;
200502;0000;48;;;
200503;0000;28;;;
200504;0000;42;;;
200505;0000;23;;;
200506;0000;34;;;
200507;0000;139;;;
200508;0000;91;;;
200509;0000;26;;;
200510;0000;38;;;
200511;0000;23;;;
200512;0000;22;;;
200513;0000;32;;;
200514;0000;88;;;
200515;0000;52;;;
200516;0000;29;;;
200517;0000;73;;;
200518;0000;46;;;
200519;0000;36;;;
200520;0000;84;;;
200521;0000;73;;;
200522;0000;103;;;
200523;0000;59;;;
200524;0000;59;;;
200525;0000;81;;;
200526;0000;84;;;
200527;0000;24;;;
200528;0000;42;;;
200529;0000;40;;;
200530;0000;30;;;
200531;0000;75;;;
200601;0000;172;;;
200602;0000;139;;;
200603;0000;78;;;
200604;0000;168;;;
200605;0000;87;;;
200606;0000;68;;;
200607;0000;68;;;
200608;0000;48;;;
200609;0000;91;;;
200610;0000;53;;;
200611;0000;23;;;
200612;0000;74;;;
200613;0000;78;;;
200614;0000;78;;;
200615;0000;34;;;
200616;0000;23;;;
200617;0000;19;;;
200618;0000;19;;;
200619;0000;54;;;
200620;0000;42;;;
200621;0000;52;;;
200622;0000;30;;;
200623;0000;32;;;
200624;0000;20;;;
200625;0000;103;;;
200626;0000;77;;;
200627;0000;58;;;
200628;0000;20;;;
200629;0000;22;;;
200630;0000;34;;;
200701;0000;81;;;
200702;0000;75;;;
200703;0000;68;;;
200704;0000;52;;;
200705;0000;47;;;
200706;0000;112;;;
200707;0000;101;;;
200708;0000;68;;;
200709;0000;32;;;
200710;0000;100;;;
200711;0000;113;;;
200712;0000;44;;;
200713;0000;54;;;
200714;0000;226;;;
200715;0000;213;;;
200716;0000;53;;;
200717;0000;23;;;
200718;0000;17;;;
200719;0000;19;;;
200720;0000;14;;;
200721;0000;27;;;
200722;0000;111;;;
200723;0000;123;;;
200724;0000;123;;;
200725;0000;58;;;
200726;0000;57;;;
200727;0000;63;;;
200728;0000;38;;;
200729;0000;152;;;
200730;0000;115;;;
200731;0000;116;;;
200801;0000;45;;;
200802;0000;51;;;
200803;0000;98;;;
200804;0000;68;;;
200805;0000;43;;;
200806;0000;25;;;
200807;0000;39;;;
200808;0000;84;;;
200809;0000;69;;;
200810;0000;29;;;
200811;0000;16;;;
200812;0000;65;;;
200813;0000;46;;;
200814;0000;61;;;
200815;0000;47;;;
200816;0000;35;;;
200817;0000;44;;;
200818;0000;51;;;
200819;0000;22;;;
200820;0000;40;;;
200821;0000;155;;;
200822;0000;101;;;
200823;0000;34;;;
200824;0000;24;;;
200825;0000;16;;;
200826;0000;22;;;
200827;0000;;;38;
200828;0000;;;19;
200829;0000;;;12;
200830;0000;19;;;
200831;0000;74;;;
200901;0000;62;;;
200902;0000;54;;;
200903;0000;54;;;
200904;0000;41;;;
200905;0000;46;;;
200906;0000;38;;;
200907;0000;41;;;
200908;0000;23;;;
200909;0000;41;;;
200910;0000;42;;;
200911;0000;30;;;
200912;0000;30;;;
200913;0000;16;;;
200914;0000;32;;;
200915;0000;48;;;
200916;0000;29;;;
200917;0000;31;;;
200918;0000;17;;;
200919;0000;14;;;
200920;0000;33;;;
200921;0000;43;;;
200922;0000;28;;;
200923;0000;39;;;
200924;0000;49;;;
200925;0000;37;;;
200926;0000;39;;;
200927;0000;31;;;
200928;0000;30;;;
200929;0000;30;;;
200930;0000;19;;;
201001;0000;20;;;
201002;0000;21;;;
201003;0000;33;;;
201004;0000;27;;;
201005;0000;24;;;
201006;0000;22;;;
201007;0000;25;;;
201008;0000;25;;;
201009;0000;33;;;
201010;0000;22;;;
201011;0000;21;;;
201012;0000;26;;;
201013;0000;32;;;
201014;0000;32;;;
201015;0000;59;;;
201016;0000;46;;;
201017;0000;23;;;
201018;0000;21;;;
201019;0000;28;;;
201020;0000;31;;;
201021;0000;31;;;
201022;0000;37;;;
201023;0000;35;;;
201024;0000;18;;;
201025;0000;10;;;
201026;0000;16;;;
201027;0000;14;;;
201028;0000;9;;;
201029;0000;19;;;
201030;0000;37;;;
201031;0000;31;;;
201101;0000;15;;;
201102;0000;25;;;
201103;0000;29;;;
201104;0000;24;;;
201105;0000;34;;;
201106;0000;28;;;
201107;0000;29;;;
201108;0000;22;;;
201109;0000;35;;;
201110;0000;34;;;
201111;0000;28;;;
201112;0000;29;;;
201113;0000;32;;;
201114;0000;22;;;
201115;0000;19;;;
201116;0000;27;;;
201117;0000;28;;;
201118;0000;28;;;
201119;0000;24;;;
201120;0000;25;;;
201121;0000;23;;;
201122;0000;19;;;
201123;0000;26;;;
201124;0000;21;;;
201125;0000;19;;;
201126;0000;35;;;
201127;0000;28;;;
201128;0000;19;;;
201129;0000;22;;;
201130;0000;27;;;
201201;0000;33;;;
201202;0000;21;;;
201203;0000;36;;;
201204;0000;29;;;
201205;0000;39;;;
201206;0000;32;;;
201207;0000;25;;;
201208;0000;15;;;
201209;0000;26;;;
201210;0000;19;;;
201211;0000;19;;;
201212;0000;15;;;
201213;0000;9;;;
201214;0000;13;;;
201215;0000;22;;;
201216;0000;21;;;
201217;0000;24;;;
201218;0000;20;;;
201219;0000;16;;;
201220;0000;10;;;
201221;0000;19;;;
201222;0000;26;;;
201223;0000;19;;;
201224;0000;20;;;
201225;0000;16;;;
201226;0000;18;;;
201227;0000;23;;;
201228;0000;21;;;
201229;0000;23;;;
201230;0000;23;;;
201231;0000;20;;;
210101;0000;21;;;
210102;0000;26;;;
210103;0000;18;;;
210104;0000;26;;;
210105;0000;31;;;
210106;0000;31;;;
210107;0000;19;;;
210108;0000;29;;;
210109;0000;22;;;
210110;0000;14;;;
210111;0000;16;;;
210112;0000;22;;;
210113;0000;30;;;
210114;0000;26;;;
210115;0000;24;;;
210116;0000;24;;;
210117;0000;16;;;
210118;0000;26;;;
210119;0000;29;;;
210120;0000;;;;
210121;0000;;;;
210122;0000;35;;;
210123;0000;25;;;
210124;0000;23;;;
210125;0000;37;;;
210126;0000;35;;;
210127;0000;30;;;
210128;0000;16;;;
210129;0000;7;;;
210130;0000;6;;;
210131;0000;9;;;
210201;0000;12;;;
210202;0000;17;;;
210203;0000;28;;;
210204;0000;33;;;
210205;0000;17;;;
210206;0000;18;;;
210207;0000;16;;;
210208;0000;26;;;
210209;0000;28;;;
210210;0000;29;;;
210211;0000;24;;;
210212;0000;27;;;
210213;0000;27;;;
210214;0000;24;;;
210215;0000;26;;;
210216;0000;26;;;
210217;0000;21;;;
210218;0000;13;;;
210219;0000;13;;;
210220;0000;20;;;
210221;0000;23;;;
210222;0000;17;;;
210223;0000;27;;;
210224;0000;34;;;
210225;0000;30;;;
210226;0000;26;;;
210227;0000;22;;;
210228;0000;28;;;
210301;0000;32;;;
210302;0000;32;;;
210303;0000;30;;;
210304;0000;31;;;
210305;0000;35;;;
210306;0000;26;;;
210307;0000;17;;;
210308;0000;32;;;
210309;0000;45;;;
210310;0000;21;;;
210311;0000;16;;;
210312;0000;28;;;
210313;0000;38;;;
210314;0000;24;;;
210315;0000;17;;;
210316;0000;23;;;
210317;0000;36;;;
210318;0000;29;;;
210319;0000;29;;;
210320;0000;21;;;
210321;0000;28;;;
210322;0000;39;;;
210323;0000;35;;;
210324;0000;;;19;
210325;0000;;;0;
210326;0000;;;0;
210327;0000;;;13;
210328;0000;34;;;
210329;0000;41;;;
210330;0000;57;;;
210331;0000;43;;;
210401;0000;47;;;
210402;0000;25;;;
210403;0000;44;;;
210404;0000;62;;;
210405;0000;34;;;
210406;0000;50;;;
210407;0000;35;;;
210408;0000;39;;;
210409;0000;;;;
210410;0000;21;;;
210411;0000;16;;;
210412;0000;21;;;
210413;0000;39;;;
210414;0000;39;;;
210415;0000;27;;;
210416;0000;42;;;
210417;0000;53;;;
210418;0000;40;;;
210419;0000;44;;;
210420;0000;25;;;
210421;0000;20;;;
210422;0000;45;;;
210423;0000;48;;;
210424;0000;26;;;
210425;0000;29;;;
210426;0000;36;;;
210427;0000;50;;;
210428;0000;45;;;
210429;0000;56;;;
210430;0000;42;;;
210501;0000;19;;;
210502;0000;20;;;
210503;0000;34;;;
210504;0000;51;;;
210505;0000;121;;;
210506;0000;158;;;
210507;0000;63;;;
210508;0000;69;;;
210509;0000;22;;;
210510;0000;94;;;
210511;0000;129;;;
210512;0000;81;;;
210513;0000;148;;;
210514;0000;156;;;
210515;0000;107;;;
210516;0000;122;;;
210517;0000;179;;;
210518;0000;64;;;
210519;0000;20;;;
210520;0000;38;;;
210521;0000;102;;;
210522;0000;82;;;
210523;0000;30;;;
210524;0000;93;;;
210525;0000;164;;;
210526;0000;114;;;
210527;0000;54;;;
210528;0000;45;;;
210529;0000;58;;;
210530;0000;66;;;
210531;0000;29;;;
210601;0000;17;;;
210602;0000;56;;;
210603;0000;140;;;
210604;0000;65;;;
210605;0000;23;;;
210606;0000;76;;;
210607;0000;119;;;
210608;0000;29;;;
210609;0000;24;;;
210610;0000;78;;;
210611;0000;48;;;
210612;0000;38;;;
210613;0000;23;;;
210614;0000;27;;;
210615;0000;83;;;
210616;0000;69;;;
210617;0000;153;;;
210618;0000;120;;;
210619;0000;111;;;
210620;0000;72;;;
210621;0000;44;;;
210622;0000;29;;;
210623;0000;23;;;
210624;0000;19;;;
210625;0000;40;;;
210626;0000;42;;;
210627;0000;150;;;
210628;0000;278;;;
210629;0000;211;;;
210630;0000;158;;;
210701;0000;62;;;
210702;0000;25;;;
210703;0000;67;;;
210704;0000;82;;;
210705;0000;41;;;
210706;0000;43;;;
210707;0000;85;;;
210708;0000;73;;;
210709;0000;72;;;
210710;0000;48;;;
210711;0000;69;;;
210712;0000;49;;;
210713;0000;34;;;
210714;0000;85;;;
210715;0000;99;;;
210716;0000;79;;;
210717;0000;28;;;
210718;0000;23;;;
210719;0000;45;;;
210720;0000;52;;;
210721;0000;160;;;
210722;0000;47;;;
210723;0000;85;;;
210724;0000;84;;;
210725;0000;23;;;
210726;0000;16;;;
210727;0000;20;;;
210728;0000;53;;;
210729;0000;201;;;
210730;0000;92;;;
210731;0000;25;;;
210801;0000;38;;;
210802;0000;54;;;
210803;0000;117;;;
210804;0000;76;;;
210805;0000;56;;;
210806;0000;77;;;
210807;0000;22;;;
210808;0000;68;;;
210809;0000;61;;;
210810;0000;36;;;
210811;0000;77;;;
210812;0000;110;;;
210813;0000;95;;;
210814;0000;93;;;
210815;0000;62;;;
210816;0000;31;;;
210817;0000;19;;;
210818;0000;21;;;
210819;0000;21;;;
210820;0000;23;;;
210821;0000;16;;;
210822;0000;62;;;
210823;0000;79;;;
210824;0000;46;;;
210825;0000;42;;;
210826;0000;46;;;
210827;0000;50;;;
210828;0000;51;;;
210829;0000;32;;;
210830;0000;23;;;
210831;0000;31;;;
210901;0000;51;;;
210902;0000;64;;;
210903;0000;41;;;
210904;0000;36;;;
210905;0000;28;;;
210906;0000;31;;;
210907;0000;54;;;
210908;0000;51;;;
210909;0000;33;;;
210910;0000;60;;;
210911;0000;19;;;
210912;0000;14;;;
210913;0000;43;;;
210914;0000;33;;;
210915;0000;27;;;
210916;0000;21;;;
210917;0000;63;;;
210918;0000;47;;;
210919;0000;20;;;
210920;0000;21;;;
210921;0000;35;;;
210922;0000;35;;;
210923;0000;38;;;
210924;0000;42;;;
210925;0000;14;;;
210926;0000;15;;;
210927;0000;25;;;
210928;0000;41;;;
210929;0000;32;;;
210930;0000;12;;;
211001;0000;17;;;
211002;0000;9;;;
211003;0000;8;;;
211004;0000;17;;;
211005;0000;14;;;
211006;0000;31;;;
211007;0000;34;;;
211008;0000;30;;;
211009;0000;34;;;
211010;0000;27;;;
211011;0000;35;;;
211012;0000;33;;;
211013;0000;19;;;
211014;0000;21;;;
211015;0000;13;;;
211016;0000;11;;;
211017;0000;10;;;
211018;0000;20;;;
211019;0000;25;;;
211020;0000;21;;;
211021;0000;20;;;
211022;0000;19;;;
211023;0000;19;;;
211024;0000;14;;;
211025;0000;21;;;
211026;0000;20;;;
211027;0000;;;20;
211028;0000;;;30;
211029;0000;34;;;
211030;0000;35;;;
211031;0000;42;;;
211101;0000;26;;;
211102;0000;29;;;
211103;0000;25;;;
211104;0000;25;;;
211105;0000;23;;;
211106;0000;27;;;
211107;0000;18;;;
211108;0000;23;;;
211109;0000;26;;;
211110;0000;22;;;
211111;0000;28;;;
211112;0000;15;;;
211113;0000;19;;;
211114;0000;16;;;
211115;0000;15;;;
211116;0000;23;;;
211117;0000;23;;;
211118;0000;20;;;
211119;0000;26;;;
211120;0000;31;;;
211121;0000;18;;;
211122;0000;26;;;
211123;0000;29;;;
211124;0000;21;;;
211125;0000;24;;;
211126;0000;25;;;
211127;0000;19;;;
211128;0000;19;;;
211129;0000;25;;;
211130;0000;31;;;
211201;0000;26;;;
211202;0000;30;;;
211203;0000;31;;;
211204;0000;27;;;
211205;0000;30;;;
211206;0000;46;;;
211207;0000;29;;;
211208;0000;31;;;
211209;0000;41;;;
211210;0000;36;;;
211211;0000;12;;;
211212;0000;13;;;
211213;0000;19;;;
211214;0000;20;;;
211215;0000;31;;;
211216;0000;37;;;
211217;0000;24;;;
211218;0000;25;;;
211219;0000;24;;;
211220;0000;29;;;
211221;0000;40;;;
211222;0000;41;;;
211223;0000;25;;;
211224;0000;41;;;
211225;0000;33;;;
211226;0000;50;;;
211227;0000;40;;;
211228;0000;46;;;
211229;0000;25;;;
211230;0000;21;;;
211231;0000;22;;;
220101;0000;15;;;
220102;0000;9;;;
220103;0000;10;;;
220104;0000;16;;;
220105;0000;27;;;
220106;0000;36;;;
220107;0000;32;;;
220108;0000;30;;;
220109;0000;18;;;
220110;0000;26;;;
220111;0000;39;;;
220112;0000;31;;;
220113;0000;25;;;
220114;0000;25;;;
220115;0000;25;;;
220116;0000;18;;;
220117;0000;14;;;
220118;0000;23;;;
220119;0000;28;;;
220120;0000;27;;;
220121;0000;24;;;
220122;0000;17;;;
220123;0000;18;;;
220124;0000;17;;;
220125;0000;27;;;
220126;0000;32;;;
220127;0000;29;;;
220128;0000;19;;;
220129;0000;20;;;
220130;0000;17;;;
220131;0000;27;;;
220201;0000;34;;;
220202;0000;33;;;
220203;0000;30;;;
220204;0000;23;;;
220205;0000;24;;;
220206;0000;30;;;
220207;0000;50;;;
220208;0000;51;;;
220209;0000;63;;;
220210;0000;63;;;
220211;0000;75;;;
220212;0000;100;;;
220213;0000;56;;;
220214;0000;36;;;
220215;0000;26;;;
220216;0000;44;;;
220217;0000;45;;;
220218;0000;67;;;
220219;0000;39;;;
220220;0000;21;;;
220221;0000;44;;;
220222;0000;31;;;
220223;0000;25;;;
220224;0000;18;;;
220225;0000;29;;;
220226;0000;20;;;
220227;0000;19;;;
220228;0000;56;;;
220301;0000;31;;;
220302;0000;35;;;
220303;0000;39;;;
220304;0000;26;;;
220305;0000;23;;;
220306;0000;14;;;
220307;0000;14;;;
220308;0000;22;;;
220309;0000;30;;;
220310;0000;31;;;
220311;0000;42;;;
220312;0000;56;;;
220313;0000;40;;;
220314;0000;42;;;
220315;0000;49;;;
220316;0000;47;;;
220317;0000;32;;;
220318;0000;34;;;
220319;0000;54;;;
220320;0000;40;;;
220321;0000;19;;;
220322;0000;;;5;
220323;0000;;;0;
220324;0000;;;0;
220325;0000;;;23;
220326;0000;25;;;
220327;0000;16;;;
220328;0000;26;;;
220329;0000;27;;;
220330;0000;32;;;
220331;0000;38;;;
220401;0000;39;;;
220402;0000;26;;;
220403;0000;15;;;
220404;0000;22;;;
220405;0000;26;;;
220406;0000;31;;;
220407;0000;36;;;
220408;0000;28;;;
220409;0000;20;;;
220410;0000;32;;;
220411;0000;26;;;
220412;0000;29;;;
220413;0000;38;;;
220414;0000;63;;;
220415;0000;32;;;
220416;0000;56;;;
220417;0000;60;;;
220418;0000;33;;;
220419;0000;50;;;
220420;0000;33;;;
220421;0000;50;;;
220422;0000;17;;;
220423;0000;10;;;
220424;0000;20;;;
220425;0000;28;;;
220426;0000;23;;;
220427;0000;31;;;
220428;0000;25;;;
220429;0000;27;;;
220430;0000;26;;;
220501;0000;33;;;
220502;0000;18;;;
220503;0000;24;;;
220504;0000;70;;;
220505;0000;86;;;
220506;0000;45;;;
220507;0000;62;;;
220508;0000;49;;;
220509;0000;66;;;
220510;0000;54;;;
220511;0000;137;;;
220512;0000;85;;;
220513;0000;21;;;
220514;0000;91;;;
220515;0000;153;;;
220516;0000;243;;;
220517;0000;70;;;
220518;0000;45;;;
220519;0000;36;;;
220520;0000;71;;;
220521;0000;100;;;
220522;0000;27;;;
220523;0000;26;;;
220524;0000;31;;;
220525;0000;24;;;
220526;0000;53;;;
220527;0000;70;;;
220528;0000;39;;;
220529;0000;44;;;
220530;0000;164;;;
220531;0000;;;184;
220601;0000;97;;;
220602;0000;62;;;
220603;0000;16;;;
220604;0000;17;;;
220605;0000;43;;;
220606;0000;25;;;
220607;0000;41;;;
220608;0000;56;;;
220609;0000;47;;;
220610;0000;139;;;
220611;0000;239;;;
220612;0000;64;;;
220613;0000;39;;;
220614;0000;30;;;
220615;0000;80;;;
220616;0000;33;;;
220617;0000;72;;;
220618;0000;72;;;
220619;0000;79;;;
220620;0000;64;;;
220621;0000;73;;;
220622;0000;78;;;
220623;0000;15;;;
220624;0000;91;;;
220625;0000;82;;;
220626;0000;80;;;
220627;0000;58;;;
220628;0000;33;;;
220629;0000;74;;;
220630;0000;53;;;
220701;0000;27;;;
220702;0000;32;;;
220703;0000;83;;;
220704;0000;55;;;
220705;0000;24;;;
220706;0000;25;;;
220707;0000;102;;;
220708;0000;47;;;
220709;0000;19;;;
220710;0000;34;;;
220711;0000;55;;;
220712;0000;18;;;
220713;0000;30;;;
220714;0000;24;;;
220715;0000;61;;;
220716;0000;36;;;
220717;0000;28;;;
220718;0000;91;;;
220719;0000;96;;;
220720;0000;121;;;
220721;0000;83;;;
220722;0000;92;;;
220723;0000;47;;;
220724;0000;47;;;
220725;0000;19;;;
220726;0000;33;;;
220727;0000;79;;;
220728;0000;36;;;
220729;0000;39;;;
220730;0000;65;;;
220731;0000;87;;;
220801;0000;56;;;
220802;0000;39;;;
220803;0000;52;;;
220804;0000;117;;;
220805;0000;52;;;
220806;0000;24;;;
220807;0000;21;;;
220808;0000;37;;;
220809;0000;81;;;
220810;0000;119;;;
220811;0000;93;;;
220812;0000;22;;;
220813;0000;16;;;
220814;0000;22;;;
220815;0000;15;;;
220816;0000;32;;;
220817;0000;114;;;
220818;0000;34;;;
220819;0000;27;;;
220820;0000;24;;;
220821;0000;73;;;
220822;0000;43;;;
220823;0000;47;;;
220824;0000;46;;;
220825;0000;26;;;
220826;0000;27;;;
220827;0000;22;;;
220828;0000;34;;;
220829;0000;70;;;
220830;0000;47;;;
220831;0000;46;;;
220901;0000;28;;;
220902;0000;32;;;
220903;0000;33;;;
220904;0000;28;;;
220905;0000;98;;;
220906;0000;52;;;
220907;0000;17;;;
220908;0000;39;;;
220909;0000;25;;;
220910;0000;64;;;
220911;0000;36;;;
220912;0000;39;;;
220913;0000;53;;;
220914;0000;62;;;
220915;0000;44;;;
220916;0000;23;;;
220917;0000;19;;;
220918;0000;27;;;
220919;0000;28;;;
220920;0000;22;;;
220921;0000;22;;;
220922;0000;18;;;
220923;0000;16;;;
220924;0000;21;;;
220925;0000;19;;;
220926;0000;19;;;
220927;0000;25;;;
220928;0000;44;;;
220929;0000;34;;;
220930;0000;37;;;
221001;0000;51;;;
221002;0000;44;;;
221003;0000;31;;;
221004;0000;38;;;
221005;0000;24;;;
221006;0000;27;;;
221007;0000;17;;;
221008;0000;12;;;
221009;0000;14;;;
221010;0000;22;;;
221011;0000;28;;;
221012;0000;28;;;
221013;0000;23;;;
221014;0000;23;;;
221015;0000;26;;;
221016;0000;16;;;
221017;0000;26;;;
221018;0000;20;;;
221019;0000;28;;;
221020;0000;18;;;
221021;0000;18;;;
221022;0000;27;;;
221023;0000;21;;;
221024;0000;22;;;
221025;0000;20;;;
221026;0000;11;;;
221027;0000;19;;;
221028;0000;18;;;
221029;0000;11;;;
221030;0000;17;;;
221031;0000;9;;;
221101;0000;17;;;
221102;0000;38;;;
221103;0000;34;;;
221104;0000;30;;;
221105;0000;26;;;
221106;0000;26;;;
221107;0000;32;;;
221108;0000;35;;;
221109;0000;16;;;
221110;0000;10;;;
221111;0000;13;;;
221112;0000;9;;;
221113;0000;11;;;
221114;0000;12;;;
221115;0000;15;;;
221116;0000;20;;;
221117;0000;24;;;
221118;0000;15;;;
221119;0000;16;;;
221120;0000;16;;;
221121;0000;27;;;
221122;0000;25;;;
221123;0000;22;;;
221124;0000;26;;;
221125;0000;35;;;
221126;0000;30;;;
221127;0000;28;;;
221128;0000;22;;;
221129;0000;23;;;
221130;0000;22;;;
221201;0000;29;;;
221202;0000;28;;;
221203;0000;19;;;
221204;0000;19;;;
221205;0000;25;;;
221206;0000;25;;;
221207;0000;25;;;
221208;0000;9;;;
221209;0000;13;;;
221210;0000;21;;;
221211;0000;27;;;
221212;0000;26;;;
221213;0000;22;;;
221214;0000;20;;;
221215;0000;37;;;
221216;0000;30;;;
221217;0000;24;;;
221218;0000;15;;;
221219;0000;19;;;
221220;0000;17;;;
221221;0000;18;;;
221222;0000;20;;;
221223;0000;31;;;
221224;0000;30;;;
221225;0000;28;;;
221226;0000;24;;;
221227;0000;28;;;
221228;0000;36;;;
221229;0000;32;;;
221230;0000;43;;;
221231;0000;36;;;
230101;0000;22;;;
230102;0000;18;;;
230103;0000;29;;;
230104;0000;28;;;
230105;0000;30;;;
230106;0000;24;;;
230107;0000;18;;;
230108;0000;18;;;
230109;0000;19;;;
230110;0000;22;;;
230111;0000;38;;;
230112;0000;26;;;
230113;0000;25;;;
230114;0000;24;;;
230115;0000;16;;;
230116;0000;31;;;
230117;0000;33;;;
230118;0000;45;;;
230119;0000;32;;;
230120;0000;29;;;
230121;0000;24;;;
230122;0000;18;;;
230123;0000;31;;;
230124;0000;12;;;
230125;0000;18;;;
230126;0000;21;;;
230127;0000;20;;;
230128;0000;30;;;
230129;0000;20;;;
230130;0000;26;;;
230131;0000;31;;;
230201;0000;45;;;
230202;0000;86;;;
230203;0000;183;;;
230204;0000;515;;;
230205;0000;303;;;
230206;0000;152;;;
230207;0000;157;;;
230208;0000;221;;;
230209;0000;117;;;
230210;0000;64;;;
230211;0000;70;;;
230212;0000;55;;;
230213;0000;27;;;
230214;0000;42;;;
230215;0000;39;;;
230216;0000;41;;;
230217;0000;49;;;
230218;0000;72;;;
230219;0000;77;;;
230220;0000;82;;;
230221;0000;58;;;
230222;0000;72;;;
230223;0000;48;;;
230224;0000;44;;;
230225;0000;34;;;
230226;0000;34;;;
230227;0000;39;;;
230228;0000;47;;;
230301;0000;35;;;
230302;0000;52;;;
230303;0000;32;;;
230304;0000;31;;;
230305;0000;30;;;
230306;0000;26;;;
230307;0000;26;;;
230308;0000;20;;;
230309;0000;40;;;
230310;0000;38;;;
230311;0000;38;;;
230312;0000;19;;;
230313;0000;24;;;
230314;0000;30;;;
230315;0000;30;;;
230316;0000;29;;;
230317;0000;28;;;
230318;0000;26;;;
230319;0000;21;;;
230320;0000;41;;;
230321;0000;;;29;
230322;0000;;;0;
230323;0000;;;1;
230324;0000;;;32;
230325;0000;55;;;
230326;0000;45;;;
230327;0000;53;;;
230328;0000;28;;;
230329;0000;28;;;
230330;0000;40;;;
230331;0000;56;;;
230401;0000;;50;;
230402;0000;;40;;
230403;0000;;40;;
230404;0000;;56;;
230405;0000;;41;;
230406;0000;;34;;
230407;0000;;31;;
230408;0000;;66;;
230409;0000;;57;;
230410;0000;;48;;
230411;0000;;21;;
230412;0000;;31;;
230413;0000;;26;;
230414;0000;;58;;
230415;0000;;83;;
230416;0000;;70;;
230417;0000;;32;;
230418;0000;;46;;
230419;0000;;52;;
230420;0000;;59;;
230421;0000;;19;;
230422;0000;;49;;
230423;0000;;78;;
230424;0000;;65;;
230425;0000;;81;;
230426;0000;;150;;
230427;0000;;115;;
230428;0000;;80;;
230429;0000;;9;;
230430;0000;;24;;
230501;0000;;17;;
230502;0000;;24;;
230503;0000;;30;;
230504;0000;;56;;
230505;0000;;42;;
230506;0000;;88;;
230507;0000;;41;;
230508;0000;;40;;
230509;0000;;43;;
230510;0000;;66;;
230511;0000;;62;;
230512;0000;;39;;
230513;0000;;31;;
230514;0000;;30;;
230515;0000;;35;;
230516;0000;;58;;
230517;0000;;30;;
230518;0000;;80;;
230519;0000;;58;;
230520;0000;;70;;
230521;0000;;19;;
230522;0000;;15;;
230523;0000;;20;;
230524;0000;;21;;
230525;0000;;46;;
230526;0000;;43;;
230527;0000;;93;;
230528;0000;;108;;
230529;0000;;111;;
230530;0000;;101;;
230531;0000;;42;;
230601;0000;;25;;
230602;0000;;25;;
230603;0000;;45;;
230604;0000;;75;;
230605;0000;;165;;
230606;0000;;48;;
230607;0000;;47;;
230608;0000;;18;;
230609;0000;;49;;
230610;0000;;22;;
230611;0000;;14;;
230612;0000;;35;;
230613;0000;;176;;
230614;0000;;107;;
230615;0000;;65;;
230616;0000;;41;;
230617;0000;;158;;
230618;0000;;137;;
230619;0000;;122;;
230620;0000;;101;;
230621;0000;;34;;
230622;0000;;16;;
230623;0000;;14;;
230624;0000;;19;;
230625;0000;;19;;
230626;0000;;30;;
230627;0000;;49;;
230628;0000;;45;;
230629;0000;;144;;
230630;0000;;93;;
230701;0000;;74;;
230702;0000;;13;;
230703;0000;;42;;
230704;0000;;18;;
230705;0000;;50;;
230706;0000;;52;;
230707;0000;;30;;
230708;0000;;39;;
230709;0000;;83;;
230710;0000;;59;;
230711;0000;;83;;
230712;0000;;79;;
230713;0000;;116;;
230714;0000;;157;;
230715;0000;;27;;
230716;0000;;41;;
230717;0000;;165;;
230718;0000;;138;;
230719;0000;;101;;
230720;0000;;36;;
230721;0000;;16;;
230722;0000;;35;;
230723;0000;;38;;
230724;0000;;43;;
230725;0000;;61;;
230726;0000;;72;;
230727;0000;;58;;
230728;0000;;122;;
230729;0000;;175;;
230730;0000;;81;;
230731;0000;;34;;
230801;0000;;29;;
230802;0000;;17;;
230803;0000;;19;;
230804;0000;;71;;
230805;0000;;57;;
230806;0000;;64;;
